PROKKA_ERR478985_bin.4.faa_PKLAMJHL_00066	4cc0bc28ba35203007a97fd0e2468395	138	Pfam	PF07922	Glycosyltransferase family 52	4	110	2.4E-11	T	10-12-2025	IPR012477	Glycosyltransferase family 52	-	-
PROKKA_ERR478985_bin.4.faa_PKLAMJHL_00066	4cc0bc28ba35203007a97fd0e2468395	138	Gene3D	G3DSA:3.40.50.11110	-	3	137	1.6E-12	T	10-12-2025	-	-	-	-
PROKKA_ERR478984_bin.9.faa_ODGKJLEI_01096	4cc0bc28ba35203007a97fd0e2468395	138	Pfam	PF07922	Glycosyltransferase family 52	4	110	2.4E-11	T	10-12-2025	IPR012477	Glycosyltransferase family 52	-	-
PROKKA_ERR478984_bin.9.faa_ODGKJLEI_01096	4cc0bc28ba35203007a97fd0e2468395	138	Gene3D	G3DSA:3.40.50.11110	-	3	137	1.6E-12	T	10-12-2025	-	-	-	-
PROKKA_ERR479042_bin.12.faa_GGPNACCN_01869	39624c73caa8efc21a394cfd21cca80f	318	Gene3D	G3DSA:3.40.50.11110	-	175	286	3.3E-5	T	10-12-2025	-	-	-	-
PROKKA_ERR479042_bin.12.faa_GGPNACCN_01869	39624c73caa8efc21a394cfd21cca80f	318	Pfam	PF07922	Glycosyltransferase family 52	68	270	4.1E-10	T	10-12-2025	IPR012477	Glycosyltransferase family 52	-	-
PROKKA_ERR479138_bin.24.faa_LCLDOIPG_01874	d8f9e82f194941c3c6e68ba2b1f013e2	361	Gene3D	G3DSA:3.40.50.11110	-	218	329	3.8E-5	T	10-12-2025	-	-	-	-
PROKKA_ERR479138_bin.24.faa_LCLDOIPG_01874	d8f9e82f194941c3c6e68ba2b1f013e2	361	Pfam	PF07922	Glycosyltransferase family 52	114	313	9.6E-10	T	10-12-2025	IPR012477	Glycosyltransferase family 52	-	-
PROKKA_ERR479286_bin.8.faa_NIFKOKJG_01119	d8f9e82f194941c3c6e68ba2b1f013e2	361	Gene3D	G3DSA:3.40.50.11110	-	218	329	3.8E-5	T	10-12-2025	-	-	-	-
PROKKA_ERR479286_bin.8.faa_NIFKOKJG_01119	d8f9e82f194941c3c6e68ba2b1f013e2	361	Pfam	PF07922	Glycosyltransferase family 52	114	313	9.6E-10	T	10-12-2025	IPR012477	Glycosyltransferase family 52	-	-
PROKKA_ERR479287_bin.14.faa_NDHIJLOM_00851	d8f9e82f194941c3c6e68ba2b1f013e2	361	Gene3D	G3DSA:3.40.50.11110	-	218	329	3.8E-5	T	10-12-2025	-	-	-	-
PROKKA_ERR479287_bin.14.faa_NDHIJLOM_00851	d8f9e82f194941c3c6e68ba2b1f013e2	361	Pfam	PF07922	Glycosyltransferase family 52	114	313	9.6E-10	T	10-12-2025	IPR012477	Glycosyltransferase family 52	-	-
PROKKA_ERR479288_bin.6.faa_KPMNKKPD_01142	d8f9e82f194941c3c6e68ba2b1f013e2	361	Gene3D	G3DSA:3.40.50.11110	-	218	329	3.8E-5	T	10-12-2025	-	-	-	-
PROKKA_ERR479288_bin.6.faa_KPMNKKPD_01142	d8f9e82f194941c3c6e68ba2b1f013e2	361	Pfam	PF07922	Glycosyltransferase family 52	114	313	9.6E-10	T	10-12-2025	IPR012477	Glycosyltransferase family 52	-	-
PROKKA_ERR479289_bin.13.faa_BKMHKPHH_01346	d8f9e82f194941c3c6e68ba2b1f013e2	361	Gene3D	G3DSA:3.40.50.11110	-	218	329	3.8E-5	T	10-12-2025	-	-	-	-
PROKKA_ERR479289_bin.13.faa_BKMHKPHH_01346	d8f9e82f194941c3c6e68ba2b1f013e2	361	Pfam	PF07922	Glycosyltransferase family 52	114	313	9.6E-10	T	10-12-2025	IPR012477	Glycosyltransferase family 52	-	-
PROKKA_ERR479182_bin.34.faa_GJNDFKHB_00272	ee584ff57211999b85b616796420c36a	322	Pfam	PF07922	Glycosyltransferase family 52	199	284	6.9E-5	T	10-12-2025	IPR012477	Glycosyltransferase family 52	-	-
PROKKA_ERR479136_bin.25.faa_GPEMLBHP_01070	f096e8d35ad4506b2450b1f147f6155a	346	Coils	Coil	Coil	204	231	-	T	10-12-2025	-	-	-	-
PROKKA_ERR479136_bin.25.faa_GPEMLBHP_01070	f096e8d35ad4506b2450b1f147f6155a	346	Pfam	PF07922	Glycosyltransferase family 52	85	311	2.8E-9	T	10-12-2025	IPR012477	Glycosyltransferase family 52	-	-
PROKKA_ERR479049_bin.27.faa_PLGEJJMN_00828	0c2805edaaed26a48f229bcb06ec6432	361	Coils	Coil	Coil	219	246	-	T	10-12-2025	-	-	-	-
PROKKA_ERR479049_bin.27.faa_PLGEJJMN_00828	0c2805edaaed26a48f229bcb06ec6432	361	Pfam	PF07922	Glycosyltransferase family 52	102	326	3.2E-9	T	10-12-2025	IPR012477	Glycosyltransferase family 52	-	-
PROKKA_ERR479137_bin.7.faa_LBMLLFKJ_00953	0c2805edaaed26a48f229bcb06ec6432	361	Coils	Coil	Coil	219	246	-	T	10-12-2025	-	-	-	-
PROKKA_ERR479137_bin.7.faa_LBMLLFKJ_00953	0c2805edaaed26a48f229bcb06ec6432	361	Pfam	PF07922	Glycosyltransferase family 52	102	326	3.2E-9	T	10-12-2025	IPR012477	Glycosyltransferase family 52	-	-
PROKKA_ERR479037_bin.20.faa_EGKMFEJF_01262	0c2805edaaed26a48f229bcb06ec6432	361	Coils	Coil	Coil	219	246	-	T	10-12-2025	-	-	-	-
PROKKA_ERR479037_bin.20.faa_EGKMFEJF_01262	0c2805edaaed26a48f229bcb06ec6432	361	Pfam	PF07922	Glycosyltransferase family 52	102	326	3.2E-9	T	10-12-2025	IPR012477	Glycosyltransferase family 52	-	-
PROKKA_ERR479051_bin.8.faa_CBDAFKHH_00182	0c2805edaaed26a48f229bcb06ec6432	361	Coils	Coil	Coil	219	246	-	T	10-12-2025	-	-	-	-
PROKKA_ERR479051_bin.8.faa_CBDAFKHH_00182	0c2805edaaed26a48f229bcb06ec6432	361	Pfam	PF07922	Glycosyltransferase family 52	102	326	3.2E-9	T	10-12-2025	IPR012477	Glycosyltransferase family 52	-	-
PROKKA_ERR479161_bin.20.faa_ANNBNCNC_01786	0c2805edaaed26a48f229bcb06ec6432	361	Coils	Coil	Coil	219	246	-	T	10-12-2025	-	-	-	-
PROKKA_ERR479161_bin.20.faa_ANNBNCNC_01786	0c2805edaaed26a48f229bcb06ec6432	361	Pfam	PF07922	Glycosyltransferase family 52	102	326	3.2E-9	T	10-12-2025	IPR012477	Glycosyltransferase family 52	-	-
PROKKA_ERR479296_bin.7.faa_CFJBMEFF_01233	0c2805edaaed26a48f229bcb06ec6432	361	Coils	Coil	Coil	219	246	-	T	10-12-2025	-	-	-	-
PROKKA_ERR479296_bin.7.faa_CFJBMEFF_01233	0c2805edaaed26a48f229bcb06ec6432	361	Pfam	PF07922	Glycosyltransferase family 52	102	326	3.2E-9	T	10-12-2025	IPR012477	Glycosyltransferase family 52	-	-
PROKKA_ERR479106_bin.3.faa_OIKDCODN_01934	0c2805edaaed26a48f229bcb06ec6432	361	Coils	Coil	Coil	219	246	-	T	10-12-2025	-	-	-	-
PROKKA_ERR479106_bin.3.faa_OIKDCODN_01934	0c2805edaaed26a48f229bcb06ec6432	361	Pfam	PF07922	Glycosyltransferase family 52	102	326	3.2E-9	T	10-12-2025	IPR012477	Glycosyltransferase family 52	-	-
PROKKA_ERR479038_bin.13.faa_OAKKCFDN_00839	0c2805edaaed26a48f229bcb06ec6432	361	Coils	Coil	Coil	219	246	-	T	10-12-2025	-	-	-	-
PROKKA_ERR479038_bin.13.faa_OAKKCFDN_00839	0c2805edaaed26a48f229bcb06ec6432	361	Pfam	PF07922	Glycosyltransferase family 52	102	326	3.2E-9	T	10-12-2025	IPR012477	Glycosyltransferase family 52	-	-
PROKKA_ERR479105_bin.17.faa_IOPOIPDB_00802	0c2805edaaed26a48f229bcb06ec6432	361	Coils	Coil	Coil	219	246	-	T	10-12-2025	-	-	-	-
PROKKA_ERR479105_bin.17.faa_IOPOIPDB_00802	0c2805edaaed26a48f229bcb06ec6432	361	Pfam	PF07922	Glycosyltransferase family 52	102	326	3.2E-9	T	10-12-2025	IPR012477	Glycosyltransferase family 52	-	-
PROKKA_ERR479169_bin.24.faa_FGCKDGJD_00920	0c2805edaaed26a48f229bcb06ec6432	361	Coils	Coil	Coil	219	246	-	T	10-12-2025	-	-	-	-
PROKKA_ERR479169_bin.24.faa_FGCKDGJD_00920	0c2805edaaed26a48f229bcb06ec6432	361	Pfam	PF07922	Glycosyltransferase family 52	102	326	3.2E-9	T	10-12-2025	IPR012477	Glycosyltransferase family 52	-	-
PROKKA_ERR479298_bin.28.faa_LIOIDLGO_00384	0c2805edaaed26a48f229bcb06ec6432	361	Coils	Coil	Coil	219	246	-	T	10-12-2025	-	-	-	-
PROKKA_ERR479298_bin.28.faa_LIOIDLGO_00384	0c2805edaaed26a48f229bcb06ec6432	361	Pfam	PF07922	Glycosyltransferase family 52	102	326	3.2E-9	T	10-12-2025	IPR012477	Glycosyltransferase family 52	-	-
PROKKA_ERR479018_bin.17.faa_HOKOEMDM_01127	8de5a1f0d4c7e74e91ebe0f1d57c3639	324	Gene3D	G3DSA:3.40.50.11110	-	189	322	6.1E-11	T	10-12-2025	-	-	-	-
PROKKA_ERR479018_bin.17.faa_HOKOEMDM_01127	8de5a1f0d4c7e74e91ebe0f1d57c3639	324	Pfam	PF07922	Glycosyltransferase family 52	101	298	3.3E-17	T	10-12-2025	IPR012477	Glycosyltransferase family 52	-	-
PROKKA_ERR479285_bin.17.faa_HHHDKOPH_00155	7af8e185b8ddcd1913b00ac4364b6158	361	Coils	Coil	Coil	226	246	-	T	10-12-2025	-	-	-	-
PROKKA_ERR479285_bin.17.faa_HHHDKOPH_00155	7af8e185b8ddcd1913b00ac4364b6158	361	Gene3D	G3DSA:3.40.50.11110	-	218	329	3.9E-5	T	10-12-2025	-	-	-	-
PROKKA_ERR479285_bin.17.faa_HHHDKOPH_00155	7af8e185b8ddcd1913b00ac4364b6158	361	Pfam	PF07922	Glycosyltransferase family 52	114	313	4.8E-10	T	10-12-2025	IPR012477	Glycosyltransferase family 52	-	-
PROKKA_ERR479063_bin.26.faa_MGAHLFLM_01892	1f52afea39b469aea2671dfc343abaa5	361	Coils	Coil	Coil	226	246	-	T	10-12-2025	-	-	-	-
PROKKA_ERR479063_bin.26.faa_MGAHLFLM_01892	1f52afea39b469aea2671dfc343abaa5	361	Gene3D	G3DSA:3.40.50.11110	-	218	329	1.8E-5	T	10-12-2025	-	-	-	-
PROKKA_ERR479063_bin.26.faa_MGAHLFLM_01892	1f52afea39b469aea2671dfc343abaa5	361	Pfam	PF07922	Glycosyltransferase family 52	115	313	7.4E-10	T	10-12-2025	IPR012477	Glycosyltransferase family 52	-	-
PROKKA_ERR479071_bin.24.faa_KIKJLEAO_01055	011b5e3845c7d1d1acf41db2d4e83f11	361	Pfam	PF07922	Glycosyltransferase family 52	114	313	1.1E-9	T	10-12-2025	IPR012477	Glycosyltransferase family 52	-	-
PROKKA_ERR479090_bin.23.faa_LOHLGNPJ_01859	56d27525788344b54eb444336a8d44d0	361	Gene3D	G3DSA:3.40.50.11110	-	218	329	3.8E-5	T	10-12-2025	-	-	-	-
PROKKA_ERR479090_bin.23.faa_LOHLGNPJ_01859	56d27525788344b54eb444336a8d44d0	361	Pfam	PF07922	Glycosyltransferase family 52	115	313	1.0E-9	T	10-12-2025	IPR012477	Glycosyltransferase family 52	-	-
PROKKA_ERR479075_bin.34.faa_DMGMADME_00767	b5e24640262490f7cfe3c3560407e70c	362	Pfam	PF07388	Alpha-2,8-polysialyltransferase (POLYST)	3	317	1.4E-14	T	10-12-2025	IPR010866	Alpha-2,8-polysialyltransferase	-	-
PROKKA_ERR478964_bin.21.faa_HJOJPMGA_01199	87b631404e552d852d98831962f5e140	361	Pfam	PF07922	Glycosyltransferase family 52	114	326	3.2E-8	T	10-12-2025	IPR012477	Glycosyltransferase family 52	-	-
PROKKA_ERR479211_bin.2.faa_AJLLKPBM_00345	87b631404e552d852d98831962f5e140	361	Pfam	PF07922	Glycosyltransferase family 52	114	326	3.2E-8	T	10-12-2025	IPR012477	Glycosyltransferase family 52	-	-
PROKKA_ERR478966_bin.19.faa_PROKKA_ERR478966_bin.19.faa_IHOGOPPG_01087	87b631404e552d852d98831962f5e140	361	Pfam	PF07922	Glycosyltransferase family 52	114	326	3.2E-8	T	10-12-2025	IPR012477	Glycosyltransferase family 52	-	-
PROKKA_ERR478965_bin.13.faa_EAOLCAHB_00759	87b631404e552d852d98831962f5e140	361	Pfam	PF07922	Glycosyltransferase family 52	114	326	3.2E-8	T	10-12-2025	IPR012477	Glycosyltransferase family 52	-	-
PROKKA_ERR479210_bin.4.faa_FEJDMPFJ_00932	87b631404e552d852d98831962f5e140	361	Pfam	PF07922	Glycosyltransferase family 52	114	326	3.2E-8	T	10-12-2025	IPR012477	Glycosyltransferase family 52	-	-
PROKKA_ERR479212_bin.15.faa_LGBMLJPH_00793	87b631404e552d852d98831962f5e140	361	Pfam	PF07922	Glycosyltransferase family 52	114	326	3.2E-8	T	10-12-2025	IPR012477	Glycosyltransferase family 52	-	-
PROKKA_ERR479209_bin.16.faa_ECOCIFAB_01320	87b631404e552d852d98831962f5e140	361	Pfam	PF07922	Glycosyltransferase family 52	114	326	3.2E-8	T	10-12-2025	IPR012477	Glycosyltransferase family 52	-	-
PROKKA_ERR479139_bin.17.faa_LKMCEEPB_02886	4ab1a6879a34c2387da69cc6fec4dac4	309	Pfam	PF07922	Glycosyltransferase family 52	53	270	2.8E-10	T	10-12-2025	IPR012477	Glycosyltransferase family 52	-	-
PROKKA_ERR479097_bin.17.faa_DBDBOGDB_00419	6395e935b98eed1e906ee7ce926c35e6	361	Coils	Coil	Coil	226	246	-	T	10-12-2025	-	-	-	-
PROKKA_ERR479097_bin.17.faa_DBDBOGDB_00419	6395e935b98eed1e906ee7ce926c35e6	361	Gene3D	G3DSA:3.40.50.11110	-	218	329	1.8E-5	T	10-12-2025	-	-	-	-
PROKKA_ERR479097_bin.17.faa_DBDBOGDB_00419	6395e935b98eed1e906ee7ce926c35e6	361	Pfam	PF07922	Glycosyltransferase family 52	114	313	5.0E-10	T	10-12-2025	IPR012477	Glycosyltransferase family 52	-	-
PROKKA_ERR479149_bin.16.faa_OBOABHCJ_00080	a13bfb5d6b6d8ffddca211f7ebe0264c	322	Pfam	PF07922	Glycosyltransferase family 52	199	284	2.8E-5	T	10-12-2025	IPR012477	Glycosyltransferase family 52	-	-
PROKKA_ERR479254_bin.83.faa_KDOMILPJ_00677	9f080039865cd65e2a5610ceb5cd1eb1	361	Pfam	PF07922	Glycosyltransferase family 52	114	313	1.9E-9	T	10-12-2025	IPR012477	Glycosyltransferase family 52	-	-
PROKKA_ERR478983_bin.6.faa_GNHPGAGM_00950	ebd53190696732d71b4be4e0813b24b9	361	Pfam	PF07922	Glycosyltransferase family 52	102	326	2.7E-9	T	10-12-2025	IPR012477	Glycosyltransferase family 52	-	-
PROKKA_ERR478983_bin.6.faa_GNHPGAGM_00950	ebd53190696732d71b4be4e0813b24b9	361	Coils	Coil	Coil	219	246	-	T	10-12-2025	-	-	-	-
PROKKA_ERR478980_bin.30.faa_CBKDMJJL_00241	ebd53190696732d71b4be4e0813b24b9	361	Pfam	PF07922	Glycosyltransferase family 52	102	326	2.7E-9	T	10-12-2025	IPR012477	Glycosyltransferase family 52	-	-
PROKKA_ERR478980_bin.30.faa_CBKDMJJL_00241	ebd53190696732d71b4be4e0813b24b9	361	Coils	Coil	Coil	219	246	-	T	10-12-2025	-	-	-	-
PROKKA_ERR478981_bin.11.faa_DLDDOBNF_00512	ebd53190696732d71b4be4e0813b24b9	361	Pfam	PF07922	Glycosyltransferase family 52	102	326	2.7E-9	T	10-12-2025	IPR012477	Glycosyltransferase family 52	-	-
PROKKA_ERR478981_bin.11.faa_DLDDOBNF_00512	ebd53190696732d71b4be4e0813b24b9	361	Coils	Coil	Coil	219	246	-	T	10-12-2025	-	-	-	-
PROKKA_ERR479068_bin.21.faa_AGPDLJPO_01050	64ab8373e7cccdcc8506722ccf1cc882	322	Pfam	PF07922	Glycosyltransferase family 52	199	284	7.5E-5	T	10-12-2025	IPR012477	Glycosyltransferase family 52	-	-
PROKKA_ERR479070_bin.26.faa_MBDLFEFN_00525	64ab8373e7cccdcc8506722ccf1cc882	322	Pfam	PF07922	Glycosyltransferase family 52	199	284	7.5E-5	T	10-12-2025	IPR012477	Glycosyltransferase family 52	-	-
PROKKA_ERR479067_bin.10.faa_BFBBKMDF_00872	64ab8373e7cccdcc8506722ccf1cc882	322	Pfam	PF07922	Glycosyltransferase family 52	199	284	7.5E-5	T	10-12-2025	IPR012477	Glycosyltransferase family 52	-	-
PROKKA_ERR479069_bin.25.faa_FOJGIHMM_00993	64ab8373e7cccdcc8506722ccf1cc882	322	Pfam	PF07922	Glycosyltransferase family 52	199	284	7.5E-5	T	10-12-2025	IPR012477	Glycosyltransferase family 52	-	-
PROKKA_ERR479280_bin.2.faa_NIBICEKH_03202	7b127612ba85824f1869d5f265af236b	329	Pfam	PF07922	Glycosyltransferase family 52	102	304	7.2E-20	T	10-12-2025	IPR012477	Glycosyltransferase family 52	-	-
PROKKA_ERR479280_bin.2.faa_NIBICEKH_03202	7b127612ba85824f1869d5f265af236b	329	Gene3D	G3DSA:3.40.50.11110	-	188	316	1.4E-8	T	10-12-2025	-	-	-	-
PROKKA_ERR479143_bin.7.faa_ABLOMOLL_01200	7b127612ba85824f1869d5f265af236b	329	Pfam	PF07922	Glycosyltransferase family 52	102	304	7.2E-20	T	10-12-2025	IPR012477	Glycosyltransferase family 52	-	-
PROKKA_ERR479143_bin.7.faa_ABLOMOLL_01200	7b127612ba85824f1869d5f265af236b	329	Gene3D	G3DSA:3.40.50.11110	-	188	316	1.4E-8	T	10-12-2025	-	-	-	-
PROKKA_ERR479281_bin.14.faa_IJEOABAM_02086	7b127612ba85824f1869d5f265af236b	329	Pfam	PF07922	Glycosyltransferase family 52	102	304	7.2E-20	T	10-12-2025	IPR012477	Glycosyltransferase family 52	-	-
PROKKA_ERR479281_bin.14.faa_IJEOABAM_02086	7b127612ba85824f1869d5f265af236b	329	Gene3D	G3DSA:3.40.50.11110	-	188	316	1.4E-8	T	10-12-2025	-	-	-	-
PROKKA_ERR479282_bin.27.faa_KONPMKFD_00075	7b127612ba85824f1869d5f265af236b	329	Pfam	PF07922	Glycosyltransferase family 52	102	304	7.2E-20	T	10-12-2025	IPR012477	Glycosyltransferase family 52	-	-
PROKKA_ERR479282_bin.27.faa_KONPMKFD_00075	7b127612ba85824f1869d5f265af236b	329	Gene3D	G3DSA:3.40.50.11110	-	188	316	1.4E-8	T	10-12-2025	-	-	-	-
PROKKA_ERR479144_bin.2.faa_KPEBHMIM_01808	7b127612ba85824f1869d5f265af236b	329	Pfam	PF07922	Glycosyltransferase family 52	102	304	7.2E-20	T	10-12-2025	IPR012477	Glycosyltransferase family 52	-	-
PROKKA_ERR479144_bin.2.faa_KPEBHMIM_01808	7b127612ba85824f1869d5f265af236b	329	Gene3D	G3DSA:3.40.50.11110	-	188	316	1.4E-8	T	10-12-2025	-	-	-	-
PROKKA_ERR479022_bin.7.faa_AAGGGHFP_02677	7b127612ba85824f1869d5f265af236b	329	Pfam	PF07922	Glycosyltransferase family 52	102	304	7.2E-20	T	10-12-2025	IPR012477	Glycosyltransferase family 52	-	-
PROKKA_ERR479022_bin.7.faa_AAGGGHFP_02677	7b127612ba85824f1869d5f265af236b	329	Gene3D	G3DSA:3.40.50.11110	-	188	316	1.4E-8	T	10-12-2025	-	-	-	-
PROKKA_ERR479195_bin.28.faa_CHJALCIK_00560	7b127612ba85824f1869d5f265af236b	329	Pfam	PF07922	Glycosyltransferase family 52	102	304	7.2E-20	T	10-12-2025	IPR012477	Glycosyltransferase family 52	-	-
PROKKA_ERR479195_bin.28.faa_CHJALCIK_00560	7b127612ba85824f1869d5f265af236b	329	Gene3D	G3DSA:3.40.50.11110	-	188	316	1.4E-8	T	10-12-2025	-	-	-	-
PROKKA_ERR479142_bin.9.faa_KNBJDLMO_02989	7b127612ba85824f1869d5f265af236b	329	Pfam	PF07922	Glycosyltransferase family 52	102	304	7.2E-20	T	10-12-2025	IPR012477	Glycosyltransferase family 52	-	-
PROKKA_ERR479142_bin.9.faa_KNBJDLMO_02989	7b127612ba85824f1869d5f265af236b	329	Gene3D	G3DSA:3.40.50.11110	-	188	316	1.4E-8	T	10-12-2025	-	-	-	-
PROKKA_ERR479145_bin.5.faa_CHGIHLBA_00404	7b127612ba85824f1869d5f265af236b	329	Pfam	PF07922	Glycosyltransferase family 52	102	304	7.2E-20	T	10-12-2025	IPR012477	Glycosyltransferase family 52	-	-
PROKKA_ERR479145_bin.5.faa_CHGIHLBA_00404	7b127612ba85824f1869d5f265af236b	329	Gene3D	G3DSA:3.40.50.11110	-	188	316	1.4E-8	T	10-12-2025	-	-	-	-
PROKKA_ERR479283_bin.15.faa_JFLANIMB_03115	7b127612ba85824f1869d5f265af236b	329	Pfam	PF07922	Glycosyltransferase family 52	102	304	7.2E-20	T	10-12-2025	IPR012477	Glycosyltransferase family 52	-	-
PROKKA_ERR479283_bin.15.faa_JFLANIMB_03115	7b127612ba85824f1869d5f265af236b	329	Gene3D	G3DSA:3.40.50.11110	-	188	316	1.4E-8	T	10-12-2025	-	-	-	-
PROKKA_ERR479107_bin.12.faa_IKEOIMHK_02107	1c47bca3e15ebf742136266de0306ae9	358	Coils	Coil	Coil	223	243	-	T	10-12-2025	-	-	-	-
PROKKA_ERR479107_bin.12.faa_IKEOIMHK_02107	1c47bca3e15ebf742136266de0306ae9	358	Pfam	PF07922	Glycosyltransferase family 52	97	312	9.0E-9	T	10-12-2025	IPR012477	Glycosyltransferase family 52	-	-
PROKKA_ERR479110_bin.11.faa_GLOOEJFO_01129	1c47bca3e15ebf742136266de0306ae9	358	Coils	Coil	Coil	223	243	-	T	10-12-2025	-	-	-	-
PROKKA_ERR479110_bin.11.faa_GLOOEJFO_01129	1c47bca3e15ebf742136266de0306ae9	358	Pfam	PF07922	Glycosyltransferase family 52	97	312	9.0E-9	T	10-12-2025	IPR012477	Glycosyltransferase family 52	-	-
PROKKA_ERR479109_bin.3.faa_LDGKMJLM_01168	1c47bca3e15ebf742136266de0306ae9	358	Coils	Coil	Coil	223	243	-	T	10-12-2025	-	-	-	-
PROKKA_ERR479109_bin.3.faa_LDGKMJLM_01168	1c47bca3e15ebf742136266de0306ae9	358	Pfam	PF07922	Glycosyltransferase family 52	97	312	9.0E-9	T	10-12-2025	IPR012477	Glycosyltransferase family 52	-	-
PROKKA_ERR479184_bin.10.faa_NDLEGPJN_00846	e15a0bf5945442706dac71ef5a4700f6	361	Pfam	PF07922	Glycosyltransferase family 52	115	313	1.0E-9	T	10-12-2025	IPR012477	Glycosyltransferase family 52	-	-
PROKKA_ERR479184_bin.10.faa_NDLEGPJN_00846	e15a0bf5945442706dac71ef5a4700f6	361	Gene3D	G3DSA:3.40.50.11110	-	218	329	2.0E-5	T	10-12-2025	-	-	-	-
PROKKA_ERR478971_bin.9.faa_PROKKA_ERR478971_bin.9.faa_MIAJEGEN_04538	4d812f9500d843f748880d727eb71812	361	Coils	Coil	Coil	226	246	-	T	10-12-2025	-	-	-	-
PROKKA_ERR478971_bin.9.faa_PROKKA_ERR478971_bin.9.faa_MIAJEGEN_04538	4d812f9500d843f748880d727eb71812	361	Gene3D	G3DSA:3.40.50.11110	-	218	329	1.8E-5	T	10-12-2025	-	-	-	-
PROKKA_ERR478971_bin.9.faa_PROKKA_ERR478971_bin.9.faa_MIAJEGEN_04538	4d812f9500d843f748880d727eb71812	361	Pfam	PF07922	Glycosyltransferase family 52	114	313	4.9E-10	T	10-12-2025	IPR012477	Glycosyltransferase family 52	-	-
PROKKA_ERR478970_bin.8.faa_PCBONNMH_00599	4d812f9500d843f748880d727eb71812	361	Coils	Coil	Coil	226	246	-	T	10-12-2025	-	-	-	-
PROKKA_ERR478970_bin.8.faa_PCBONNMH_00599	4d812f9500d843f748880d727eb71812	361	Gene3D	G3DSA:3.40.50.11110	-	218	329	1.8E-5	T	10-12-2025	-	-	-	-
PROKKA_ERR478970_bin.8.faa_PCBONNMH_00599	4d812f9500d843f748880d727eb71812	361	Pfam	PF07922	Glycosyltransferase family 52	114	313	4.9E-10	T	10-12-2025	IPR012477	Glycosyltransferase family 52	-	-
PROKKA_ERR478972_bin.11.faa_PROKKA_ERR478972_bin.11.faa_IPKHJFPM_01257	4d812f9500d843f748880d727eb71812	361	Coils	Coil	Coil	226	246	-	T	10-12-2025	-	-	-	-
PROKKA_ERR478972_bin.11.faa_PROKKA_ERR478972_bin.11.faa_IPKHJFPM_01257	4d812f9500d843f748880d727eb71812	361	Gene3D	G3DSA:3.40.50.11110	-	218	329	1.8E-5	T	10-12-2025	-	-	-	-
PROKKA_ERR478972_bin.11.faa_PROKKA_ERR478972_bin.11.faa_IPKHJFPM_01257	4d812f9500d843f748880d727eb71812	361	Pfam	PF07922	Glycosyltransferase family 52	114	313	4.9E-10	T	10-12-2025	IPR012477	Glycosyltransferase family 52	-	-
PROKKA_ERR478973_bin.12.faa_PROKKA_ERR478973_bin.12.faa_HGFAOFDJ_03260	4d812f9500d843f748880d727eb71812	361	Coils	Coil	Coil	226	246	-	T	10-12-2025	-	-	-	-
PROKKA_ERR478973_bin.12.faa_PROKKA_ERR478973_bin.12.faa_HGFAOFDJ_03260	4d812f9500d843f748880d727eb71812	361	Gene3D	G3DSA:3.40.50.11110	-	218	329	1.8E-5	T	10-12-2025	-	-	-	-
PROKKA_ERR478973_bin.12.faa_PROKKA_ERR478973_bin.12.faa_HGFAOFDJ_03260	4d812f9500d843f748880d727eb71812	361	Pfam	PF07922	Glycosyltransferase family 52	114	313	4.9E-10	T	10-12-2025	IPR012477	Glycosyltransferase family 52	-	-
PROKKA_ERR479103_bin.5.faa_GEAPINPP_00894	46b4f60f43f6696bed8fcaa47022741f	361	Pfam	PF07922	Glycosyltransferase family 52	102	326	5.1E-9	T	10-12-2025	IPR012477	Glycosyltransferase family 52	-	-
PROKKA_ERR479103_bin.5.faa_GEAPINPP_00894	46b4f60f43f6696bed8fcaa47022741f	361	Coils	Coil	Coil	219	246	-	T	10-12-2025	-	-	-	-
PROKKA_ERR479052_bin.25.faa_AAKPDJDE_00671	46b4f60f43f6696bed8fcaa47022741f	361	Pfam	PF07922	Glycosyltransferase family 52	102	326	5.1E-9	T	10-12-2025	IPR012477	Glycosyltransferase family 52	-	-
PROKKA_ERR479052_bin.25.faa_AAKPDJDE_00671	46b4f60f43f6696bed8fcaa47022741f	361	Coils	Coil	Coil	219	246	-	T	10-12-2025	-	-	-	-
PROKKA_ERR479140_bin.9.faa_DEDOAGKI_01769	59c4a5991a3354d21933a5b2e4facff6	336	Gene3D	G3DSA:3.40.50.11110	-	202	324	3.9E-10	T	10-12-2025	-	-	-	-
PROKKA_ERR479140_bin.9.faa_DEDOAGKI_01769	59c4a5991a3354d21933a5b2e4facff6	336	Pfam	PF07922	Glycosyltransferase family 52	105	317	6.8E-29	T	10-12-2025	IPR012477	Glycosyltransferase family 52	-	-
PROKKA_ERR479011_bin.3.faa_IKIKKIPH_00628	deeb67cece0845bf71bdf706f6736321	346	Coils	Coil	Coil	211	231	-	T	10-12-2025	-	-	-	-
PROKKA_ERR479011_bin.3.faa_IKIKKIPH_00628	deeb67cece0845bf71bdf706f6736321	346	Pfam	PF07922	Glycosyltransferase family 52	99	298	4.2E-10	T	10-12-2025	IPR012477	Glycosyltransferase family 52	-	-
PROKKA_ERR479011_bin.3.faa_IKIKKIPH_00628	deeb67cece0845bf71bdf706f6736321	346	Gene3D	G3DSA:3.40.50.11110	-	203	314	3.6E-5	T	10-12-2025	-	-	-	-
PROKKA_ERR479193_bin.13.faa_ACBCDLOH_01618	8e2a77e14d3c41d05f6d6995ef08b481	361	Coils	Coil	Coil	226	246	-	T	10-12-2025	-	-	-	-
PROKKA_ERR479193_bin.13.faa_ACBCDLOH_01618	8e2a77e14d3c41d05f6d6995ef08b481	361	Pfam	PF07922	Glycosyltransferase family 52	115	326	1.9E-10	T	10-12-2025	IPR012477	Glycosyltransferase family 52	-	-
PROKKA_ERR479414_bin.7.faa_HCINMLGI_01105	8e2a77e14d3c41d05f6d6995ef08b481	361	Coils	Coil	Coil	226	246	-	T	10-12-2025	-	-	-	-
PROKKA_ERR479414_bin.7.faa_HCINMLGI_01105	8e2a77e14d3c41d05f6d6995ef08b481	361	Pfam	PF07922	Glycosyltransferase family 52	115	326	1.9E-10	T	10-12-2025	IPR012477	Glycosyltransferase family 52	-	-
PROKKA_ERR479413_bin.17.faa_DCPICOCF_01263	8e2a77e14d3c41d05f6d6995ef08b481	361	Coils	Coil	Coil	226	246	-	T	10-12-2025	-	-	-	-
PROKKA_ERR479413_bin.17.faa_DCPICOCF_01263	8e2a77e14d3c41d05f6d6995ef08b481	361	Pfam	PF07922	Glycosyltransferase family 52	115	326	1.9E-10	T	10-12-2025	IPR012477	Glycosyltransferase family 52	-	-
PROKKA_ERR479194_bin.5.faa_HBBEPNAO_02046	8e2a77e14d3c41d05f6d6995ef08b481	361	Coils	Coil	Coil	226	246	-	T	10-12-2025	-	-	-	-
PROKKA_ERR479194_bin.5.faa_HBBEPNAO_02046	8e2a77e14d3c41d05f6d6995ef08b481	361	Pfam	PF07922	Glycosyltransferase family 52	115	326	1.9E-10	T	10-12-2025	IPR012477	Glycosyltransferase family 52	-	-
PROKKA_ERR479243_bin.8.faa_MEGGINGH_03491	27a7c1aea2a231190c6eb6091f4473c7	356	Gene3D	G3DSA:3.40.50.11110	-	212	334	3.5E-5	T	10-12-2025	-	-	-	-
PROKKA_ERR479243_bin.8.faa_MEGGINGH_03491	27a7c1aea2a231190c6eb6091f4473c7	356	Pfam	PF07922	Glycosyltransferase family 52	109	328	1.7E-7	T	10-12-2025	IPR012477	Glycosyltransferase family 52	-	-
PROKKA_ERR479141_bin.12.faa_HKEFFGAC_01697	453a511f1751992c97b0b4d4492a278c	361	Coils	Coil	Coil	226	246	-	T	10-12-2025	-	-	-	-
PROKKA_ERR479141_bin.12.faa_HKEFFGAC_01697	453a511f1751992c97b0b4d4492a278c	361	Pfam	PF07922	Glycosyltransferase family 52	114	313	4.9E-10	T	10-12-2025	IPR012477	Glycosyltransferase family 52	-	-
PROKKA_ERR479141_bin.12.faa_HKEFFGAC_01697	453a511f1751992c97b0b4d4492a278c	361	Gene3D	G3DSA:3.40.50.11110	-	218	329	3.9E-5	T	10-12-2025	-	-	-	-
PROKKA_ERR479284_bin.12.faa_EJLGMJID_00276	453a511f1751992c97b0b4d4492a278c	361	Coils	Coil	Coil	226	246	-	T	10-12-2025	-	-	-	-
PROKKA_ERR479284_bin.12.faa_EJLGMJID_00276	453a511f1751992c97b0b4d4492a278c	361	Pfam	PF07922	Glycosyltransferase family 52	114	313	4.9E-10	T	10-12-2025	IPR012477	Glycosyltransferase family 52	-	-
PROKKA_ERR479284_bin.12.faa_EJLGMJID_00276	453a511f1751992c97b0b4d4492a278c	361	Gene3D	G3DSA:3.40.50.11110	-	218	329	3.9E-5	T	10-12-2025	-	-	-	-
PROKKA_ERR479065_bin.7.faa_HNODNDPB_00289	453a511f1751992c97b0b4d4492a278c	361	Coils	Coil	Coil	226	246	-	T	10-12-2025	-	-	-	-
PROKKA_ERR479065_bin.7.faa_HNODNDPB_00289	453a511f1751992c97b0b4d4492a278c	361	Pfam	PF07922	Glycosyltransferase family 52	114	313	4.9E-10	T	10-12-2025	IPR012477	Glycosyltransferase family 52	-	-
PROKKA_ERR479065_bin.7.faa_HNODNDPB_00289	453a511f1751992c97b0b4d4492a278c	361	Gene3D	G3DSA:3.40.50.11110	-	218	329	3.9E-5	T	10-12-2025	-	-	-	-
PROKKA_ERR479072_bin.17.faa_IKHNNDKK_00447	453a511f1751992c97b0b4d4492a278c	361	Coils	Coil	Coil	226	246	-	T	10-12-2025	-	-	-	-
PROKKA_ERR479072_bin.17.faa_IKHNNDKK_00447	453a511f1751992c97b0b4d4492a278c	361	Pfam	PF07922	Glycosyltransferase family 52	114	313	4.9E-10	T	10-12-2025	IPR012477	Glycosyltransferase family 52	-	-
PROKKA_ERR479072_bin.17.faa_IKHNNDKK_00447	453a511f1751992c97b0b4d4492a278c	361	Gene3D	G3DSA:3.40.50.11110	-	218	329	3.9E-5	T	10-12-2025	-	-	-	-
PROKKA_ERR479005_bin.14.faa_MFBDLAJD_00250	453a511f1751992c97b0b4d4492a278c	361	Coils	Coil	Coil	226	246	-	T	10-12-2025	-	-	-	-
PROKKA_ERR479005_bin.14.faa_MFBDLAJD_00250	453a511f1751992c97b0b4d4492a278c	361	Pfam	PF07922	Glycosyltransferase family 52	114	313	4.9E-10	T	10-12-2025	IPR012477	Glycosyltransferase family 52	-	-
PROKKA_ERR479005_bin.14.faa_MFBDLAJD_00250	453a511f1751992c97b0b4d4492a278c	361	Gene3D	G3DSA:3.40.50.11110	-	218	329	3.9E-5	T	10-12-2025	-	-	-	-
PROKKA_ERR479074_bin.18.faa_NOIKEDNF_00307	453a511f1751992c97b0b4d4492a278c	361	Coils	Coil	Coil	226	246	-	T	10-12-2025	-	-	-	-
PROKKA_ERR479074_bin.18.faa_NOIKEDNF_00307	453a511f1751992c97b0b4d4492a278c	361	Pfam	PF07922	Glycosyltransferase family 52	114	313	4.9E-10	T	10-12-2025	IPR012477	Glycosyltransferase family 52	-	-
PROKKA_ERR479074_bin.18.faa_NOIKEDNF_00307	453a511f1751992c97b0b4d4492a278c	361	Gene3D	G3DSA:3.40.50.11110	-	218	329	3.9E-5	T	10-12-2025	-	-	-	-
PROKKA_ERR479066_bin.11.faa_JICHCOEI_01346	453a511f1751992c97b0b4d4492a278c	361	Coils	Coil	Coil	226	246	-	T	10-12-2025	-	-	-	-
PROKKA_ERR479066_bin.11.faa_JICHCOEI_01346	453a511f1751992c97b0b4d4492a278c	361	Pfam	PF07922	Glycosyltransferase family 52	114	313	4.9E-10	T	10-12-2025	IPR012477	Glycosyltransferase family 52	-	-
PROKKA_ERR479066_bin.11.faa_JICHCOEI_01346	453a511f1751992c97b0b4d4492a278c	361	Gene3D	G3DSA:3.40.50.11110	-	218	329	3.9E-5	T	10-12-2025	-	-	-	-
PROKKA_ERR479246_bin.19.faa_CIBNHGOL_00228	e6d090ff6ce30724179a4c7519e83dc2	324	Pfam	PF07922	Glycosyltransferase family 52	101	295	2.2E-18	T	10-12-2025	IPR012477	Glycosyltransferase family 52	-	-
PROKKA_ERR479246_bin.19.faa_CIBNHGOL_00228	e6d090ff6ce30724179a4c7519e83dc2	324	Gene3D	G3DSA:3.40.50.11110	-	189	322	1.0E-11	T	10-12-2025	-	-	-	-
PROKKA_ERR479245_bin.7.faa_PECLJAIC_00473	e6d090ff6ce30724179a4c7519e83dc2	324	Pfam	PF07922	Glycosyltransferase family 52	101	295	2.2E-18	T	10-12-2025	IPR012477	Glycosyltransferase family 52	-	-
PROKKA_ERR479245_bin.7.faa_PECLJAIC_00473	e6d090ff6ce30724179a4c7519e83dc2	324	Gene3D	G3DSA:3.40.50.11110	-	189	322	1.0E-11	T	10-12-2025	-	-	-	-
PROKKA_ERR479247_bin.3.faa_HBKEGIGD_01195	e6d090ff6ce30724179a4c7519e83dc2	324	Pfam	PF07922	Glycosyltransferase family 52	101	295	2.2E-18	T	10-12-2025	IPR012477	Glycosyltransferase family 52	-	-
PROKKA_ERR479247_bin.3.faa_HBKEGIGD_01195	e6d090ff6ce30724179a4c7519e83dc2	324	Gene3D	G3DSA:3.40.50.11110	-	189	322	1.0E-11	T	10-12-2025	-	-	-	-
PROKKA_ERR479248_bin.27.faa_EBDMEDLE_00151	e6d090ff6ce30724179a4c7519e83dc2	324	Pfam	PF07922	Glycosyltransferase family 52	101	295	2.2E-18	T	10-12-2025	IPR012477	Glycosyltransferase family 52	-	-
PROKKA_ERR479248_bin.27.faa_EBDMEDLE_00151	e6d090ff6ce30724179a4c7519e83dc2	324	Gene3D	G3DSA:3.40.50.11110	-	189	322	1.0E-11	T	10-12-2025	-	-	-	-
PROKKA_ERR478989_bin.6.faa_FKCMJNPE_05394	a528973db82f32ab5987682ad65f406b	146	Pfam	PF07922	Glycosyltransferase family 52	9	124	5.9E-12	T	10-12-2025	IPR012477	Glycosyltransferase family 52	-	-
PROKKA_ERR478989_bin.6.faa_FKCMJNPE_05394	a528973db82f32ab5987682ad65f406b	146	Gene3D	G3DSA:3.40.50.11110	-	5	131	3.2E-10	T	10-12-2025	-	-	-	-
PROKKA_ERR479294_bin.15.faa_JEFOIMJM_00009	c8196503f0038634237a703c98fda9d5	361	Coils	Coil	Coil	226	246	-	T	10-12-2025	-	-	-	-
PROKKA_ERR479294_bin.15.faa_JEFOIMJM_00009	c8196503f0038634237a703c98fda9d5	361	Gene3D	G3DSA:3.40.50.11110	-	218	329	1.8E-5	T	10-12-2025	-	-	-	-
PROKKA_ERR479294_bin.15.faa_JEFOIMJM_00009	c8196503f0038634237a703c98fda9d5	361	Pfam	PF07922	Glycosyltransferase family 52	115	313	6.5E-10	T	10-12-2025	IPR012477	Glycosyltransferase family 52	-	-
PROKKA_ERR479226_bin.6.faa_MADDMDCE_00014	e16d86d01d51936bd0a9ca0948f28821	138	Gene3D	G3DSA:3.40.50.11110	-	3	137	1.4E-12	T	10-12-2025	-	-	-	-
PROKKA_ERR479226_bin.6.faa_MADDMDCE_00014	e16d86d01d51936bd0a9ca0948f28821	138	Pfam	PF07922	Glycosyltransferase family 52	4	109	2.2E-11	T	10-12-2025	IPR012477	Glycosyltransferase family 52	-	-
PROKKA_ERR479225_bin.12.faa_BCCIKMPF_01245	e16d86d01d51936bd0a9ca0948f28821	138	Gene3D	G3DSA:3.40.50.11110	-	3	137	1.4E-12	T	10-12-2025	-	-	-	-
PROKKA_ERR479225_bin.12.faa_BCCIKMPF_01245	e16d86d01d51936bd0a9ca0948f28821	138	Pfam	PF07922	Glycosyltransferase family 52	4	109	2.2E-11	T	10-12-2025	IPR012477	Glycosyltransferase family 52	-	-
PROKKA_ERR479244_bin.12.faa_PEBKIDNM_01834	97c61716376e96701b4e1f376c17ec20	311	Gene3D	G3DSA:3.40.50.11110	-	172	300	1.3E-8	T	10-12-2025	-	-	-	-
PROKKA_ERR479244_bin.12.faa_PEBKIDNM_01834	97c61716376e96701b4e1f376c17ec20	311	Pfam	PF07922	Glycosyltransferase family 52	48	294	2.0E-28	T	10-12-2025	IPR012477	Glycosyltransferase family 52	-	-
PROKKA_ERR479053_bin.1.faa_PPBJHMHN_01144	7e4200d7bf4add83d10cbda163d716f1	339	Gene3D	G3DSA:3.40.50.11110	-	198	323	2.8E-9	T	10-12-2025	-	-	-	-
PROKKA_ERR479053_bin.1.faa_PPBJHMHN_01144	7e4200d7bf4add83d10cbda163d716f1	339	Pfam	PF07922	Glycosyltransferase family 52	104	317	4.2E-21	T	10-12-2025	IPR012477	Glycosyltransferase family 52	-	-
PROKKA_ERR479187_bin.11.faa_KCCPNGOK_00407	7e4200d7bf4add83d10cbda163d716f1	339	Gene3D	G3DSA:3.40.50.11110	-	198	323	2.8E-9	T	10-12-2025	-	-	-	-
PROKKA_ERR479187_bin.11.faa_KCCPNGOK_00407	7e4200d7bf4add83d10cbda163d716f1	339	Pfam	PF07922	Glycosyltransferase family 52	104	317	4.2E-21	T	10-12-2025	IPR012477	Glycosyltransferase family 52	-	-
PROKKA_ERR479054_bin.5.faa_GAINDDBH_00114	7e4200d7bf4add83d10cbda163d716f1	339	Gene3D	G3DSA:3.40.50.11110	-	198	323	2.8E-9	T	10-12-2025	-	-	-	-
PROKKA_ERR479054_bin.5.faa_GAINDDBH_00114	7e4200d7bf4add83d10cbda163d716f1	339	Pfam	PF07922	Glycosyltransferase family 52	104	317	4.2E-21	T	10-12-2025	IPR012477	Glycosyltransferase family 52	-	-
PROKKA_ERR479021_bin.3.faa_JFAFCBEK_00762	7e4200d7bf4add83d10cbda163d716f1	339	Gene3D	G3DSA:3.40.50.11110	-	198	323	2.8E-9	T	10-12-2025	-	-	-	-
PROKKA_ERR479021_bin.3.faa_JFAFCBEK_00762	7e4200d7bf4add83d10cbda163d716f1	339	Pfam	PF07922	Glycosyltransferase family 52	104	317	4.2E-21	T	10-12-2025	IPR012477	Glycosyltransferase family 52	-	-
PROKKA_ERR479271_bin.3.faa_BMPNDDBB_02225	7e4200d7bf4add83d10cbda163d716f1	339	Gene3D	G3DSA:3.40.50.11110	-	198	323	2.8E-9	T	10-12-2025	-	-	-	-
PROKKA_ERR479271_bin.3.faa_BMPNDDBB_02225	7e4200d7bf4add83d10cbda163d716f1	339	Pfam	PF07922	Glycosyltransferase family 52	104	317	4.2E-21	T	10-12-2025	IPR012477	Glycosyltransferase family 52	-	-
PROKKA_ERR479064_bin.53.faa_HAGBICIB_01039	7e4200d7bf4add83d10cbda163d716f1	339	Gene3D	G3DSA:3.40.50.11110	-	198	323	2.8E-9	T	10-12-2025	-	-	-	-
PROKKA_ERR479064_bin.53.faa_HAGBICIB_01039	7e4200d7bf4add83d10cbda163d716f1	339	Pfam	PF07922	Glycosyltransferase family 52	104	317	4.2E-21	T	10-12-2025	IPR012477	Glycosyltransferase family 52	-	-
PROKKA_ERR479189_bin.5.faa_LHJOGPDH_00134	7e4200d7bf4add83d10cbda163d716f1	339	Gene3D	G3DSA:3.40.50.11110	-	198	323	2.8E-9	T	10-12-2025	-	-	-	-
PROKKA_ERR479189_bin.5.faa_LHJOGPDH_00134	7e4200d7bf4add83d10cbda163d716f1	339	Pfam	PF07922	Glycosyltransferase family 52	104	317	4.2E-21	T	10-12-2025	IPR012477	Glycosyltransferase family 52	-	-
PROKKA_ERR479020_bin.17.faa_FBNOLNIK_02644	7e4200d7bf4add83d10cbda163d716f1	339	Gene3D	G3DSA:3.40.50.11110	-	198	323	2.8E-9	T	10-12-2025	-	-	-	-
PROKKA_ERR479020_bin.17.faa_FBNOLNIK_02644	7e4200d7bf4add83d10cbda163d716f1	339	Pfam	PF07922	Glycosyltransferase family 52	104	317	4.2E-21	T	10-12-2025	IPR012477	Glycosyltransferase family 52	-	-
PROKKA_ERR478988_bin.11.faa_JNKKKCBD_01273	7e4200d7bf4add83d10cbda163d716f1	339	Gene3D	G3DSA:3.40.50.11110	-	198	323	2.8E-9	T	10-12-2025	-	-	-	-
PROKKA_ERR478988_bin.11.faa_JNKKKCBD_01273	7e4200d7bf4add83d10cbda163d716f1	339	Pfam	PF07922	Glycosyltransferase family 52	104	317	4.2E-21	T	10-12-2025	IPR012477	Glycosyltransferase family 52	-	-
PROKKA_ERR479270_bin.29.faa_MJJCDMCE_02382	7e4200d7bf4add83d10cbda163d716f1	339	Gene3D	G3DSA:3.40.50.11110	-	198	323	2.8E-9	T	10-12-2025	-	-	-	-
PROKKA_ERR479270_bin.29.faa_MJJCDMCE_02382	7e4200d7bf4add83d10cbda163d716f1	339	Pfam	PF07922	Glycosyltransferase family 52	104	317	4.2E-21	T	10-12-2025	IPR012477	Glycosyltransferase family 52	-	-
PROKKA_ERR478986_bin.11.faa_MLLPPNAF_02584	7e4200d7bf4add83d10cbda163d716f1	339	Gene3D	G3DSA:3.40.50.11110	-	198	323	2.8E-9	T	10-12-2025	-	-	-	-
PROKKA_ERR478986_bin.11.faa_MLLPPNAF_02584	7e4200d7bf4add83d10cbda163d716f1	339	Pfam	PF07922	Glycosyltransferase family 52	104	317	4.2E-21	T	10-12-2025	IPR012477	Glycosyltransferase family 52	-	-
PROKKA_ERR479272_bin.1.faa_GCEOFOAH_02465	7e4200d7bf4add83d10cbda163d716f1	339	Gene3D	G3DSA:3.40.50.11110	-	198	323	2.8E-9	T	10-12-2025	-	-	-	-
PROKKA_ERR479272_bin.1.faa_GCEOFOAH_02465	7e4200d7bf4add83d10cbda163d716f1	339	Pfam	PF07922	Glycosyltransferase family 52	104	317	4.2E-21	T	10-12-2025	IPR012477	Glycosyltransferase family 52	-	-
PROKKA_ERR479019_bin.29.faa_GOMOACDP_01670	7e4200d7bf4add83d10cbda163d716f1	339	Gene3D	G3DSA:3.40.50.11110	-	198	323	2.8E-9	T	10-12-2025	-	-	-	-
PROKKA_ERR479019_bin.29.faa_GOMOACDP_01670	7e4200d7bf4add83d10cbda163d716f1	339	Pfam	PF07922	Glycosyltransferase family 52	104	317	4.2E-21	T	10-12-2025	IPR012477	Glycosyltransferase family 52	-	-
PROKKA_ERR479073_bin.15.faa_ALJAJDGI_00098	b1d96be2d0e10c8aa9d9328a73dafbbf	343	Coils	Coil	Coil	208	228	-	T	10-12-2025	-	-	-	-
PROKKA_ERR479073_bin.15.faa_ALJAJDGI_00098	b1d96be2d0e10c8aa9d9328a73dafbbf	343	Gene3D	G3DSA:3.40.50.11110	-	200	311	3.6E-5	T	10-12-2025	-	-	-	-
PROKKA_ERR479073_bin.15.faa_ALJAJDGI_00098	b1d96be2d0e10c8aa9d9328a73dafbbf	343	Pfam	PF07922	Glycosyltransferase family 52	96	295	4.1E-10	T	10-12-2025	IPR012477	Glycosyltransferase family 52	-	-
PROKKA_ERR479415_bin.11.faa_NIBKKPPN_01717	27a3d773764221a849637cf99689c648	324	Pfam	PF07922	Glycosyltransferase family 52	202	299	3.4E-5	T	10-12-2025	IPR012477	Glycosyltransferase family 52	-	-
PROKKA_ERR479416_bin.21.faa_EBJMBIDH_01559	27a3d773764221a849637cf99689c648	324	Pfam	PF07922	Glycosyltransferase family 52	202	299	3.4E-5	T	10-12-2025	IPR012477	Glycosyltransferase family 52	-	-
PROKKA_ERR479041_bin.5.faa_KMLGJMLK_00333	9e81e2e84b0d9691a559ab4ff89a8915	361	Gene3D	G3DSA:3.40.50.11110	-	218	329	4.2E-5	T	10-12-2025	-	-	-	-
PROKKA_ERR479041_bin.5.faa_KMLGJMLK_00333	9e81e2e84b0d9691a559ab4ff89a8915	361	Pfam	PF07922	Glycosyltransferase family 52	111	313	6.3E-10	T	10-12-2025	IPR012477	Glycosyltransferase family 52	-	-
PROKKA_ERR478967_bin.15.faa_BLACFBEF_00939	298000d5f34d5159efd607389576a51f	361	Pfam	PF07922	Glycosyltransferase family 52	102	326	2.9E-9	T	10-12-2025	IPR012477	Glycosyltransferase family 52	-	-
PROKKA_ERR478967_bin.15.faa_BLACFBEF_00939	298000d5f34d5159efd607389576a51f	361	Coils	Coil	Coil	219	246	-	T	10-12-2025	-	-	-	-
PROKKA_ERR479273_bin.8.faa_NGMMJGGF_00193	7b502d709d50f95dccefeb8c1b3a2fa7	361	Coils	Coil	Coil	219	246	-	T	10-12-2025	-	-	-	-
PROKKA_ERR479273_bin.8.faa_NGMMJGGF_00193	7b502d709d50f95dccefeb8c1b3a2fa7	361	Pfam	PF07922	Glycosyltransferase family 52	102	326	1.2E-9	T	10-12-2025	IPR012477	Glycosyltransferase family 52	-	-
PROKKA_ERR479181_bin.23.faa_DMKHAECA_03274	ad59fc449abbf3f6fb455840e7e9cebe	361	Gene3D	G3DSA:3.40.50.11110	-	218	329	3.8E-5	T	10-12-2025	-	-	-	-
PROKKA_ERR479181_bin.23.faa_DMKHAECA_03274	ad59fc449abbf3f6fb455840e7e9cebe	361	Pfam	PF07922	Glycosyltransferase family 52	115	313	9.4E-10	T	10-12-2025	IPR012477	Glycosyltransferase family 52	-	-
PROKKA_ERR479104_bin.19.faa_ONFAOBBB_00181	6410097befbf1622405ef03f4a91f324	138	Gene3D	G3DSA:3.40.50.11110	-	4	136	3.3E-12	T	10-12-2025	-	-	-	-
PROKKA_ERR479104_bin.19.faa_ONFAOBBB_00181	6410097befbf1622405ef03f4a91f324	138	Pfam	PF07922	Glycosyltransferase family 52	4	109	3.3E-11	T	10-12-2025	IPR012477	Glycosyltransferase family 52	-	-
PROKKA_ERR479297_bin.13.faa_FKMAIABE_01307	77438310687c01f013eb1be5dfcb1948	361	Coils	Coil	Coil	226	246	-	T	10-12-2025	-	-	-	-
PROKKA_ERR479297_bin.13.faa_FKMAIABE_01307	77438310687c01f013eb1be5dfcb1948	361	Pfam	PF07922	Glycosyltransferase family 52	115	313	6.2E-10	T	10-12-2025	IPR012477	Glycosyltransferase family 52	-	-
PROKKA_ERR479297_bin.13.faa_FKMAIABE_01307	77438310687c01f013eb1be5dfcb1948	361	Gene3D	G3DSA:3.40.50.11110	-	218	329	3.9E-5	T	10-12-2025	-	-	-	-
PROKKA_ERR479173_bin.6.faa_PEEBCOCD_06190	cc91c3ded742492e8746b5163b5c77be	325	Gene3D	G3DSA:3.40.50.11110	-	181	309	7.1E-12	T	10-12-2025	-	-	-	-
PROKKA_ERR479173_bin.6.faa_PEEBCOCD_06190	cc91c3ded742492e8746b5163b5c77be	325	Pfam	PF07922	Glycosyltransferase family 52	106	307	1.4E-18	T	10-12-2025	IPR012477	Glycosyltransferase family 52	-	-
PROKKA_ERR479124_bin.20.faa_GNDLPOOG_00158	f5f41dcf9a912cb36049ef0a60feb7b1	361	Coils	Coil	Coil	226	246	-	T	10-12-2025	-	-	-	-
PROKKA_ERR479124_bin.20.faa_GNDLPOOG_00158	f5f41dcf9a912cb36049ef0a60feb7b1	361	Gene3D	G3DSA:3.40.50.11110	-	218	329	2.4E-5	T	10-12-2025	-	-	-	-
PROKKA_ERR479124_bin.20.faa_GNDLPOOG_00158	f5f41dcf9a912cb36049ef0a60feb7b1	361	Pfam	PF07922	Glycosyltransferase family 52	115	313	7.7E-10	T	10-12-2025	IPR012477	Glycosyltransferase family 52	-	-
PROKKA_ERR479158_bin.14.faa_MJCPPJNO_02152	1bdcc22d13da026a7684b7d30c017109	361	Coils	Coil	Coil	219	246	-	T	10-12-2025	-	-	-	-
PROKKA_ERR479158_bin.14.faa_MJCPPJNO_02152	1bdcc22d13da026a7684b7d30c017109	361	Pfam	PF07922	Glycosyltransferase family 52	102	326	4.3E-9	T	10-12-2025	IPR012477	Glycosyltransferase family 52	-	-
PROKKA_ERR479157_bin.7.faa_MFOOKIIO_02521	1bdcc22d13da026a7684b7d30c017109	361	Coils	Coil	Coil	219	246	-	T	10-12-2025	-	-	-	-
PROKKA_ERR479157_bin.7.faa_MFOOKIIO_02521	1bdcc22d13da026a7684b7d30c017109	361	Pfam	PF07922	Glycosyltransferase family 52	102	326	4.3E-9	T	10-12-2025	IPR012477	Glycosyltransferase family 52	-	-
PROKKA_ERR479206_bin.32.faa_HIELPFNK_01895	1bdcc22d13da026a7684b7d30c017109	361	Coils	Coil	Coil	219	246	-	T	10-12-2025	-	-	-	-
PROKKA_ERR479206_bin.32.faa_HIELPFNK_01895	1bdcc22d13da026a7684b7d30c017109	361	Pfam	PF07922	Glycosyltransferase family 52	102	326	4.3E-9	T	10-12-2025	IPR012477	Glycosyltransferase family 52	-	-
PROKKA_ERR479160_bin.6.faa_AFDLEBKH_02986	1bdcc22d13da026a7684b7d30c017109	361	Coils	Coil	Coil	219	246	-	T	10-12-2025	-	-	-	-
PROKKA_ERR479160_bin.6.faa_AFDLEBKH_02986	1bdcc22d13da026a7684b7d30c017109	361	Pfam	PF07922	Glycosyltransferase family 52	102	326	4.3E-9	T	10-12-2025	IPR012477	Glycosyltransferase family 52	-	-
PROKKA_ERR479159_bin.11.faa_LACPJLDD_00874	1bdcc22d13da026a7684b7d30c017109	361	Coils	Coil	Coil	219	246	-	T	10-12-2025	-	-	-	-
PROKKA_ERR479159_bin.11.faa_LACPJLDD_00874	1bdcc22d13da026a7684b7d30c017109	361	Pfam	PF07922	Glycosyltransferase family 52	102	326	4.3E-9	T	10-12-2025	IPR012477	Glycosyltransferase family 52	-	-
PROKKA_ERR479204_bin.12.faa_IAFBJAIL_02153	1bdcc22d13da026a7684b7d30c017109	361	Coils	Coil	Coil	219	246	-	T	10-12-2025	-	-	-	-
PROKKA_ERR479204_bin.12.faa_IAFBJAIL_02153	1bdcc22d13da026a7684b7d30c017109	361	Pfam	PF07922	Glycosyltransferase family 52	102	326	4.3E-9	T	10-12-2025	IPR012477	Glycosyltransferase family 52	-	-
PROKKA_ERR479203_bin.7.faa_MPILMMAM_01151	1bdcc22d13da026a7684b7d30c017109	361	Coils	Coil	Coil	219	246	-	T	10-12-2025	-	-	-	-
PROKKA_ERR479203_bin.7.faa_MPILMMAM_01151	1bdcc22d13da026a7684b7d30c017109	361	Pfam	PF07922	Glycosyltransferase family 52	102	326	4.3E-9	T	10-12-2025	IPR012477	Glycosyltransferase family 52	-	-
PROKKA_ERR479171_bin.13.faa_HEMDOLJJ_01133	43c359fb4f3406c607a9d590c30d8e7f	361	Pfam	PF07922	Glycosyltransferase family 52	114	313	1.3E-9	T	10-12-2025	IPR012477	Glycosyltransferase family 52	-	-
PROKKA_ERR479172_bin.8.faa_AEAAAAEP_00439	43c359fb4f3406c607a9d590c30d8e7f	361	Pfam	PF07922	Glycosyltransferase family 52	114	313	1.3E-9	T	10-12-2025	IPR012477	Glycosyltransferase family 52	-	-
PROKKA_ERR479121_bin.27.faa_LLCELNEF_00142	43c359fb4f3406c607a9d590c30d8e7f	361	Pfam	PF07922	Glycosyltransferase family 52	114	313	1.3E-9	T	10-12-2025	IPR012477	Glycosyltransferase family 52	-	-
PROKKA_ERR479170_bin.4.faa_KBKFBLCC_00342	43c359fb4f3406c607a9d590c30d8e7f	361	Pfam	PF07922	Glycosyltransferase family 52	114	313	1.3E-9	T	10-12-2025	IPR012477	Glycosyltransferase family 52	-	-
PROKKA_ERR479132_bin.4.faa_APPGMHDI_00571	d042febda7a4b49153584387d195cffa	323	Gene3D	G3DSA:3.40.50.11110	-	193	322	1.2E-11	T	10-12-2025	-	-	-	-
PROKKA_ERR479132_bin.4.faa_APPGMHDI_00571	d042febda7a4b49153584387d195cffa	323	Pfam	PF07922	Glycosyltransferase family 52	101	294	7.5E-15	T	10-12-2025	IPR012477	Glycosyltransferase family 52	-	-
PROKKA_ERR479133_bin.6.faa_PEBJCFOP_01653	d042febda7a4b49153584387d195cffa	323	Gene3D	G3DSA:3.40.50.11110	-	193	322	1.2E-11	T	10-12-2025	-	-	-	-
PROKKA_ERR479133_bin.6.faa_PEBJCFOP_01653	d042febda7a4b49153584387d195cffa	323	Pfam	PF07922	Glycosyltransferase family 52	101	294	7.5E-15	T	10-12-2025	IPR012477	Glycosyltransferase family 52	-	-
PROKKA_ERR479134_bin.11.faa_CFBIADMF_01204	d042febda7a4b49153584387d195cffa	323	Gene3D	G3DSA:3.40.50.11110	-	193	322	1.2E-11	T	10-12-2025	-	-	-	-
PROKKA_ERR479134_bin.11.faa_CFBIADMF_01204	d042febda7a4b49153584387d195cffa	323	Pfam	PF07922	Glycosyltransferase family 52	101	294	7.5E-15	T	10-12-2025	IPR012477	Glycosyltransferase family 52	-	-
PROKKA_ERR479135_bin.1.faa_JCNIODHK_00336	d042febda7a4b49153584387d195cffa	323	Gene3D	G3DSA:3.40.50.11110	-	193	322	1.2E-11	T	10-12-2025	-	-	-	-
PROKKA_ERR479135_bin.1.faa_JCNIODHK_00336	d042febda7a4b49153584387d195cffa	323	Pfam	PF07922	Glycosyltransferase family 52	101	294	7.5E-15	T	10-12-2025	IPR012477	Glycosyltransferase family 52	-	-
PROKKA_ERR479213_bin.3.faa_BONNPGPB_00321	79262116875d1404a8de744e04d8fc55	322	Pfam	PF07922	Glycosyltransferase family 52	199	284	7.5E-5	T	10-12-2025	IPR012477	Glycosyltransferase family 52	-	-
PROKKA_ERR479023_bin.8.faa_GOHAJDHF_00032	cab71aabd25f349255f4b4946436a3a7	248	Pfam	PF07922	Glycosyltransferase family 52	22	223	4.1E-20	T	10-12-2025	IPR012477	Glycosyltransferase family 52	-	-
PROKKA_ERR479023_bin.8.faa_GOHAJDHF_00032	cab71aabd25f349255f4b4946436a3a7	248	Gene3D	G3DSA:3.40.50.11110	-	107	235	7.1E-9	T	10-12-2025	-	-	-	-
PROKKA_ERR479076_bin.5.faa_PKLDFKNI_00235	92c6e67d7baf76c676cde288f7914b63	361	Pfam	PF07922	Glycosyltransferase family 52	114	313	8.8E-9	T	10-12-2025	IPR012477	Glycosyltransferase family 52	-	-
