PROKKA_ERR479101_bin.21.faa_JAFHEPBD_01499	7dec954fb952054e3976d3d9592ae821	324	Pfam	PF07922	Glycosyltransferase family 52	202	286	0.0091	T	10-12-2025	IPR012477	Glycosyltransferase family 52	-	-
PROKKA_ERR479200_bin.5.faa_EKCJCMHN_00846	3275b1cf7f82e784f934553a039e8bab	99	Pfam	PF11477	Sialyltransferase PMO188	5	75	0.023	T	10-12-2025	IPR021574	Sialyltransferase PMO188	-	-
PROKKA_ERR479200_bin.5.faa_EKCJCMHN_00846	3275b1cf7f82e784f934553a039e8bab	99	SUPERFAMILY	SSF53756	UDP-Glycosyltransferase/glycogen phosphorylase	5	75	4.08E-8	T	10-12-2025	-	-	-	-
PROKKA_ERR479200_bin.5.faa_EKCJCMHN_00846	3275b1cf7f82e784f934553a039e8bab	99	Gene3D	G3DSA:3.40.50.11110	-	2	89	3.0E-21	T	10-12-2025	-	-	-	-
PROKKA_ERR479249_bin.12.faa_DKNJHJFG_01349	179a2d59a32cf2a78076301e6d828bc9	359	Pfam	PF07388	Alpha-2,8-polysialyltransferase (POLYST)	4	260	0.11	T	10-12-2025	IPR010866	Alpha-2,8-polysialyltransferase	-	-
PROKKA_ERR479212_bin.16.faa_NFLHCINN_03107	0bb1df4b02ee0184fa9ffee1f20a8954	352	Gene3D	G3DSA:3.40.50.11110	-	205	350	1.3E-5	T	10-12-2025	-	-	-	-
PROKKA_ERR479212_bin.16.faa_NFLHCINN_03107	0bb1df4b02ee0184fa9ffee1f20a8954	352	Pfam	PF07388	Alpha-2,8-polysialyltransferase (POLYST)	124	310	3.2E-5	T	10-12-2025	IPR010866	Alpha-2,8-polysialyltransferase	-	-
PROKKA_ERR478963_bin.7.faa_BIEEPBPE_03339	0bb1df4b02ee0184fa9ffee1f20a8954	352	Gene3D	G3DSA:3.40.50.11110	-	205	350	1.3E-5	T	10-12-2025	-	-	-	-
PROKKA_ERR478963_bin.7.faa_BIEEPBPE_03339	0bb1df4b02ee0184fa9ffee1f20a8954	352	Pfam	PF07388	Alpha-2,8-polysialyltransferase (POLYST)	124	310	3.2E-5	T	10-12-2025	IPR010866	Alpha-2,8-polysialyltransferase	-	-
PROKKA_ERR479197_bin.22.faa_CIGMLLNF_00140	0bb1df4b02ee0184fa9ffee1f20a8954	352	Gene3D	G3DSA:3.40.50.11110	-	205	350	1.3E-5	T	10-12-2025	-	-	-	-
PROKKA_ERR479197_bin.22.faa_CIGMLLNF_00140	0bb1df4b02ee0184fa9ffee1f20a8954	352	Pfam	PF07388	Alpha-2,8-polysialyltransferase (POLYST)	124	310	3.2E-5	T	10-12-2025	IPR010866	Alpha-2,8-polysialyltransferase	-	-
PROKKA_ERR478962_bin.3.faa_PROKKA_ERR478962_bin.3.faa_IOPKIAHO_03345	0bb1df4b02ee0184fa9ffee1f20a8954	352	Gene3D	G3DSA:3.40.50.11110	-	205	350	1.3E-5	T	10-12-2025	-	-	-	-
PROKKA_ERR478962_bin.3.faa_PROKKA_ERR478962_bin.3.faa_IOPKIAHO_03345	0bb1df4b02ee0184fa9ffee1f20a8954	352	Pfam	PF07388	Alpha-2,8-polysialyltransferase (POLYST)	124	310	3.2E-5	T	10-12-2025	IPR010866	Alpha-2,8-polysialyltransferase	-	-
PROKKA_ERR479210_bin.18.faa_OMMFCAGE_02973	0bb1df4b02ee0184fa9ffee1f20a8954	352	Gene3D	G3DSA:3.40.50.11110	-	205	350	1.3E-5	T	10-12-2025	-	-	-	-
PROKKA_ERR479210_bin.18.faa_OMMFCAGE_02973	0bb1df4b02ee0184fa9ffee1f20a8954	352	Pfam	PF07388	Alpha-2,8-polysialyltransferase (POLYST)	124	310	3.2E-5	T	10-12-2025	IPR010866	Alpha-2,8-polysialyltransferase	-	-
PROKKA_ERR479149_bin.13.faa_BJIBGPAL_01375	f096e8d35ad4506b2450b1f147f6155a	346	Coils	Coil	Coil	204	231	-	T	10-12-2025	-	-	-	-
PROKKA_ERR479149_bin.13.faa_BJIBGPAL_01375	f096e8d35ad4506b2450b1f147f6155a	346	Pfam	PF07922	Glycosyltransferase family 52	85	311	2.8E-9	T	10-12-2025	IPR012477	Glycosyltransferase family 52	-	-
PROKKA_ERR479136_bin.25.faa_GPEMLBHP_01070	f096e8d35ad4506b2450b1f147f6155a	346	Coils	Coil	Coil	204	231	-	T	10-12-2025	-	-	-	-
PROKKA_ERR479136_bin.25.faa_GPEMLBHP_01070	f096e8d35ad4506b2450b1f147f6155a	346	Pfam	PF07922	Glycosyltransferase family 52	85	311	2.8E-9	T	10-12-2025	IPR012477	Glycosyltransferase family 52	-	-
PROKKA_ERR479049_bin.27.faa_PLGEJJMN_00828	0c2805edaaed26a48f229bcb06ec6432	361	Coils	Coil	Coil	219	246	-	T	10-12-2025	-	-	-	-
PROKKA_ERR479049_bin.27.faa_PLGEJJMN_00828	0c2805edaaed26a48f229bcb06ec6432	361	Pfam	PF07922	Glycosyltransferase family 52	102	326	3.2E-9	T	10-12-2025	IPR012477	Glycosyltransferase family 52	-	-
PROKKA_ERR479137_bin.7.faa_LBMLLFKJ_00953	0c2805edaaed26a48f229bcb06ec6432	361	Coils	Coil	Coil	219	246	-	T	10-12-2025	-	-	-	-
PROKKA_ERR479137_bin.7.faa_LBMLLFKJ_00953	0c2805edaaed26a48f229bcb06ec6432	361	Pfam	PF07922	Glycosyltransferase family 52	102	326	3.2E-9	T	10-12-2025	IPR012477	Glycosyltransferase family 52	-	-
PROKKA_ERR479037_bin.20.faa_EGKMFEJF_01262	0c2805edaaed26a48f229bcb06ec6432	361	Coils	Coil	Coil	219	246	-	T	10-12-2025	-	-	-	-
PROKKA_ERR479037_bin.20.faa_EGKMFEJF_01262	0c2805edaaed26a48f229bcb06ec6432	361	Pfam	PF07922	Glycosyltransferase family 52	102	326	3.2E-9	T	10-12-2025	IPR012477	Glycosyltransferase family 52	-	-
PROKKA_ERR479161_bin.20.faa_ANNBNCNC_01786	0c2805edaaed26a48f229bcb06ec6432	361	Coils	Coil	Coil	219	246	-	T	10-12-2025	-	-	-	-
PROKKA_ERR479161_bin.20.faa_ANNBNCNC_01786	0c2805edaaed26a48f229bcb06ec6432	361	Pfam	PF07922	Glycosyltransferase family 52	102	326	3.2E-9	T	10-12-2025	IPR012477	Glycosyltransferase family 52	-	-
PROKKA_ERR479296_bin.7.faa_CFJBMEFF_01233	0c2805edaaed26a48f229bcb06ec6432	361	Coils	Coil	Coil	219	246	-	T	10-12-2025	-	-	-	-
PROKKA_ERR479296_bin.7.faa_CFJBMEFF_01233	0c2805edaaed26a48f229bcb06ec6432	361	Pfam	PF07922	Glycosyltransferase family 52	102	326	3.2E-9	T	10-12-2025	IPR012477	Glycosyltransferase family 52	-	-
PROKKA_ERR479106_bin.3.faa_OIKDCODN_01934	0c2805edaaed26a48f229bcb06ec6432	361	Coils	Coil	Coil	219	246	-	T	10-12-2025	-	-	-	-
PROKKA_ERR479106_bin.3.faa_OIKDCODN_01934	0c2805edaaed26a48f229bcb06ec6432	361	Pfam	PF07922	Glycosyltransferase family 52	102	326	3.2E-9	T	10-12-2025	IPR012477	Glycosyltransferase family 52	-	-
PROKKA_ERR479105_bin.17.faa_IOPOIPDB_00802	0c2805edaaed26a48f229bcb06ec6432	361	Coils	Coil	Coil	219	246	-	T	10-12-2025	-	-	-	-
PROKKA_ERR479105_bin.17.faa_IOPOIPDB_00802	0c2805edaaed26a48f229bcb06ec6432	361	Pfam	PF07922	Glycosyltransferase family 52	102	326	3.2E-9	T	10-12-2025	IPR012477	Glycosyltransferase family 52	-	-
PROKKA_ERR479298_bin.28.faa_LIOIDLGO_00384	0c2805edaaed26a48f229bcb06ec6432	361	Coils	Coil	Coil	219	246	-	T	10-12-2025	-	-	-	-
PROKKA_ERR479298_bin.28.faa_LIOIDLGO_00384	0c2805edaaed26a48f229bcb06ec6432	361	Pfam	PF07922	Glycosyltransferase family 52	102	326	3.2E-9	T	10-12-2025	IPR012477	Glycosyltransferase family 52	-	-
PROKKA_ERR479285_bin.17.faa_HHHDKOPH_00155	7af8e185b8ddcd1913b00ac4364b6158	361	Coils	Coil	Coil	226	246	-	T	10-12-2025	-	-	-	-
PROKKA_ERR479285_bin.17.faa_HHHDKOPH_00155	7af8e185b8ddcd1913b00ac4364b6158	361	Gene3D	G3DSA:3.40.50.11110	-	218	329	3.9E-5	T	10-12-2025	-	-	-	-
PROKKA_ERR479285_bin.17.faa_HHHDKOPH_00155	7af8e185b8ddcd1913b00ac4364b6158	361	Pfam	PF07922	Glycosyltransferase family 52	114	313	4.8E-10	T	10-12-2025	IPR012477	Glycosyltransferase family 52	-	-
PROKKA_ERR479099_bin.22.faa_JBFCJNLJ_02068	9bd711ef1e415ee4e6b606f4e8b529c4	330	Gene3D	G3DSA:3.40.50.11110	-	201	327	1.4E-10	T	10-12-2025	-	-	-	-
PROKKA_ERR479099_bin.22.faa_JBFCJNLJ_02068	9bd711ef1e415ee4e6b606f4e8b529c4	330	Pfam	PF07922	Glycosyltransferase family 52	98	317	1.9E-15	T	10-12-2025	IPR012477	Glycosyltransferase family 52	-	-
PROKKA_ERR479183_bin.5.faa_EMPILGKL_00331	9bd711ef1e415ee4e6b606f4e8b529c4	330	Gene3D	G3DSA:3.40.50.11110	-	201	327	1.4E-10	T	10-12-2025	-	-	-	-
PROKKA_ERR479183_bin.5.faa_EMPILGKL_00331	9bd711ef1e415ee4e6b606f4e8b529c4	330	Pfam	PF07922	Glycosyltransferase family 52	98	317	1.9E-15	T	10-12-2025	IPR012477	Glycosyltransferase family 52	-	-
PROKKA_ERR479186_bin.10.faa_DAJCOOHK_00149	9bd711ef1e415ee4e6b606f4e8b529c4	330	Gene3D	G3DSA:3.40.50.11110	-	201	327	1.4E-10	T	10-12-2025	-	-	-	-
PROKKA_ERR479186_bin.10.faa_DAJCOOHK_00149	9bd711ef1e415ee4e6b606f4e8b529c4	330	Pfam	PF07922	Glycosyltransferase family 52	98	317	1.9E-15	T	10-12-2025	IPR012477	Glycosyltransferase family 52	-	-
PROKKA_ERR479142_bin.2.faa_NLBFCBBF_01726	0315be78d70a4b3994073c5858c1d8ed	531	Coils	Coil	Coil	496	523	-	T	10-12-2025	-	-	-	-
PROKKA_ERR479142_bin.2.faa_NLBFCBBF_01726	0315be78d70a4b3994073c5858c1d8ed	531	Pfam	PF07388	Alpha-2,8-polysialyltransferase (POLYST)	23	261	8.4E-4	T	10-12-2025	IPR010866	Alpha-2,8-polysialyltransferase	-	-
PROKKA_ERR479145_bin.10.faa_OBEIBJMN_00396	0315be78d70a4b3994073c5858c1d8ed	531	Coils	Coil	Coil	496	523	-	T	10-12-2025	-	-	-	-
PROKKA_ERR479145_bin.10.faa_OBEIBJMN_00396	0315be78d70a4b3994073c5858c1d8ed	531	Pfam	PF07388	Alpha-2,8-polysialyltransferase (POLYST)	23	261	8.4E-4	T	10-12-2025	IPR010866	Alpha-2,8-polysialyltransferase	-	-
PROKKA_ERR479144_bin.9.faa_GGBEGLOO_00228	0315be78d70a4b3994073c5858c1d8ed	531	Coils	Coil	Coil	496	523	-	T	10-12-2025	-	-	-	-
PROKKA_ERR479144_bin.9.faa_GGBEGLOO_00228	0315be78d70a4b3994073c5858c1d8ed	531	Pfam	PF07388	Alpha-2,8-polysialyltransferase (POLYST)	23	261	8.4E-4	T	10-12-2025	IPR010866	Alpha-2,8-polysialyltransferase	-	-
PROKKA_ERR479143_bin.11.faa_BNIEEOJI_00964	0315be78d70a4b3994073c5858c1d8ed	531	Coils	Coil	Coil	496	523	-	T	10-12-2025	-	-	-	-
PROKKA_ERR479143_bin.11.faa_BNIEEOJI_00964	0315be78d70a4b3994073c5858c1d8ed	531	Pfam	PF07388	Alpha-2,8-polysialyltransferase (POLYST)	23	261	8.4E-4	T	10-12-2025	IPR010866	Alpha-2,8-polysialyltransferase	-	-
PROKKA_ERR478985_bin.9.faa_OCKNBMJG_01295	ea857a1fa344afb76c7dbf1a794bf409	531	Pfam	PF07388	Alpha-2,8-polysialyltransferase (POLYST)	23	261	0.0035	T	10-12-2025	IPR010866	Alpha-2,8-polysialyltransferase	-	-
PROKKA_ERR478985_bin.9.faa_OCKNBMJG_01295	ea857a1fa344afb76c7dbf1a794bf409	531	Coils	Coil	Coil	496	523	-	T	10-12-2025	-	-	-	-
PROKKA_ERR478984_bin.6.faa_ECLHPENE_01665	ea857a1fa344afb76c7dbf1a794bf409	531	Pfam	PF07388	Alpha-2,8-polysialyltransferase (POLYST)	23	261	0.0035	T	10-12-2025	IPR010866	Alpha-2,8-polysialyltransferase	-	-
PROKKA_ERR478984_bin.6.faa_ECLHPENE_01665	ea857a1fa344afb76c7dbf1a794bf409	531	Coils	Coil	Coil	496	523	-	T	10-12-2025	-	-	-	-
PROKKA_ERR479075_bin.34.faa_DMGMADME_00767	b5e24640262490f7cfe3c3560407e70c	362	Pfam	PF07388	Alpha-2,8-polysialyltransferase (POLYST)	3	317	1.4E-14	T	10-12-2025	IPR010866	Alpha-2,8-polysialyltransferase	-	-
PROKKA_ERR479219_bin.10.faa_BPJIKGDO_06982	f5bae1c709433213166f3fa47aa21f37	301	Pfam	PF07388	Alpha-2,8-polysialyltransferase (POLYST)	7	216	1.8E-9	T	10-12-2025	IPR010866	Alpha-2,8-polysialyltransferase	-	-
PROKKA_ERR478964_bin.21.faa_HJOJPMGA_01199	87b631404e552d852d98831962f5e140	361	Pfam	PF07922	Glycosyltransferase family 52	114	326	3.2E-8	T	10-12-2025	IPR012477	Glycosyltransferase family 52	-	-
PROKKA_ERR478966_bin.19.faa_PROKKA_ERR478966_bin.19.faa_IHOGOPPG_01087	87b631404e552d852d98831962f5e140	361	Pfam	PF07922	Glycosyltransferase family 52	114	326	3.2E-8	T	10-12-2025	IPR012477	Glycosyltransferase family 52	-	-
PROKKA_ERR478965_bin.13.faa_EAOLCAHB_00759	87b631404e552d852d98831962f5e140	361	Pfam	PF07922	Glycosyltransferase family 52	114	326	3.2E-8	T	10-12-2025	IPR012477	Glycosyltransferase family 52	-	-
PROKKA_ERR479209_bin.16.faa_ECOCIFAB_01320	87b631404e552d852d98831962f5e140	361	Pfam	PF07922	Glycosyltransferase family 52	114	326	3.2E-8	T	10-12-2025	IPR012477	Glycosyltransferase family 52	-	-
PROKKA_ERR478976_bin.5.faa_OPBHKNLD_01486	25760e5e9fd9d987c316e1f3ba120c65	335	Gene3D	G3DSA:3.40.50.11110	-	199	304	1.0E-7	T	10-12-2025	-	-	-	-
PROKKA_ERR478976_bin.5.faa_OPBHKNLD_01486	25760e5e9fd9d987c316e1f3ba120c65	335	Pfam	PF07388	Alpha-2,8-polysialyltransferase (POLYST)	4	295	4.4E-6	T	10-12-2025	IPR010866	Alpha-2,8-polysialyltransferase	-	-
PROKKA_ERR478976_bin.5.faa_OPBHKNLD_01486	25760e5e9fd9d987c316e1f3ba120c65	335	Coils	Coil	Coil	238	258	-	T	10-12-2025	-	-	-	-
PROKKA_ERR479218_bin.34.faa_PJGLDJPD_01246	25760e5e9fd9d987c316e1f3ba120c65	335	Gene3D	G3DSA:3.40.50.11110	-	199	304	1.0E-7	T	10-12-2025	-	-	-	-
PROKKA_ERR479218_bin.34.faa_PJGLDJPD_01246	25760e5e9fd9d987c316e1f3ba120c65	335	Pfam	PF07388	Alpha-2,8-polysialyltransferase (POLYST)	4	295	4.4E-6	T	10-12-2025	IPR010866	Alpha-2,8-polysialyltransferase	-	-
PROKKA_ERR479218_bin.34.faa_PJGLDJPD_01246	25760e5e9fd9d987c316e1f3ba120c65	335	Coils	Coil	Coil	238	258	-	T	10-12-2025	-	-	-	-
PROKKA_ERR479217_bin.4.faa_HCJDHFBA_01181	25760e5e9fd9d987c316e1f3ba120c65	335	Gene3D	G3DSA:3.40.50.11110	-	199	304	1.0E-7	T	10-12-2025	-	-	-	-
PROKKA_ERR479217_bin.4.faa_HCJDHFBA_01181	25760e5e9fd9d987c316e1f3ba120c65	335	Pfam	PF07388	Alpha-2,8-polysialyltransferase (POLYST)	4	295	4.4E-6	T	10-12-2025	IPR010866	Alpha-2,8-polysialyltransferase	-	-
PROKKA_ERR479217_bin.4.faa_HCJDHFBA_01181	25760e5e9fd9d987c316e1f3ba120c65	335	Coils	Coil	Coil	238	258	-	T	10-12-2025	-	-	-	-
PROKKA_ERR479156_bin.9.faa_EEGKGBGH_00380	25760e5e9fd9d987c316e1f3ba120c65	335	Gene3D	G3DSA:3.40.50.11110	-	199	304	1.0E-7	T	10-12-2025	-	-	-	-
PROKKA_ERR479156_bin.9.faa_EEGKGBGH_00380	25760e5e9fd9d987c316e1f3ba120c65	335	Pfam	PF07388	Alpha-2,8-polysialyltransferase (POLYST)	4	295	4.4E-6	T	10-12-2025	IPR010866	Alpha-2,8-polysialyltransferase	-	-
PROKKA_ERR479156_bin.9.faa_EEGKGBGH_00380	25760e5e9fd9d987c316e1f3ba120c65	335	Coils	Coil	Coil	238	258	-	T	10-12-2025	-	-	-	-
PROKKA_ERR479242_bin.4.faa_EKCLKFJM_05335	25760e5e9fd9d987c316e1f3ba120c65	335	Gene3D	G3DSA:3.40.50.11110	-	199	304	1.0E-7	T	10-12-2025	-	-	-	-
PROKKA_ERR479242_bin.4.faa_EKCLKFJM_05335	25760e5e9fd9d987c316e1f3ba120c65	335	Pfam	PF07388	Alpha-2,8-polysialyltransferase (POLYST)	4	295	4.4E-6	T	10-12-2025	IPR010866	Alpha-2,8-polysialyltransferase	-	-
PROKKA_ERR479242_bin.4.faa_EKCLKFJM_05335	25760e5e9fd9d987c316e1f3ba120c65	335	Coils	Coil	Coil	238	258	-	T	10-12-2025	-	-	-	-
PROKKA_ERR479237_bin.15.faa_OJJDHOAF_00689	25760e5e9fd9d987c316e1f3ba120c65	335	Gene3D	G3DSA:3.40.50.11110	-	199	304	1.0E-7	T	10-12-2025	-	-	-	-
PROKKA_ERR479237_bin.15.faa_OJJDHOAF_00689	25760e5e9fd9d987c316e1f3ba120c65	335	Pfam	PF07388	Alpha-2,8-polysialyltransferase (POLYST)	4	295	4.4E-6	T	10-12-2025	IPR010866	Alpha-2,8-polysialyltransferase	-	-
PROKKA_ERR479237_bin.15.faa_OJJDHOAF_00689	25760e5e9fd9d987c316e1f3ba120c65	335	Coils	Coil	Coil	238	258	-	T	10-12-2025	-	-	-	-
PROKKA_ERR479417_bin.40.faa_FCOLAKGC_02233	25760e5e9fd9d987c316e1f3ba120c65	335	Gene3D	G3DSA:3.40.50.11110	-	199	304	1.0E-7	T	10-12-2025	-	-	-	-
PROKKA_ERR479417_bin.40.faa_FCOLAKGC_02233	25760e5e9fd9d987c316e1f3ba120c65	335	Pfam	PF07388	Alpha-2,8-polysialyltransferase (POLYST)	4	295	4.4E-6	T	10-12-2025	IPR010866	Alpha-2,8-polysialyltransferase	-	-
PROKKA_ERR479417_bin.40.faa_FCOLAKGC_02233	25760e5e9fd9d987c316e1f3ba120c65	335	Coils	Coil	Coil	238	258	-	T	10-12-2025	-	-	-	-
PROKKA_ERR479284_bin.29.faa_MOEKJALJ_01238	97cd1b03e6f714a83c5aa20e0e4c5c2c	168	Gene3D	G3DSA:3.40.50.11110	-	28	160	6.3E-30	T	10-12-2025	-	-	-	-
PROKKA_ERR479284_bin.29.faa_MOEKJALJ_01238	97cd1b03e6f714a83c5aa20e0e4c5c2c	168	SUPERFAMILY	SSF53756	UDP-Glycosyltransferase/glycogen phosphorylase	9	147	5.34E-13	T	10-12-2025	-	-	-	-
PROKKA_ERR479050_bin.8.faa_OHGHAGGC_00347	97cd1b03e6f714a83c5aa20e0e4c5c2c	168	Gene3D	G3DSA:3.40.50.11110	-	28	160	6.3E-30	T	10-12-2025	-	-	-	-
PROKKA_ERR479050_bin.8.faa_OHGHAGGC_00347	97cd1b03e6f714a83c5aa20e0e4c5c2c	168	SUPERFAMILY	SSF53756	UDP-Glycosyltransferase/glycogen phosphorylase	9	147	5.34E-13	T	10-12-2025	-	-	-	-
PROKKA_ERR479083_bin.34.faa_FBPHBMMP_01510	4919bf1a1fef8b69221a6c8aca8ad98a	309	Gene3D	G3DSA:3.40.50.11110	-	169	300	1.4E-29	T	10-12-2025	-	-	-	-
PROKKA_ERR479083_bin.34.faa_FBPHBMMP_01510	4919bf1a1fef8b69221a6c8aca8ad98a	309	SUPERFAMILY	SSF53756	UDP-Glycosyltransferase/glycogen phosphorylase	47	285	8.79E-17	T	10-12-2025	-	-	-	-
PROKKA_ERR479172_bin.17.faa_CBIJLJNN_00854	f50a2035e8e1d8de2642e58c25c05a9b	190	Coils	Coil	Coil	48	75	-	T	10-12-2025	-	-	-	-
PROKKA_ERR479172_bin.17.faa_CBIJLJNN_00854	f50a2035e8e1d8de2642e58c25c05a9b	190	Pfam	PF07922	Glycosyltransferase family 52	5	155	1.3E-5	T	10-12-2025	IPR012477	Glycosyltransferase family 52	-	-
PROKKA_ERR479084_bin.35.faa_PEEEBDFO_00565	b69e38bb023a623ff4daf7e475151e4b	334	Pfam	PF07922	Glycosyltransferase family 52	194	310	0.0087	T	10-12-2025	IPR012477	Glycosyltransferase family 52	-	-
PROKKA_ERR479068_bin.21.faa_AGPDLJPO_01050	64ab8373e7cccdcc8506722ccf1cc882	322	Pfam	PF07922	Glycosyltransferase family 52	199	284	7.5E-5	T	10-12-2025	IPR012477	Glycosyltransferase family 52	-	-
PROKKA_ERR479069_bin.25.faa_FOJGIHMM_00993	64ab8373e7cccdcc8506722ccf1cc882	322	Pfam	PF07922	Glycosyltransferase family 52	199	284	7.5E-5	T	10-12-2025	IPR012477	Glycosyltransferase family 52	-	-
PROKKA_ERR478971_bin.9.faa_PROKKA_ERR478971_bin.9.faa_MIAJEGEN_04538	4d812f9500d843f748880d727eb71812	361	Coils	Coil	Coil	226	246	-	T	10-12-2025	-	-	-	-
PROKKA_ERR478971_bin.9.faa_PROKKA_ERR478971_bin.9.faa_MIAJEGEN_04538	4d812f9500d843f748880d727eb71812	361	Gene3D	G3DSA:3.40.50.11110	-	218	329	1.8E-5	T	10-12-2025	-	-	-	-
PROKKA_ERR478971_bin.9.faa_PROKKA_ERR478971_bin.9.faa_MIAJEGEN_04538	4d812f9500d843f748880d727eb71812	361	Pfam	PF07922	Glycosyltransferase family 52	114	313	4.9E-10	T	10-12-2025	IPR012477	Glycosyltransferase family 52	-	-
PROKKA_ERR478970_bin.8.faa_PCBONNMH_00599	4d812f9500d843f748880d727eb71812	361	Coils	Coil	Coil	226	246	-	T	10-12-2025	-	-	-	-
PROKKA_ERR478970_bin.8.faa_PCBONNMH_00599	4d812f9500d843f748880d727eb71812	361	Gene3D	G3DSA:3.40.50.11110	-	218	329	1.8E-5	T	10-12-2025	-	-	-	-
PROKKA_ERR478970_bin.8.faa_PCBONNMH_00599	4d812f9500d843f748880d727eb71812	361	Pfam	PF07922	Glycosyltransferase family 52	114	313	4.9E-10	T	10-12-2025	IPR012477	Glycosyltransferase family 52	-	-
PROKKA_ERR478972_bin.11.faa_PROKKA_ERR478972_bin.11.faa_IPKHJFPM_01257	4d812f9500d843f748880d727eb71812	361	Coils	Coil	Coil	226	246	-	T	10-12-2025	-	-	-	-
PROKKA_ERR478972_bin.11.faa_PROKKA_ERR478972_bin.11.faa_IPKHJFPM_01257	4d812f9500d843f748880d727eb71812	361	Gene3D	G3DSA:3.40.50.11110	-	218	329	1.8E-5	T	10-12-2025	-	-	-	-
PROKKA_ERR478972_bin.11.faa_PROKKA_ERR478972_bin.11.faa_IPKHJFPM_01257	4d812f9500d843f748880d727eb71812	361	Pfam	PF07922	Glycosyltransferase family 52	114	313	4.9E-10	T	10-12-2025	IPR012477	Glycosyltransferase family 52	-	-
PROKKA_ERR478973_bin.12.faa_PROKKA_ERR478973_bin.12.faa_HGFAOFDJ_03260	4d812f9500d843f748880d727eb71812	361	Coils	Coil	Coil	226	246	-	T	10-12-2025	-	-	-	-
PROKKA_ERR478973_bin.12.faa_PROKKA_ERR478973_bin.12.faa_HGFAOFDJ_03260	4d812f9500d843f748880d727eb71812	361	Gene3D	G3DSA:3.40.50.11110	-	218	329	1.8E-5	T	10-12-2025	-	-	-	-
PROKKA_ERR478973_bin.12.faa_PROKKA_ERR478973_bin.12.faa_HGFAOFDJ_03260	4d812f9500d843f748880d727eb71812	361	Pfam	PF07922	Glycosyltransferase family 52	114	313	4.9E-10	T	10-12-2025	IPR012477	Glycosyltransferase family 52	-	-
PROKKA_ERR479057_bin.9.faa_MODPNIPJ_02118	548d868d60bacc5ff0b6903b91be2f5d	364	Pfam	PF07388	Alpha-2,8-polysialyltransferase (POLYST)	6	310	5.7E-5	T	10-12-2025	IPR010866	Alpha-2,8-polysialyltransferase	-	-
PROKKA_ERR479141_bin.7.faa_NDGMGPKK_00165	59c4a5991a3354d21933a5b2e4facff6	336	Gene3D	G3DSA:3.40.50.11110	-	202	324	3.9E-10	T	10-12-2025	-	-	-	-
PROKKA_ERR479141_bin.7.faa_NDGMGPKK_00165	59c4a5991a3354d21933a5b2e4facff6	336	Pfam	PF07922	Glycosyltransferase family 52	105	317	6.8E-29	T	10-12-2025	IPR012477	Glycosyltransferase family 52	-	-
PROKKA_ERR479247_bin.23.faa_HKMJBOLC_01000	a399dc615f7f3ed3a788d1145c0834ee	366	Pfam	PF07388	Alpha-2,8-polysialyltransferase (POLYST)	3	293	4.1E-6	T	10-12-2025	IPR010866	Alpha-2,8-polysialyltransferase	-	-
PROKKA_ERR479011_bin.3.faa_IKIKKIPH_00628	deeb67cece0845bf71bdf706f6736321	346	Coils	Coil	Coil	211	231	-	T	10-12-2025	-	-	-	-
PROKKA_ERR479011_bin.3.faa_IKIKKIPH_00628	deeb67cece0845bf71bdf706f6736321	346	Pfam	PF07922	Glycosyltransferase family 52	99	298	4.2E-10	T	10-12-2025	IPR012477	Glycosyltransferase family 52	-	-
PROKKA_ERR479011_bin.3.faa_IKIKKIPH_00628	deeb67cece0845bf71bdf706f6736321	346	Gene3D	G3DSA:3.40.50.11110	-	203	314	3.6E-5	T	10-12-2025	-	-	-	-
PROKKA_ERR479193_bin.13.faa_ACBCDLOH_01618	8e2a77e14d3c41d05f6d6995ef08b481	361	Coils	Coil	Coil	226	246	-	T	10-12-2025	-	-	-	-
PROKKA_ERR479193_bin.13.faa_ACBCDLOH_01618	8e2a77e14d3c41d05f6d6995ef08b481	361	Pfam	PF07922	Glycosyltransferase family 52	115	326	1.9E-10	T	10-12-2025	IPR012477	Glycosyltransferase family 52	-	-
PROKKA_ERR479414_bin.7.faa_HCINMLGI_01105	8e2a77e14d3c41d05f6d6995ef08b481	361	Coils	Coil	Coil	226	246	-	T	10-12-2025	-	-	-	-
PROKKA_ERR479414_bin.7.faa_HCINMLGI_01105	8e2a77e14d3c41d05f6d6995ef08b481	361	Pfam	PF07922	Glycosyltransferase family 52	115	326	1.9E-10	T	10-12-2025	IPR012477	Glycosyltransferase family 52	-	-
PROKKA_ERR479413_bin.17.faa_DCPICOCF_01263	8e2a77e14d3c41d05f6d6995ef08b481	361	Coils	Coil	Coil	226	246	-	T	10-12-2025	-	-	-	-
PROKKA_ERR479413_bin.17.faa_DCPICOCF_01263	8e2a77e14d3c41d05f6d6995ef08b481	361	Pfam	PF07922	Glycosyltransferase family 52	115	326	1.9E-10	T	10-12-2025	IPR012477	Glycosyltransferase family 52	-	-
PROKKA_ERR479194_bin.5.faa_HBBEPNAO_02046	8e2a77e14d3c41d05f6d6995ef08b481	361	Coils	Coil	Coil	226	246	-	T	10-12-2025	-	-	-	-
PROKKA_ERR479194_bin.5.faa_HBBEPNAO_02046	8e2a77e14d3c41d05f6d6995ef08b481	361	Pfam	PF07922	Glycosyltransferase family 52	115	326	1.9E-10	T	10-12-2025	IPR012477	Glycosyltransferase family 52	-	-
PROKKA_ERR479071_bin.22.faa_DOIKCJOK_01327	453a511f1751992c97b0b4d4492a278c	361	Coils	Coil	Coil	226	246	-	T	10-12-2025	-	-	-	-
PROKKA_ERR479071_bin.22.faa_DOIKCJOK_01327	453a511f1751992c97b0b4d4492a278c	361	Pfam	PF07922	Glycosyltransferase family 52	114	313	4.9E-10	T	10-12-2025	IPR012477	Glycosyltransferase family 52	-	-
PROKKA_ERR479071_bin.22.faa_DOIKCJOK_01327	453a511f1751992c97b0b4d4492a278c	361	Gene3D	G3DSA:3.40.50.11110	-	218	329	3.9E-5	T	10-12-2025	-	-	-	-
PROKKA_ERR479140_bin.11.faa_CGBNIDIC_01467	453a511f1751992c97b0b4d4492a278c	361	Coils	Coil	Coil	226	246	-	T	10-12-2025	-	-	-	-
PROKKA_ERR479140_bin.11.faa_CGBNIDIC_01467	453a511f1751992c97b0b4d4492a278c	361	Pfam	PF07922	Glycosyltransferase family 52	114	313	4.9E-10	T	10-12-2025	IPR012477	Glycosyltransferase family 52	-	-
PROKKA_ERR479140_bin.11.faa_CGBNIDIC_01467	453a511f1751992c97b0b4d4492a278c	361	Gene3D	G3DSA:3.40.50.11110	-	218	329	3.9E-5	T	10-12-2025	-	-	-	-
PROKKA_ERR479066_bin.11.faa_JICHCOEI_01346	453a511f1751992c97b0b4d4492a278c	361	Coils	Coil	Coil	226	246	-	T	10-12-2025	-	-	-	-
PROKKA_ERR479066_bin.11.faa_JICHCOEI_01346	453a511f1751992c97b0b4d4492a278c	361	Pfam	PF07922	Glycosyltransferase family 52	114	313	4.9E-10	T	10-12-2025	IPR012477	Glycosyltransferase family 52	-	-
PROKKA_ERR479066_bin.11.faa_JICHCOEI_01346	453a511f1751992c97b0b4d4492a278c	361	Gene3D	G3DSA:3.40.50.11110	-	218	329	3.9E-5	T	10-12-2025	-	-	-	-
PROKKA_ERR479074_bin.18.faa_NOIKEDNF_00307	453a511f1751992c97b0b4d4492a278c	361	Coils	Coil	Coil	226	246	-	T	10-12-2025	-	-	-	-
PROKKA_ERR479074_bin.18.faa_NOIKEDNF_00307	453a511f1751992c97b0b4d4492a278c	361	Pfam	PF07922	Glycosyltransferase family 52	114	313	4.9E-10	T	10-12-2025	IPR012477	Glycosyltransferase family 52	-	-
PROKKA_ERR479074_bin.18.faa_NOIKEDNF_00307	453a511f1751992c97b0b4d4492a278c	361	Gene3D	G3DSA:3.40.50.11110	-	218	329	3.9E-5	T	10-12-2025	-	-	-	-
PROKKA_ERR479080_bin.18.faa_BIAFKMNM_00019	b3531a43679f1ddfad8be9b411ea271d	359	Pfam	PF07388	Alpha-2,8-polysialyltransferase (POLYST)	4	260	0.11	T	10-12-2025	IPR010866	Alpha-2,8-polysialyltransferase	-	-
PROKKA_ERR479006_bin.4.faa_KFBEFBME_00137	b3531a43679f1ddfad8be9b411ea271d	359	Pfam	PF07388	Alpha-2,8-polysialyltransferase (POLYST)	4	260	0.11	T	10-12-2025	IPR010866	Alpha-2,8-polysialyltransferase	-	-
PROKKA_ERR479007_bin.1.faa_PROKKA_ERR479007_bin.1.faa_HEAGENCN_02740	b3531a43679f1ddfad8be9b411ea271d	359	Pfam	PF07388	Alpha-2,8-polysialyltransferase (POLYST)	4	260	0.11	T	10-12-2025	IPR010866	Alpha-2,8-polysialyltransferase	-	-
PROKKA_ERR479009_bin.11.faa_PROKKA_ERR479009_bin.11.faa_AOHMJAME_00126	b3531a43679f1ddfad8be9b411ea271d	359	Pfam	PF07388	Alpha-2,8-polysialyltransferase (POLYST)	4	260	0.11	T	10-12-2025	IPR010866	Alpha-2,8-polysialyltransferase	-	-
PROKKA_ERR479123_bin.6.faa_DBJMAGEK_03330	b3531a43679f1ddfad8be9b411ea271d	359	Pfam	PF07388	Alpha-2,8-polysialyltransferase (POLYST)	4	260	0.11	T	10-12-2025	IPR010866	Alpha-2,8-polysialyltransferase	-	-
PROKKA_ERR479004_bin.10.faa_JGILEJKO_01574	b3531a43679f1ddfad8be9b411ea271d	359	Pfam	PF07388	Alpha-2,8-polysialyltransferase (POLYST)	4	260	0.11	T	10-12-2025	IPR010866	Alpha-2,8-polysialyltransferase	-	-
PROKKA_ERR479008_bin.2.faa_BKOOJCOC_02465	b3531a43679f1ddfad8be9b411ea271d	359	Pfam	PF07388	Alpha-2,8-polysialyltransferase (POLYST)	4	260	0.11	T	10-12-2025	IPR010866	Alpha-2,8-polysialyltransferase	-	-
PROKKA_ERR479005_bin.2.faa_IDJPHOKN_01770	b3531a43679f1ddfad8be9b411ea271d	359	Pfam	PF07388	Alpha-2,8-polysialyltransferase (POLYST)	4	260	0.11	T	10-12-2025	IPR010866	Alpha-2,8-polysialyltransferase	-	-
PROKKA_ERR479081_bin.19.faa_GFHAIIFM_00551	b3531a43679f1ddfad8be9b411ea271d	359	Pfam	PF07388	Alpha-2,8-polysialyltransferase (POLYST)	4	260	0.11	T	10-12-2025	IPR010866	Alpha-2,8-polysialyltransferase	-	-
PROKKA_ERR479122_bin.10.faa_ACFJNGCH_02052	b3531a43679f1ddfad8be9b411ea271d	359	Pfam	PF07388	Alpha-2,8-polysialyltransferase (POLYST)	4	260	0.11	T	10-12-2025	IPR010866	Alpha-2,8-polysialyltransferase	-	-
PROKKA_ERR479246_bin.19.faa_CIBNHGOL_00228	e6d090ff6ce30724179a4c7519e83dc2	324	Pfam	PF07922	Glycosyltransferase family 52	101	295	2.2E-18	T	10-12-2025	IPR012477	Glycosyltransferase family 52	-	-
PROKKA_ERR479246_bin.19.faa_CIBNHGOL_00228	e6d090ff6ce30724179a4c7519e83dc2	324	Gene3D	G3DSA:3.40.50.11110	-	189	322	1.0E-11	T	10-12-2025	-	-	-	-
PROKKA_ERR479245_bin.7.faa_PECLJAIC_00473	e6d090ff6ce30724179a4c7519e83dc2	324	Pfam	PF07922	Glycosyltransferase family 52	101	295	2.2E-18	T	10-12-2025	IPR012477	Glycosyltransferase family 52	-	-
PROKKA_ERR479245_bin.7.faa_PECLJAIC_00473	e6d090ff6ce30724179a4c7519e83dc2	324	Gene3D	G3DSA:3.40.50.11110	-	189	322	1.0E-11	T	10-12-2025	-	-	-	-
PROKKA_ERR479248_bin.27.faa_EBDMEDLE_00151	e6d090ff6ce30724179a4c7519e83dc2	324	Pfam	PF07922	Glycosyltransferase family 52	101	295	2.2E-18	T	10-12-2025	IPR012477	Glycosyltransferase family 52	-	-
PROKKA_ERR479248_bin.27.faa_EBDMEDLE_00151	e6d090ff6ce30724179a4c7519e83dc2	324	Gene3D	G3DSA:3.40.50.11110	-	189	322	1.0E-11	T	10-12-2025	-	-	-	-
PROKKA_ERR478989_bin.6.faa_FKCMJNPE_05394	a528973db82f32ab5987682ad65f406b	146	Pfam	PF07922	Glycosyltransferase family 52	9	124	5.9E-12	T	10-12-2025	IPR012477	Glycosyltransferase family 52	-	-
PROKKA_ERR478989_bin.6.faa_FKCMJNPE_05394	a528973db82f32ab5987682ad65f406b	146	Gene3D	G3DSA:3.40.50.11110	-	5	131	3.2E-10	T	10-12-2025	-	-	-	-
PROKKA_ERR479038_bin.16.faa_PROKKA_ERR479038_bin.16.faa_AAJAEEDH_00605	b53e767767d19dfab972508ded9b6593	498	SUPERFAMILY	SSF53756	UDP-Glycosyltransferase/glycogen phosphorylase	129	473	7.85E-15	T	10-12-2025	-	-	-	-
PROKKA_ERR479038_bin.16.faa_PROKKA_ERR479038_bin.16.faa_AAJAEEDH_00605	b53e767767d19dfab972508ded9b6593	498	CDD	cd14948	BACON	39	114	9.04011E-8	T	10-12-2025	IPR024361	Bacteroidetes-Associated Carbohydrate-binding Often N-terminal	-	-
PROKKA_ERR479038_bin.16.faa_PROKKA_ERR479038_bin.16.faa_AAJAEEDH_00605	b53e767767d19dfab972508ded9b6593	498	Gene3D	G3DSA:3.40.50.11110	-	359	484	4.0E-29	T	10-12-2025	-	-	-	-
PROKKA_ERR479280_bin.10.faa_IBCMDHKD_00191	f6c1cd4d2e9f620633fde79e8783f55e	500	CDD	cd14948	BACON	40	116	1.72746E-13	T	10-12-2025	IPR024361	Bacteroidetes-Associated Carbohydrate-binding Often N-terminal	-	-
PROKKA_ERR479280_bin.10.faa_IBCMDHKD_00191	f6c1cd4d2e9f620633fde79e8783f55e	500	Gene3D	G3DSA:3.40.50.11110	-	361	491	3.5E-29	T	10-12-2025	-	-	-	-
PROKKA_ERR479280_bin.10.faa_IBCMDHKD_00191	f6c1cd4d2e9f620633fde79e8783f55e	500	SUPERFAMILY	SSF53756	UDP-Glycosyltransferase/glycogen phosphorylase	234	477	2.64E-14	T	10-12-2025	-	-	-	-
PROKKA_ERR479280_bin.10.faa_IBCMDHKD_00191	f6c1cd4d2e9f620633fde79e8783f55e	500	Gene3D	G3DSA:2.60.40.10	Immunoglobulins	32	115	2.6E-11	T	10-12-2025	IPR013783	Immunoglobulin-like fold	-	-
PROKKA_ERR479280_bin.10.faa_IBCMDHKD_00191	f6c1cd4d2e9f620633fde79e8783f55e	500	Pfam	PF13004	Putative binding domain, N-terminal	59	115	4.4E-7	T	10-12-2025	IPR024361	Bacteroidetes-Associated Carbohydrate-binding Often N-terminal	-	-
PROKKA_ERR479165_bin.9.faa_BNFIPABC_00125	f6c1cd4d2e9f620633fde79e8783f55e	500	CDD	cd14948	BACON	40	116	1.72746E-13	T	10-12-2025	IPR024361	Bacteroidetes-Associated Carbohydrate-binding Often N-terminal	-	-
PROKKA_ERR479165_bin.9.faa_BNFIPABC_00125	f6c1cd4d2e9f620633fde79e8783f55e	500	Gene3D	G3DSA:3.40.50.11110	-	361	491	3.5E-29	T	10-12-2025	-	-	-	-
PROKKA_ERR479165_bin.9.faa_BNFIPABC_00125	f6c1cd4d2e9f620633fde79e8783f55e	500	SUPERFAMILY	SSF53756	UDP-Glycosyltransferase/glycogen phosphorylase	234	477	2.64E-14	T	10-12-2025	-	-	-	-
PROKKA_ERR479165_bin.9.faa_BNFIPABC_00125	f6c1cd4d2e9f620633fde79e8783f55e	500	Gene3D	G3DSA:2.60.40.10	Immunoglobulins	32	115	2.6E-11	T	10-12-2025	IPR013783	Immunoglobulin-like fold	-	-
PROKKA_ERR479165_bin.9.faa_BNFIPABC_00125	f6c1cd4d2e9f620633fde79e8783f55e	500	Pfam	PF13004	Putative binding domain, N-terminal	59	115	4.4E-7	T	10-12-2025	IPR024361	Bacteroidetes-Associated Carbohydrate-binding Often N-terminal	-	-
PROKKA_ERR479283_bin.7.faa_GIGILLKE_01265	f6c1cd4d2e9f620633fde79e8783f55e	500	CDD	cd14948	BACON	40	116	1.72746E-13	T	10-12-2025	IPR024361	Bacteroidetes-Associated Carbohydrate-binding Often N-terminal	-	-
PROKKA_ERR479283_bin.7.faa_GIGILLKE_01265	f6c1cd4d2e9f620633fde79e8783f55e	500	Gene3D	G3DSA:3.40.50.11110	-	361	491	3.5E-29	T	10-12-2025	-	-	-	-
PROKKA_ERR479283_bin.7.faa_GIGILLKE_01265	f6c1cd4d2e9f620633fde79e8783f55e	500	SUPERFAMILY	SSF53756	UDP-Glycosyltransferase/glycogen phosphorylase	234	477	2.64E-14	T	10-12-2025	-	-	-	-
PROKKA_ERR479283_bin.7.faa_GIGILLKE_01265	f6c1cd4d2e9f620633fde79e8783f55e	500	Gene3D	G3DSA:2.60.40.10	Immunoglobulins	32	115	2.6E-11	T	10-12-2025	IPR013783	Immunoglobulin-like fold	-	-
PROKKA_ERR479283_bin.7.faa_GIGILLKE_01265	f6c1cd4d2e9f620633fde79e8783f55e	500	Pfam	PF13004	Putative binding domain, N-terminal	59	115	4.4E-7	T	10-12-2025	IPR024361	Bacteroidetes-Associated Carbohydrate-binding Often N-terminal	-	-
PROKKA_ERR479282_bin.7.faa_DAOIJHKP_01028	f6c1cd4d2e9f620633fde79e8783f55e	500	CDD	cd14948	BACON	40	116	1.72746E-13	T	10-12-2025	IPR024361	Bacteroidetes-Associated Carbohydrate-binding Often N-terminal	-	-
PROKKA_ERR479282_bin.7.faa_DAOIJHKP_01028	f6c1cd4d2e9f620633fde79e8783f55e	500	Gene3D	G3DSA:3.40.50.11110	-	361	491	3.5E-29	T	10-12-2025	-	-	-	-
PROKKA_ERR479282_bin.7.faa_DAOIJHKP_01028	f6c1cd4d2e9f620633fde79e8783f55e	500	SUPERFAMILY	SSF53756	UDP-Glycosyltransferase/glycogen phosphorylase	234	477	2.64E-14	T	10-12-2025	-	-	-	-
PROKKA_ERR479282_bin.7.faa_DAOIJHKP_01028	f6c1cd4d2e9f620633fde79e8783f55e	500	Gene3D	G3DSA:2.60.40.10	Immunoglobulins	32	115	2.6E-11	T	10-12-2025	IPR013783	Immunoglobulin-like fold	-	-
PROKKA_ERR479282_bin.7.faa_DAOIJHKP_01028	f6c1cd4d2e9f620633fde79e8783f55e	500	Pfam	PF13004	Putative binding domain, N-terminal	59	115	4.4E-7	T	10-12-2025	IPR024361	Bacteroidetes-Associated Carbohydrate-binding Often N-terminal	-	-
PROKKA_ERR479226_bin.6.faa_MADDMDCE_00014	e16d86d01d51936bd0a9ca0948f28821	138	Gene3D	G3DSA:3.40.50.11110	-	3	137	1.4E-12	T	10-12-2025	-	-	-	-
PROKKA_ERR479226_bin.6.faa_MADDMDCE_00014	e16d86d01d51936bd0a9ca0948f28821	138	Pfam	PF07922	Glycosyltransferase family 52	4	109	2.2E-11	T	10-12-2025	IPR012477	Glycosyltransferase family 52	-	-
PROKKA_ERR479062_bin.14.faa_OCMFMBLJ_00247	68fa85f6cb40363c9e34bc62916775e5	324	Pfam	PF07388	Alpha-2,8-polysialyltransferase (POLYST)	108	295	0.023	T	10-12-2025	IPR010866	Alpha-2,8-polysialyltransferase	-	-
PROKKA_ERR479290_bin.9.faa_AGKDNLME_01721	c35a7366b5dd07f9981d237546da8fd2	341	Pfam	PF07388	Alpha-2,8-polysialyltransferase (POLYST)	16	312	4.9E-7	T	10-12-2025	IPR010866	Alpha-2,8-polysialyltransferase	-	-
PROKKA_ERR479078_bin.50.faa_NHOCDJIH_01136	c35a7366b5dd07f9981d237546da8fd2	341	Pfam	PF07388	Alpha-2,8-polysialyltransferase (POLYST)	16	312	4.9E-7	T	10-12-2025	IPR010866	Alpha-2,8-polysialyltransferase	-	-
PROKKA_ERR479041_bin.5.faa_KMLGJMLK_00333	9e81e2e84b0d9691a559ab4ff89a8915	361	Gene3D	G3DSA:3.40.50.11110	-	218	329	4.2E-5	T	10-12-2025	-	-	-	-
PROKKA_ERR479041_bin.5.faa_KMLGJMLK_00333	9e81e2e84b0d9691a559ab4ff89a8915	361	Pfam	PF07922	Glycosyltransferase family 52	111	313	6.3E-10	T	10-12-2025	IPR012477	Glycosyltransferase family 52	-	-
PROKKA_ERR479236_bin.30.faa_HFHEBGOE_00974	17856e4c2f59792bba5e742fde869cb6	531	Pfam	PF07388	Alpha-2,8-polysialyltransferase (POLYST)	23	261	0.0045	T	10-12-2025	IPR010866	Alpha-2,8-polysialyltransferase	-	-
PROKKA_ERR479236_bin.30.faa_HFHEBGOE_00974	17856e4c2f59792bba5e742fde869cb6	531	Coils	Coil	Coil	496	523	-	T	10-12-2025	-	-	-	-
PROKKA_ERR479185_bin.1.faa_DHMNCFLL_01326	b854939a6e12069c891984aac53f9006	565	Gene3D	G3DSA:3.40.50.11110	-	206	340	1.6E-5	T	10-12-2025	-	-	-	-
PROKKA_ERR479185_bin.1.faa_DHMNCFLL_01326	b854939a6e12069c891984aac53f9006	565	Coils	Coil	Coil	537	557	-	T	10-12-2025	-	-	-	-
PROKKA_ERR479185_bin.1.faa_DHMNCFLL_01326	b854939a6e12069c891984aac53f9006	565	Pfam	PF07922	Glycosyltransferase family 52	72	332	7.5E-5	T	10-12-2025	IPR012477	Glycosyltransferase family 52	-	-
PROKKA_ERR479222_bin.12.faa_GPDHECND_03018	25c64afc8970ef26dcd430756537d889	377	Gene3D	G3DSA:3.40.50.12580	-	225	362	4.5E-6	T	10-12-2025	IPR043148	CDP-glycerol glycerophosphotransferase, C-terminal domain	-	-
PROKKA_ERR479222_bin.12.faa_GPDHECND_03018	25c64afc8970ef26dcd430756537d889	377	SUPERFAMILY	SSF53756	UDP-Glycosyltransferase/glycogen phosphorylase	46	322	1.36E-6	T	10-12-2025	-	-	-	-
PROKKA_ERR478987_bin.11.faa_LDFEDFFA_01832	25c64afc8970ef26dcd430756537d889	377	Gene3D	G3DSA:3.40.50.12580	-	225	362	4.5E-6	T	10-12-2025	IPR043148	CDP-glycerol glycerophosphotransferase, C-terminal domain	-	-
PROKKA_ERR478987_bin.11.faa_LDFEDFFA_01832	25c64afc8970ef26dcd430756537d889	377	SUPERFAMILY	SSF53756	UDP-Glycosyltransferase/glycogen phosphorylase	46	322	1.36E-6	T	10-12-2025	-	-	-	-
PROKKA_ERR478991_bin.4.faa_KGFMNOLN_00536	25c64afc8970ef26dcd430756537d889	377	Gene3D	G3DSA:3.40.50.12580	-	225	362	4.5E-6	T	10-12-2025	IPR043148	CDP-glycerol glycerophosphotransferase, C-terminal domain	-	-
PROKKA_ERR478991_bin.4.faa_KGFMNOLN_00536	25c64afc8970ef26dcd430756537d889	377	SUPERFAMILY	SSF53756	UDP-Glycosyltransferase/glycogen phosphorylase	46	322	1.36E-6	T	10-12-2025	-	-	-	-
PROKKA_ERR478994_bin.16.faa_DBDNCHDB_05657	25c64afc8970ef26dcd430756537d889	377	Gene3D	G3DSA:3.40.50.12580	-	225	362	4.5E-6	T	10-12-2025	IPR043148	CDP-glycerol glycerophosphotransferase, C-terminal domain	-	-
PROKKA_ERR478994_bin.16.faa_DBDNCHDB_05657	25c64afc8970ef26dcd430756537d889	377	SUPERFAMILY	SSF53756	UDP-Glycosyltransferase/glycogen phosphorylase	46	322	1.36E-6	T	10-12-2025	-	-	-	-
PROKKA_ERR479023_bin.9.faa_PPMJBHJB_01727	25c64afc8970ef26dcd430756537d889	377	Gene3D	G3DSA:3.40.50.12580	-	225	362	4.5E-6	T	10-12-2025	IPR043148	CDP-glycerol glycerophosphotransferase, C-terminal domain	-	-
PROKKA_ERR479023_bin.9.faa_PPMJBHJB_01727	25c64afc8970ef26dcd430756537d889	377	SUPERFAMILY	SSF53756	UDP-Glycosyltransferase/glycogen phosphorylase	46	322	1.36E-6	T	10-12-2025	-	-	-	-
PROKKA_ERR479067_bin.17.faa_JBANMHAP_03016	25c64afc8970ef26dcd430756537d889	377	Gene3D	G3DSA:3.40.50.12580	-	225	362	4.5E-6	T	10-12-2025	IPR043148	CDP-glycerol glycerophosphotransferase, C-terminal domain	-	-
PROKKA_ERR479067_bin.17.faa_JBANMHAP_03016	25c64afc8970ef26dcd430756537d889	377	SUPERFAMILY	SSF53756	UDP-Glycosyltransferase/glycogen phosphorylase	46	322	1.36E-6	T	10-12-2025	-	-	-	-
PROKKA_ERR478995_bin.6.faa_LCMCKGCE_05269	25c64afc8970ef26dcd430756537d889	377	Gene3D	G3DSA:3.40.50.12580	-	225	362	4.5E-6	T	10-12-2025	IPR043148	CDP-glycerol glycerophosphotransferase, C-terminal domain	-	-
PROKKA_ERR478995_bin.6.faa_LCMCKGCE_05269	25c64afc8970ef26dcd430756537d889	377	SUPERFAMILY	SSF53756	UDP-Glycosyltransferase/glycogen phosphorylase	46	322	1.36E-6	T	10-12-2025	-	-	-	-
PROKKA_ERR479211_bin.7.faa_JIFFJEMJ_03327	25c64afc8970ef26dcd430756537d889	377	Gene3D	G3DSA:3.40.50.12580	-	225	362	4.5E-6	T	10-12-2025	IPR043148	CDP-glycerol glycerophosphotransferase, C-terminal domain	-	-
PROKKA_ERR479211_bin.7.faa_JIFFJEMJ_03327	25c64afc8970ef26dcd430756537d889	377	SUPERFAMILY	SSF53756	UDP-Glycosyltransferase/glycogen phosphorylase	46	322	1.36E-6	T	10-12-2025	-	-	-	-
PROKKA_ERR479221_bin.1.faa_HNHMKAND_01959	25c64afc8970ef26dcd430756537d889	377	Gene3D	G3DSA:3.40.50.12580	-	225	362	4.5E-6	T	10-12-2025	IPR043148	CDP-glycerol glycerophosphotransferase, C-terminal domain	-	-
PROKKA_ERR479221_bin.1.faa_HNHMKAND_01959	25c64afc8970ef26dcd430756537d889	377	SUPERFAMILY	SSF53756	UDP-Glycosyltransferase/glycogen phosphorylase	46	322	1.36E-6	T	10-12-2025	-	-	-	-
PROKKA_ERR479220_bin.4.faa_DEAAAIOE_02702	25c64afc8970ef26dcd430756537d889	377	Gene3D	G3DSA:3.40.50.12580	-	225	362	4.5E-6	T	10-12-2025	IPR043148	CDP-glycerol glycerophosphotransferase, C-terminal domain	-	-
PROKKA_ERR479220_bin.4.faa_DEAAAIOE_02702	25c64afc8970ef26dcd430756537d889	377	SUPERFAMILY	SSF53756	UDP-Glycosyltransferase/glycogen phosphorylase	46	322	1.36E-6	T	10-12-2025	-	-	-	-
PROKKA_ERR478990_bin.16.faa_PKKBNNFE_02827	25c64afc8970ef26dcd430756537d889	377	Gene3D	G3DSA:3.40.50.12580	-	225	362	4.5E-6	T	10-12-2025	IPR043148	CDP-glycerol glycerophosphotransferase, C-terminal domain	-	-
PROKKA_ERR478990_bin.16.faa_PKKBNNFE_02827	25c64afc8970ef26dcd430756537d889	377	SUPERFAMILY	SSF53756	UDP-Glycosyltransferase/glycogen phosphorylase	46	322	1.36E-6	T	10-12-2025	-	-	-	-
PROKKA_ERR479215_bin.10.faa_DIEJKOLD_01990	686b1c6297b86434e81591661106a251	333	Gene3D	G3DSA:3.40.50.11110	-	195	323	1.5E-5	T	10-12-2025	-	-	-	-
PROKKA_ERR479216_bin.3.faa_PCKKKLNM_03313	686b1c6297b86434e81591661106a251	333	Gene3D	G3DSA:3.40.50.11110	-	195	323	1.5E-5	T	10-12-2025	-	-	-	-
PROKKA_ERR479235_bin.33.faa_LIOKALON_00090	b23ca93f895f20b62acf71cb9c3e2d89	355	SUPERFAMILY	SSF53756	UDP-Glycosyltransferase/glycogen phosphorylase	93	331	1.29E-16	T	10-12-2025	-	-	-	-
PROKKA_ERR479235_bin.33.faa_LIOKALON_00090	b23ca93f895f20b62acf71cb9c3e2d89	355	Gene3D	G3DSA:3.40.50.11110	-	215	346	1.8E-29	T	10-12-2025	-	-	-	-
PROKKA_ERR479173_bin.6.faa_PEEBCOCD_06190	cc91c3ded742492e8746b5163b5c77be	325	Gene3D	G3DSA:3.40.50.11110	-	181	309	7.1E-12	T	10-12-2025	-	-	-	-
PROKKA_ERR479173_bin.6.faa_PEEBCOCD_06190	cc91c3ded742492e8746b5163b5c77be	325	Pfam	PF07922	Glycosyltransferase family 52	106	307	1.4E-18	T	10-12-2025	IPR012477	Glycosyltransferase family 52	-	-
PROKKA_ERR479261_bin.17.faa_NGJDCHAB_00492	e3e8c6d5f0fe6283d94f3123e2058d85	364	Pfam	PF07388	Alpha-2,8-polysialyltransferase (POLYST)	6	290	2.1E-4	T	10-12-2025	IPR010866	Alpha-2,8-polysialyltransferase	-	-
PROKKA_ERR479147_bin.13.faa_BFLNOJGB_00586	5028cc98abc0d7b22a42128622ea9443	498	Gene3D	G3DSA:3.40.50.11110	-	358	489	5.7E-29	T	10-12-2025	-	-	-	-
PROKKA_ERR479147_bin.13.faa_BFLNOJGB_00586	5028cc98abc0d7b22a42128622ea9443	498	CDD	cd14948	BACON	36	115	2.09142E-11	T	10-12-2025	IPR024361	Bacteroidetes-Associated Carbohydrate-binding Often N-terminal	-	-
PROKKA_ERR479147_bin.13.faa_BFLNOJGB_00586	5028cc98abc0d7b22a42128622ea9443	498	SUPERFAMILY	SSF53756	UDP-Glycosyltransferase/glycogen phosphorylase	236	474	9.73E-15	T	10-12-2025	-	-	-	-
PROKKA_ERR479147_bin.13.faa_BFLNOJGB_00586	5028cc98abc0d7b22a42128622ea9443	498	Gene3D	G3DSA:2.60.40.10	Immunoglobulins	29	109	1.1E-7	T	10-12-2025	IPR013783	Immunoglobulin-like fold	-	-
PROKKA_ERR479160_bin.6.faa_AFDLEBKH_02986	1bdcc22d13da026a7684b7d30c017109	361	Coils	Coil	Coil	219	246	-	T	10-12-2025	-	-	-	-
PROKKA_ERR479160_bin.6.faa_AFDLEBKH_02986	1bdcc22d13da026a7684b7d30c017109	361	Pfam	PF07922	Glycosyltransferase family 52	102	326	4.3E-9	T	10-12-2025	IPR012477	Glycosyltransferase family 52	-	-
PROKKA_ERR479158_bin.14.faa_MJCPPJNO_02152	1bdcc22d13da026a7684b7d30c017109	361	Coils	Coil	Coil	219	246	-	T	10-12-2025	-	-	-	-
PROKKA_ERR479158_bin.14.faa_MJCPPJNO_02152	1bdcc22d13da026a7684b7d30c017109	361	Pfam	PF07922	Glycosyltransferase family 52	102	326	4.3E-9	T	10-12-2025	IPR012477	Glycosyltransferase family 52	-	-
PROKKA_ERR479157_bin.7.faa_MFOOKIIO_02521	1bdcc22d13da026a7684b7d30c017109	361	Coils	Coil	Coil	219	246	-	T	10-12-2025	-	-	-	-
PROKKA_ERR479157_bin.7.faa_MFOOKIIO_02521	1bdcc22d13da026a7684b7d30c017109	361	Pfam	PF07922	Glycosyltransferase family 52	102	326	4.3E-9	T	10-12-2025	IPR012477	Glycosyltransferase family 52	-	-
PROKKA_ERR479159_bin.11.faa_LACPJLDD_00874	1bdcc22d13da026a7684b7d30c017109	361	Coils	Coil	Coil	219	246	-	T	10-12-2025	-	-	-	-
PROKKA_ERR479159_bin.11.faa_LACPJLDD_00874	1bdcc22d13da026a7684b7d30c017109	361	Pfam	PF07922	Glycosyltransferase family 52	102	326	4.3E-9	T	10-12-2025	IPR012477	Glycosyltransferase family 52	-	-
PROKKA_ERR479204_bin.12.faa_IAFBJAIL_02153	1bdcc22d13da026a7684b7d30c017109	361	Coils	Coil	Coil	219	246	-	T	10-12-2025	-	-	-	-
PROKKA_ERR479204_bin.12.faa_IAFBJAIL_02153	1bdcc22d13da026a7684b7d30c017109	361	Pfam	PF07922	Glycosyltransferase family 52	102	326	4.3E-9	T	10-12-2025	IPR012477	Glycosyltransferase family 52	-	-
PROKKA_ERR479079_bin.3.faa_MMBINJMD_02042	5da254f6afb841d0915210103886643f	367	Pfam	PF07388	Alpha-2,8-polysialyltransferase (POLYST)	4	317	6.1E-11	T	10-12-2025	IPR010866	Alpha-2,8-polysialyltransferase	-	-
PROKKA_ERR479082_bin.14.faa_FDHCCGJL_05275	5da254f6afb841d0915210103886643f	367	Pfam	PF07388	Alpha-2,8-polysialyltransferase (POLYST)	4	317	6.1E-11	T	10-12-2025	IPR010866	Alpha-2,8-polysialyltransferase	-	-
PROKKA_ERR479254_bin.72.faa_PCADIIIE_01365	bbfb3079d4bd1711725c528423f6cbb6	363	Pfam	PF07388	Alpha-2,8-polysialyltransferase (POLYST)	4	309	7.8E-11	T	10-12-2025	IPR010866	Alpha-2,8-polysialyltransferase	-	-
PROKKA_ERR479408_bin.18.faa_MDAJAEBK_00541	9bdde8904d9d405354abac302128bc1f	367	Coils	Coil	Coil	223	243	-	T	10-12-2025	-	-	-	-
PROKKA_ERR479405_bin.5.faa_DDAEICMH_00521	9bdde8904d9d405354abac302128bc1f	367	Coils	Coil	Coil	223	243	-	T	10-12-2025	-	-	-	-
PROKKA_ERR479132_bin.4.faa_APPGMHDI_00571	d042febda7a4b49153584387d195cffa	323	Gene3D	G3DSA:3.40.50.11110	-	193	322	1.2E-11	T	10-12-2025	-	-	-	-
PROKKA_ERR479132_bin.4.faa_APPGMHDI_00571	d042febda7a4b49153584387d195cffa	323	Pfam	PF07922	Glycosyltransferase family 52	101	294	7.5E-15	T	10-12-2025	IPR012477	Glycosyltransferase family 52	-	-
PROKKA_ERR479133_bin.6.faa_PEBJCFOP_01653	d042febda7a4b49153584387d195cffa	323	Gene3D	G3DSA:3.40.50.11110	-	193	322	1.2E-11	T	10-12-2025	-	-	-	-
PROKKA_ERR479133_bin.6.faa_PEBJCFOP_01653	d042febda7a4b49153584387d195cffa	323	Pfam	PF07922	Glycosyltransferase family 52	101	294	7.5E-15	T	10-12-2025	IPR012477	Glycosyltransferase family 52	-	-
PROKKA_ERR479134_bin.11.faa_CFBIADMF_01204	d042febda7a4b49153584387d195cffa	323	Gene3D	G3DSA:3.40.50.11110	-	193	322	1.2E-11	T	10-12-2025	-	-	-	-
PROKKA_ERR479134_bin.11.faa_CFBIADMF_01204	d042febda7a4b49153584387d195cffa	323	Pfam	PF07922	Glycosyltransferase family 52	101	294	7.5E-15	T	10-12-2025	IPR012477	Glycosyltransferase family 52	-	-
PROKKA_ERR479135_bin.1.faa_JCNIODHK_00336	d042febda7a4b49153584387d195cffa	323	Gene3D	G3DSA:3.40.50.11110	-	193	322	1.2E-11	T	10-12-2025	-	-	-	-
PROKKA_ERR479135_bin.1.faa_JCNIODHK_00336	d042febda7a4b49153584387d195cffa	323	Pfam	PF07922	Glycosyltransferase family 52	101	294	7.5E-15	T	10-12-2025	IPR012477	Glycosyltransferase family 52	-	-
PROKKA_ERR479213_bin.3.faa_BONNPGPB_00321	79262116875d1404a8de744e04d8fc55	322	Pfam	PF07922	Glycosyltransferase family 52	199	284	7.5E-5	T	10-12-2025	IPR012477	Glycosyltransferase family 52	-	-
PROKKA_ERR479091_bin.2.faa_GLKKPCMA_00841	2aa274e1b279242f3814696c51cfcaba	367	Gene3D	G3DSA:3.40.50.11110	-	219	343	3.9E-6	T	10-12-2025	-	-	-	-
PROKKA_ERR479091_bin.2.faa_GLKKPCMA_00841	2aa274e1b279242f3814696c51cfcaba	367	Pfam	PF07922	Glycosyltransferase family 52	105	319	2.3E-11	T	10-12-2025	IPR012477	Glycosyltransferase family 52	-	-
PROKKA_ERR479286_bin.8.faa_NIFKOKJG_01119	d8f9e82f194941c3c6e68ba2b1f013e2	361	Gene3D	G3DSA:3.40.50.11110	-	218	329	3.8E-5	T	10-12-2025	-	-	-	-
PROKKA_ERR479286_bin.8.faa_NIFKOKJG_01119	d8f9e82f194941c3c6e68ba2b1f013e2	361	Pfam	PF07922	Glycosyltransferase family 52	114	313	9.6E-10	T	10-12-2025	IPR012477	Glycosyltransferase family 52	-	-
PROKKA_ERR479139_bin.15.faa_OPKEBHJN_02239	d8f9e82f194941c3c6e68ba2b1f013e2	361	Gene3D	G3DSA:3.40.50.11110	-	218	329	3.8E-5	T	10-12-2025	-	-	-	-
PROKKA_ERR479139_bin.15.faa_OPKEBHJN_02239	d8f9e82f194941c3c6e68ba2b1f013e2	361	Pfam	PF07922	Glycosyltransferase family 52	114	313	9.6E-10	T	10-12-2025	IPR012477	Glycosyltransferase family 52	-	-
PROKKA_ERR479288_bin.6.faa_KPMNKKPD_01142	d8f9e82f194941c3c6e68ba2b1f013e2	361	Gene3D	G3DSA:3.40.50.11110	-	218	329	3.8E-5	T	10-12-2025	-	-	-	-
PROKKA_ERR479288_bin.6.faa_KPMNKKPD_01142	d8f9e82f194941c3c6e68ba2b1f013e2	361	Pfam	PF07922	Glycosyltransferase family 52	114	313	9.6E-10	T	10-12-2025	IPR012477	Glycosyltransferase family 52	-	-
PROKKA_ERR479182_bin.34.faa_GJNDFKHB_00272	ee584ff57211999b85b616796420c36a	322	Pfam	PF07922	Glycosyltransferase family 52	199	284	6.9E-5	T	10-12-2025	IPR012477	Glycosyltransferase family 52	-	-
PROKKA_ERR479241_bin.10.faa_EMLPHFBG_02524	41fa950fad1c0bb9ca48132418015fcf	91	Gene3D	G3DSA:3.40.50.11110	-	1	70	5.2E-6	T	10-12-2025	-	-	-	-
PROKKA_ERR479241_bin.10.faa_EMLPHFBG_02524	41fa950fad1c0bb9ca48132418015fcf	91	Pfam	PF07388	Alpha-2,8-polysialyltransferase (POLYST)	2	51	0.052	T	10-12-2025	IPR010866	Alpha-2,8-polysialyltransferase	-	-
PROKKA_ERR479174_bin.19.faa_ECCFNKAM_00963	8fdd6e33f5afc7ddb32b1690e57cbd08	389	Gene3D	G3DSA:3.40.50.11110	-	230	363	2.9E-7	T	10-12-2025	-	-	-	-
PROKKA_ERR479174_bin.19.faa_ECCFNKAM_00963	8fdd6e33f5afc7ddb32b1690e57cbd08	389	Pfam	PF07388	Alpha-2,8-polysialyltransferase (POLYST)	134	347	5.3E-11	T	10-12-2025	IPR010866	Alpha-2,8-polysialyltransferase	-	-
PROKKA_ERR479051_bin.18.faa_ADBJEIFI_02618	8fdd6e33f5afc7ddb32b1690e57cbd08	389	Gene3D	G3DSA:3.40.50.11110	-	230	363	2.9E-7	T	10-12-2025	-	-	-	-
PROKKA_ERR479051_bin.18.faa_ADBJEIFI_02618	8fdd6e33f5afc7ddb32b1690e57cbd08	389	Pfam	PF07388	Alpha-2,8-polysialyltransferase (POLYST)	134	347	5.3E-11	T	10-12-2025	IPR010866	Alpha-2,8-polysialyltransferase	-	-
PROKKA_ERR479138_bin.23.faa_LNKCGCNN_01515	98a0deba171a8cc4ecfd0986ec20a760	335	Gene3D	G3DSA:3.40.50.11110	-	200	304	4.1E-7	T	10-12-2025	-	-	-	-
PROKKA_ERR479138_bin.23.faa_LNKCGCNN_01515	98a0deba171a8cc4ecfd0986ec20a760	335	Pfam	PF07388	Alpha-2,8-polysialyltransferase (POLYST)	4	295	3.9E-5	T	10-12-2025	IPR010866	Alpha-2,8-polysialyltransferase	-	-
PROKKA_ERR479138_bin.23.faa_LNKCGCNN_01515	98a0deba171a8cc4ecfd0986ec20a760	335	Coils	Coil	Coil	238	258	-	T	10-12-2025	-	-	-	-
PROKKA_ERR479065_bin.21.faa_IOOLDFHJ_02042	fc28a814c4de0d1f13e768eafe4a8b7b	358	Coils	Coil	Coil	223	243	-	T	10-12-2025	-	-	-	-
PROKKA_ERR479065_bin.21.faa_IOOLDFHJ_02042	fc28a814c4de0d1f13e768eafe4a8b7b	358	Pfam	PF07922	Glycosyltransferase family 52	97	312	9.8E-9	T	10-12-2025	IPR012477	Glycosyltransferase family 52	-	-
PROKKA_ERR479021_bin.11.faa_CLIJEDMJ_00687	8de5a1f0d4c7e74e91ebe0f1d57c3639	324	Gene3D	G3DSA:3.40.50.11110	-	189	322	6.1E-11	T	10-12-2025	-	-	-	-
PROKKA_ERR479021_bin.11.faa_CLIJEDMJ_00687	8de5a1f0d4c7e74e91ebe0f1d57c3639	324	Pfam	PF07922	Glycosyltransferase family 52	101	298	3.3E-17	T	10-12-2025	IPR012477	Glycosyltransferase family 52	-	-
PROKKA_ERR479019_bin.15.faa_LMGJLGAP_00418	8de5a1f0d4c7e74e91ebe0f1d57c3639	324	Gene3D	G3DSA:3.40.50.11110	-	189	322	6.1E-11	T	10-12-2025	-	-	-	-
PROKKA_ERR479019_bin.15.faa_LMGJLGAP_00418	8de5a1f0d4c7e74e91ebe0f1d57c3639	324	Pfam	PF07922	Glycosyltransferase family 52	101	298	3.3E-17	T	10-12-2025	IPR012477	Glycosyltransferase family 52	-	-
PROKKA_ERR479020_bin.19.faa_GLOMALFD_00297	8de5a1f0d4c7e74e91ebe0f1d57c3639	324	Gene3D	G3DSA:3.40.50.11110	-	189	322	6.1E-11	T	10-12-2025	-	-	-	-
PROKKA_ERR479020_bin.19.faa_GLOMALFD_00297	8de5a1f0d4c7e74e91ebe0f1d57c3639	324	Pfam	PF07922	Glycosyltransferase family 52	101	298	3.3E-17	T	10-12-2025	IPR012477	Glycosyltransferase family 52	-	-
PROKKA_ERR479097_bin.17.faa_DBDBOGDB_00419	6395e935b98eed1e906ee7ce926c35e6	361	Coils	Coil	Coil	226	246	-	T	10-12-2025	-	-	-	-
PROKKA_ERR479097_bin.17.faa_DBDBOGDB_00419	6395e935b98eed1e906ee7ce926c35e6	361	Gene3D	G3DSA:3.40.50.11110	-	218	329	1.8E-5	T	10-12-2025	-	-	-	-
PROKKA_ERR479097_bin.17.faa_DBDBOGDB_00419	6395e935b98eed1e906ee7ce926c35e6	361	Pfam	PF07922	Glycosyltransferase family 52	114	313	5.0E-10	T	10-12-2025	IPR012477	Glycosyltransferase family 52	-	-
PROKKA_ERR479127_bin.18.faa_EFBBLJEE_01095	aa53c27bd49f988e885239edc6c8332b	346	Pfam	PF07922	Glycosyltransferase family 52	180	320	2.6E-18	T	10-12-2025	IPR012477	Glycosyltransferase family 52	-	-
PROKKA_ERR479058_bin.3.faa_CJAMFHHO_00920	433052a50a9c58404f822f0120c8f56e	340	Pfam	PF07388	Alpha-2,8-polysialyltransferase (POLYST)	17	286	0.064	T	10-12-2025	IPR010866	Alpha-2,8-polysialyltransferase	-	-
PROKKA_ERR479076_bin.11.faa_CECALDMO_00048	082c85802eca13a9f0a064214ad4d584	336	Gene3D	G3DSA:3.40.50.11110	-	202	324	3.4E-10	T	10-12-2025	-	-	-	-
PROKKA_ERR479076_bin.11.faa_CECALDMO_00048	082c85802eca13a9f0a064214ad4d584	336	Pfam	PF07922	Glycosyltransferase family 52	105	317	9.0E-30	T	10-12-2025	IPR012477	Glycosyltransferase family 52	-	-
PROKKA_ERR479047_bin.22.faa_EPIMDBII_01518	4a4bad3ac76158a4c0c2950c71500e43	189	Gene3D	G3DSA:3.40.50.11110	-	49	181	9.1E-30	T	10-12-2025	-	-	-	-
PROKKA_ERR479047_bin.22.faa_EPIMDBII_01518	4a4bad3ac76158a4c0c2950c71500e43	189	SUPERFAMILY	SSF53756	UDP-Glycosyltransferase/glycogen phosphorylase	29	168	5.96E-13	T	10-12-2025	-	-	-	-
PROKKA_ERR479184_bin.10.faa_NDLEGPJN_00846	e15a0bf5945442706dac71ef5a4700f6	361	Pfam	PF07922	Glycosyltransferase family 52	115	313	1.0E-9	T	10-12-2025	IPR012477	Glycosyltransferase family 52	-	-
PROKKA_ERR479184_bin.10.faa_NDLEGPJN_00846	e15a0bf5945442706dac71ef5a4700f6	361	Gene3D	G3DSA:3.40.50.11110	-	218	329	2.0E-5	T	10-12-2025	-	-	-	-
PROKKA_ERR479103_bin.5.faa_GEAPINPP_00894	46b4f60f43f6696bed8fcaa47022741f	361	Pfam	PF07922	Glycosyltransferase family 52	102	326	5.1E-9	T	10-12-2025	IPR012477	Glycosyltransferase family 52	-	-
PROKKA_ERR479103_bin.5.faa_GEAPINPP_00894	46b4f60f43f6696bed8fcaa47022741f	361	Coils	Coil	Coil	219	246	-	T	10-12-2025	-	-	-	-
PROKKA_ERR479052_bin.25.faa_AAKPDJDE_00671	46b4f60f43f6696bed8fcaa47022741f	361	Pfam	PF07922	Glycosyltransferase family 52	102	326	5.1E-9	T	10-12-2025	IPR012477	Glycosyltransferase family 52	-	-
PROKKA_ERR479052_bin.25.faa_AAKPDJDE_00671	46b4f60f43f6696bed8fcaa47022741f	361	Coils	Coil	Coil	219	246	-	T	10-12-2025	-	-	-	-
PROKKA_ERR479110_bin.2.faa_FDKOLAPP_00020	82a63ee929d7e2904f585c4777d0b96c	531	Pfam	PF07388	Alpha-2,8-polysialyltransferase (POLYST)	23	261	0.0035	T	10-12-2025	IPR010866	Alpha-2,8-polysialyltransferase	-	-
PROKKA_ERR479110_bin.2.faa_FDKOLAPP_00020	82a63ee929d7e2904f585c4777d0b96c	531	Coils	Coil	Coil	496	523	-	T	10-12-2025	-	-	-	-
PROKKA_ERR479109_bin.8.faa_LFIHNEKH_00829	82a63ee929d7e2904f585c4777d0b96c	531	Pfam	PF07388	Alpha-2,8-polysialyltransferase (POLYST)	23	261	0.0035	T	10-12-2025	IPR010866	Alpha-2,8-polysialyltransferase	-	-
PROKKA_ERR479109_bin.8.faa_LFIHNEKH_00829	82a63ee929d7e2904f585c4777d0b96c	531	Coils	Coil	Coil	496	523	-	T	10-12-2025	-	-	-	-
PROKKA_ERR479107_bin.2.faa_ECCIKAIP_00693	82a63ee929d7e2904f585c4777d0b96c	531	Pfam	PF07388	Alpha-2,8-polysialyltransferase (POLYST)	23	261	0.0035	T	10-12-2025	IPR010866	Alpha-2,8-polysialyltransferase	-	-
PROKKA_ERR479107_bin.2.faa_ECCIKAIP_00693	82a63ee929d7e2904f585c4777d0b96c	531	Coils	Coil	Coil	496	523	-	T	10-12-2025	-	-	-	-
PROKKA_ERR479155_bin.14.faa_KBPNPFNG_00163	3b42db7d3bafad1618f4a22172d3a10d	138	Pfam	PF07922	Glycosyltransferase family 52	5	110	1.2E-9	T	10-12-2025	IPR012477	Glycosyltransferase family 52	-	-
PROKKA_ERR479155_bin.14.faa_KBPNPFNG_00163	3b42db7d3bafad1618f4a22172d3a10d	138	Gene3D	G3DSA:3.40.50.11110	-	3	136	2.4E-12	T	10-12-2025	-	-	-	-
PROKKA_ERR479154_bin.15.faa_FBLPMDKA_01047	3b42db7d3bafad1618f4a22172d3a10d	138	Pfam	PF07922	Glycosyltransferase family 52	5	110	1.2E-9	T	10-12-2025	IPR012477	Glycosyltransferase family 52	-	-
PROKKA_ERR479154_bin.15.faa_FBLPMDKA_01047	3b42db7d3bafad1618f4a22172d3a10d	138	Gene3D	G3DSA:3.40.50.11110	-	3	136	2.4E-12	T	10-12-2025	-	-	-	-
PROKKA_ERR479294_bin.15.faa_JEFOIMJM_00009	c8196503f0038634237a703c98fda9d5	361	Coils	Coil	Coil	226	246	-	T	10-12-2025	-	-	-	-
PROKKA_ERR479294_bin.15.faa_JEFOIMJM_00009	c8196503f0038634237a703c98fda9d5	361	Gene3D	G3DSA:3.40.50.11110	-	218	329	1.8E-5	T	10-12-2025	-	-	-	-
PROKKA_ERR479294_bin.15.faa_JEFOIMJM_00009	c8196503f0038634237a703c98fda9d5	361	Pfam	PF07922	Glycosyltransferase family 52	115	313	6.5E-10	T	10-12-2025	IPR012477	Glycosyltransferase family 52	-	-
PROKKA_ERR479225_bin.13.faa_GMMBBLHB_00098	b52630f9ede1681e4f80ba8a1de6f399	391	SUPERFAMILY	SSF53756	UDP-Glycosyltransferase/glycogen phosphorylase	22	369	2.45E-15	T	10-12-2025	-	-	-	-
PROKKA_ERR479225_bin.13.faa_GMMBBLHB_00098	b52630f9ede1681e4f80ba8a1de6f399	391	Gene3D	G3DSA:3.40.50.11110	-	252	379	1.6E-29	T	10-12-2025	-	-	-	-
PROKKA_ERR479126_bin.9.faa_CHIGCEGI_01457	0093d8f40b9981ef78dbd0b242f3aa9f	239	Gene3D	G3DSA:3.40.50.11110	-	88	202	2.2E-12	T	10-12-2025	-	-	-	-
PROKKA_ERR479126_bin.9.faa_CHIGCEGI_01457	0093d8f40b9981ef78dbd0b242f3aa9f	239	Pfam	PF07922	Glycosyltransferase family 52	73	213	9.9E-19	T	10-12-2025	IPR012477	Glycosyltransferase family 52	-	-
PROKKA_ERR479244_bin.12.faa_PEBKIDNM_01834	97c61716376e96701b4e1f376c17ec20	311	Gene3D	G3DSA:3.40.50.11110	-	172	300	1.3E-8	T	10-12-2025	-	-	-	-
PROKKA_ERR479244_bin.12.faa_PEBKIDNM_01834	97c61716376e96701b4e1f376c17ec20	311	Pfam	PF07922	Glycosyltransferase family 52	48	294	2.0E-28	T	10-12-2025	IPR012477	Glycosyltransferase family 52	-	-
PROKKA_ERR479243_bin.1.faa_MOILGDCD_01161	97c61716376e96701b4e1f376c17ec20	311	Gene3D	G3DSA:3.40.50.11110	-	172	300	1.3E-8	T	10-12-2025	-	-	-	-
PROKKA_ERR479243_bin.1.faa_MOILGDCD_01161	97c61716376e96701b4e1f376c17ec20	311	Pfam	PF07922	Glycosyltransferase family 52	48	294	2.0E-28	T	10-12-2025	IPR012477	Glycosyltransferase family 52	-	-
PROKKA_ERR479205_bin.24.faa_CCEJCLHN_01531	50eb08265d94411cf2fa9fa23a31b34a	389	Gene3D	G3DSA:3.40.50.11110	-	230	362	3.0E-7	T	10-12-2025	-	-	-	-
PROKKA_ERR479205_bin.24.faa_CCEJCLHN_01531	50eb08265d94411cf2fa9fa23a31b34a	389	Pfam	PF07388	Alpha-2,8-polysialyltransferase (POLYST)	134	347	5.3E-11	T	10-12-2025	IPR010866	Alpha-2,8-polysialyltransferase	-	-
PROKKA_ERR479206_bin.27.faa_GBBFNHCC_04428	50eb08265d94411cf2fa9fa23a31b34a	389	Gene3D	G3DSA:3.40.50.11110	-	230	362	3.0E-7	T	10-12-2025	-	-	-	-
PROKKA_ERR479206_bin.27.faa_GBBFNHCC_04428	50eb08265d94411cf2fa9fa23a31b34a	389	Pfam	PF07388	Alpha-2,8-polysialyltransferase (POLYST)	134	347	5.3E-11	T	10-12-2025	IPR010866	Alpha-2,8-polysialyltransferase	-	-
PROKKA_ERR479203_bin.27.faa_HAFAJGOO_03533	50eb08265d94411cf2fa9fa23a31b34a	389	Gene3D	G3DSA:3.40.50.11110	-	230	362	3.0E-7	T	10-12-2025	-	-	-	-
PROKKA_ERR479203_bin.27.faa_HAFAJGOO_03533	50eb08265d94411cf2fa9fa23a31b34a	389	Pfam	PF07388	Alpha-2,8-polysialyltransferase (POLYST)	134	347	5.3E-11	T	10-12-2025	IPR010866	Alpha-2,8-polysialyltransferase	-	-
PROKKA_ERR478974_bin.24.faa_FCFEGNMH_00258	00a1e733f8a56f5dd36e12900f4cdd67	428	Pfam	PF07388	Alpha-2,8-polysialyltransferase (POLYST)	1	232	3.3E-19	T	10-12-2025	IPR010866	Alpha-2,8-polysialyltransferase	-	-
PROKKA_ERR478996_bin.21.faa_EAHKAANK_01811	2d2b1535e6cf73d82bb537b5de0a4d1e	367	Gene3D	G3DSA:3.40.50.11110	-	219	343	3.0E-6	T	10-12-2025	-	-	-	-
PROKKA_ERR478996_bin.21.faa_EAHKAANK_01811	2d2b1535e6cf73d82bb537b5de0a4d1e	367	Pfam	PF07922	Glycosyltransferase family 52	72	319	2.1E-11	T	10-12-2025	IPR012477	Glycosyltransferase family 52	-	-
PROKKA_ERR478997_bin.15.faa_KLIFANPN_00607	2d2b1535e6cf73d82bb537b5de0a4d1e	367	Gene3D	G3DSA:3.40.50.11110	-	219	343	3.0E-6	T	10-12-2025	-	-	-	-
PROKKA_ERR478997_bin.15.faa_KLIFANPN_00607	2d2b1535e6cf73d82bb537b5de0a4d1e	367	Pfam	PF07922	Glycosyltransferase family 52	72	319	2.1E-11	T	10-12-2025	IPR012477	Glycosyltransferase family 52	-	-
PROKKA_ERR479181_bin.26.faa_FILHCCBB_00233	91ec4485e4d9c6b355275894c7338771	503	Pfam	PF13004	Putative binding domain, N-terminal	67	119	6.7E-6	T	10-12-2025	IPR024361	Bacteroidetes-Associated Carbohydrate-binding Often N-terminal	-	-
PROKKA_ERR479181_bin.26.faa_FILHCCBB_00233	91ec4485e4d9c6b355275894c7338771	503	Gene3D	G3DSA:2.60.40.10	Immunoglobulins	23	119	1.3E-8	T	10-12-2025	IPR013783	Immunoglobulin-like fold	-	-
PROKKA_ERR479181_bin.26.faa_FILHCCBB_00233	91ec4485e4d9c6b355275894c7338771	503	Coils	Coil	Coil	189	209	-	T	10-12-2025	-	-	-	-
PROKKA_ERR479181_bin.26.faa_FILHCCBB_00233	91ec4485e4d9c6b355275894c7338771	503	CDD	cd14948	BACON	34	120	7.81166E-12	T	10-12-2025	IPR024361	Bacteroidetes-Associated Carbohydrate-binding Often N-terminal	-	-
PROKKA_ERR479181_bin.26.faa_FILHCCBB_00233	91ec4485e4d9c6b355275894c7338771	503	Gene3D	G3DSA:3.40.50.11110	-	363	490	1.8E-29	T	10-12-2025	-	-	-	-
PROKKA_ERR479181_bin.26.faa_FILHCCBB_00233	91ec4485e4d9c6b355275894c7338771	503	SUPERFAMILY	SSF53756	UDP-Glycosyltransferase/glycogen phosphorylase	134	481	1.57E-13	T	10-12-2025	-	-	-	-
PROKKA_ERR479170_bin.9.faa_JIJPEOJO_03703	fb5964fef910dd4981906f5703088657	336	Pfam	PF07922	Glycosyltransferase family 52	31	306	5.2E-16	T	10-12-2025	IPR012477	Glycosyltransferase family 52	-	-
PROKKA_ERR479170_bin.9.faa_JIJPEOJO_03703	fb5964fef910dd4981906f5703088657	336	Gene3D	G3DSA:3.40.50.11110	-	189	315	2.1E-10	T	10-12-2025	-	-	-	-
PROKKA_ERR479415_bin.11.faa_NIBKKPPN_01717	27a3d773764221a849637cf99689c648	324	Pfam	PF07922	Glycosyltransferase family 52	202	299	3.4E-5	T	10-12-2025	IPR012477	Glycosyltransferase family 52	-	-
PROKKA_ERR479416_bin.21.faa_EBJMBIDH_01559	27a3d773764221a849637cf99689c648	324	Pfam	PF07922	Glycosyltransferase family 52	202	299	3.4E-5	T	10-12-2025	IPR012477	Glycosyltransferase family 52	-	-
PROKKA_ERR479273_bin.8.faa_NGMMJGGF_00193	7b502d709d50f95dccefeb8c1b3a2fa7	361	Coils	Coil	Coil	219	246	-	T	10-12-2025	-	-	-	-
PROKKA_ERR479273_bin.8.faa_NGMMJGGF_00193	7b502d709d50f95dccefeb8c1b3a2fa7	361	Pfam	PF07922	Glycosyltransferase family 52	102	326	1.2E-9	T	10-12-2025	IPR012477	Glycosyltransferase family 52	-	-
PROKKA_ERR479104_bin.19.faa_ONFAOBBB_00181	6410097befbf1622405ef03f4a91f324	138	Gene3D	G3DSA:3.40.50.11110	-	4	136	3.3E-12	T	10-12-2025	-	-	-	-
PROKKA_ERR479104_bin.19.faa_ONFAOBBB_00181	6410097befbf1622405ef03f4a91f324	138	Pfam	PF07922	Glycosyltransferase family 52	4	109	3.3E-11	T	10-12-2025	IPR012477	Glycosyltransferase family 52	-	-
PROKKA_ERR479297_bin.13.faa_FKMAIABE_01307	77438310687c01f013eb1be5dfcb1948	361	Coils	Coil	Coil	226	246	-	T	10-12-2025	-	-	-	-
PROKKA_ERR479297_bin.13.faa_FKMAIABE_01307	77438310687c01f013eb1be5dfcb1948	361	Pfam	PF07922	Glycosyltransferase family 52	115	313	6.2E-10	T	10-12-2025	IPR012477	Glycosyltransferase family 52	-	-
PROKKA_ERR479297_bin.13.faa_FKMAIABE_01307	77438310687c01f013eb1be5dfcb1948	361	Gene3D	G3DSA:3.40.50.11110	-	218	329	3.9E-5	T	10-12-2025	-	-	-	-
PROKKA_ERR479010_bin.13.faa_JJMBOLOP_00315	c25a2036be2fd7f519509d8d35346736	498	Gene3D	G3DSA:3.40.50.11110	-	359	489	1.3E-29	T	10-12-2025	-	-	-	-
PROKKA_ERR479010_bin.13.faa_JJMBOLOP_00315	c25a2036be2fd7f519509d8d35346736	498	CDD	cd14948	BACON	39	114	9.04011E-8	T	10-12-2025	IPR024361	Bacteroidetes-Associated Carbohydrate-binding Often N-terminal	-	-
PROKKA_ERR479010_bin.13.faa_JJMBOLOP_00315	c25a2036be2fd7f519509d8d35346736	498	SUPERFAMILY	SSF53756	UDP-Glycosyltransferase/glycogen phosphorylase	129	476	4.08E-15	T	10-12-2025	-	-	-	-
PROKKA_ERR479070_bin.11.faa_NIILDKFK_00298	22d35cc3a502b9a3842b7165145bd85f	387	Gene3D	G3DSA:3.40.50.12580	-	235	372	4.7E-6	T	10-12-2025	IPR043148	CDP-glycerol glycerophosphotransferase, C-terminal domain	-	-
PROKKA_ERR479070_bin.11.faa_NIILDKFK_00298	22d35cc3a502b9a3842b7165145bd85f	387	SUPERFAMILY	SSF53756	UDP-Glycosyltransferase/glycogen phosphorylase	56	332	1.57E-6	T	10-12-2025	-	-	-	-
PROKKA_ERR479017_bin.11.faa_KHCNJHBJ_00742	9ab7488796e2c569ecab8f2b02b3290e	367	Pfam	PF07388	Alpha-2,8-polysialyltransferase (POLYST)	4	317	1.9E-11	T	10-12-2025	IPR010866	Alpha-2,8-polysialyltransferase	-	-
PROKKA_ERR479102_bin.16.faa_CEFOKIPC_00044	3ba0f768d840a0feec5d798344fd6427	271	Pfam	PF07922	Glycosyltransferase family 52	148	233	2.0E-5	T	10-12-2025	IPR012477	Glycosyltransferase family 52	-	-
PROKKA_ERR479171_bin.13.faa_HEMDOLJJ_01133	43c359fb4f3406c607a9d590c30d8e7f	361	Pfam	PF07922	Glycosyltransferase family 52	114	313	1.3E-9	T	10-12-2025	IPR012477	Glycosyltransferase family 52	-	-
PROKKA_ERR479121_bin.27.faa_LLCELNEF_00142	43c359fb4f3406c607a9d590c30d8e7f	361	Pfam	PF07922	Glycosyltransferase family 52	114	313	1.3E-9	T	10-12-2025	IPR012477	Glycosyltransferase family 52	-	-
PROKKA_ERR479169_bin.1.faa_IIADJADC_00368	43c359fb4f3406c607a9d590c30d8e7f	361	Pfam	PF07922	Glycosyltransferase family 52	114	313	1.3E-9	T	10-12-2025	IPR012477	Glycosyltransferase family 52	-	-
PROKKA_ERR479195_bin.21.faa_CAFEKLBC_00704	db28d660993dd244a01db67112cb53da	358	Pfam	PF07388	Alpha-2,8-polysialyltransferase (POLYST)	130	316	4.3E-5	T	10-12-2025	IPR010866	Alpha-2,8-polysialyltransferase	-	-
PROKKA_ERR479195_bin.21.faa_CAFEKLBC_00704	db28d660993dd244a01db67112cb53da	358	Gene3D	G3DSA:3.40.50.11110	-	211	356	1.4E-5	T	10-12-2025	-	-	-	-
PROKKA_ERR479042_bin.7.faa_BFEIOPOH_00680	908d61107f1ae2f5418c048c4cd52344	181	Pfam	PF07388	Alpha-2,8-polysialyltransferase (POLYST)	46	152	2.1E-5	T	10-12-2025	IPR010866	Alpha-2,8-polysialyltransferase	-	-
PROKKA_ERR479077_bin.52.faa_DONOJLME_00703	a1312e4777229c2055ee8a8c8c7ecc1e	369	Pfam	PF07388	Alpha-2,8-polysialyltransferase (POLYST)	6	310	0.031	T	10-12-2025	IPR010866	Alpha-2,8-polysialyltransferase	-	-
PROKKA_ERR479018_bin.18.faa_MNALGADB_00168	b33ed7e9c99391a55e5b0a761b654502	210	Pfam	PF07922	Glycosyltransferase family 52	21	192	2.6E-11	T	10-12-2025	IPR012477	Glycosyltransferase family 52	-	-
PROKKA_ERR479018_bin.18.faa_MNALGADB_00168	b33ed7e9c99391a55e5b0a761b654502	210	Coils	Coil	Coil	113	133	-	T	10-12-2025	-	-	-	-
PROKKA_ERR479018_bin.18.faa_MNALGADB_00168	b33ed7e9c99391a55e5b0a761b654502	210	Gene3D	G3DSA:3.40.50.11110	-	73	179	4.1E-8	T	10-12-2025	-	-	-	-
