PROKKA_ERR1018202_M2-Pk007A.SZAXPI003426-11_bin.24.faa_FJDFEPNM_01656	ab9a69aea5b2d81f7f935a0603b38504	373	Pfam	PF07388	Alpha-2,8-polysialyltransferase (POLYST)	16	319	2.0E-8	T	19-01-2026	IPR010866	Alpha-2,8-polysialyltransferase	-	-
PROKKA_ERR1018193_A21A.SZAXPI003417-4_bin.28.faa_HJFJGKNI_00899	81cfc72b36bbe4113e1508d637feebaa	361	Coils	Coil	Coil	226	246	-	T	19-01-2026	-	-	-	-
PROKKA_ERR1018193_A21A.SZAXPI003417-4_bin.28.faa_HJFJGKNI_00899	81cfc72b36bbe4113e1508d637feebaa	361	Pfam	PF07922	Glycosyltransferase family 52	115	326	1.5E-9	T	19-01-2026	IPR012477	Glycosyltransferase family 52	-	-
PROKKA_ERR1018209_509A.SZAXPI003433-7_bin.18.faa_ECIBDKCD_00453	e41891c171f96db363a297fcc6d5163f	360	Pfam	PF07922	Glycosyltransferase family 52	48	325	4.0E-6	T	19-01-2026	IPR012477	Glycosyltransferase family 52	-	-
PROKKA_ERR1018209_509A.SZAXPI003433-7_bin.18.faa_ECIBDKCD_00453	e41891c171f96db363a297fcc6d5163f	360	Gene3D	G3DSA:3.40.50.11110	-	199	353	1.4E-9	T	19-01-2026	-	-	-	-
PROKKA_ERR1018209_509A.SZAXPI003433-7_bin.18.faa_ECIBDKCD_00453	e41891c171f96db363a297fcc6d5163f	360	Coils	Coil	Coil	199	219	-	T	19-01-2026	-	-	-	-
PROKKA_ERR1018212_M2-Pk009A.SZAXPI003436-7_bin.27.faa_LOPNIHIH_01077	9f1440113843be9101ff6b398571c85e	361	Pfam	PF07922	Glycosyltransferase family 52	115	313	7.9E-10	T	19-01-2026	IPR012477	Glycosyltransferase family 52	-	-
PROKKA_ERR1018212_M2-Pk009A.SZAXPI003436-7_bin.27.faa_LOPNIHIH_01077	9f1440113843be9101ff6b398571c85e	361	Coils	Coil	Coil	226	246	-	T	19-01-2026	-	-	-	-
PROKKA_ERR1018212_M2-Pk009A.SZAXPI003436-7_bin.27.faa_LOPNIHIH_01077	9f1440113843be9101ff6b398571c85e	361	Gene3D	G3DSA:3.40.50.11110	-	218	329	2.3E-5	T	19-01-2026	-	-	-	-
PROKKA_ERR1018311_M2-PK069B.SZAXPI017594-166_bin.35.faa_GLBJOFBC_00795	9f1440113843be9101ff6b398571c85e	361	Pfam	PF07922	Glycosyltransferase family 52	115	313	7.9E-10	T	19-01-2026	IPR012477	Glycosyltransferase family 52	-	-
PROKKA_ERR1018311_M2-PK069B.SZAXPI017594-166_bin.35.faa_GLBJOFBC_00795	9f1440113843be9101ff6b398571c85e	361	Coils	Coil	Coil	226	246	-	T	19-01-2026	-	-	-	-
PROKKA_ERR1018311_M2-PK069B.SZAXPI017594-166_bin.35.faa_GLBJOFBC_00795	9f1440113843be9101ff6b398571c85e	361	Gene3D	G3DSA:3.40.50.11110	-	218	329	2.3E-5	T	19-01-2026	-	-	-	-
PROKKA_ERR1018310_M2-PK056B.SZAXPI017593-158_bin.30.faa_FPACBCBN_01195	15b7a902b794359c88203f590db46960	367	Pfam	PF07922	Glycosyltransferase family 52	105	319	1.1E-10	T	19-01-2026	IPR012477	Glycosyltransferase family 52	-	-
PROKKA_ERR1018310_M2-PK056B.SZAXPI017593-158_bin.30.faa_FPACBCBN_01195	15b7a902b794359c88203f590db46960	367	Gene3D	G3DSA:3.40.50.11110	-	219	343	6.3E-6	T	19-01-2026	-	-	-	-
PROKKA_ERR1018246_M2-PK524A.SZAXPI015242-30_bin.42.faa_LNLFBGJE_01837	7b6835cd248290a216ba6c8a6b2f15c3	361	Pfam	PF07922	Glycosyltransferase family 52	115	326	5.6E-9	T	19-01-2026	IPR012477	Glycosyltransferase family 52	-	-
PROKKA_ERR1018246_M2-PK524A.SZAXPI015242-30_bin.42.faa_LNLFBGJE_01837	7b6835cd248290a216ba6c8a6b2f15c3	361	Coils	Coil	Coil	226	246	-	T	19-01-2026	-	-	-	-
PROKKA_ERR1018271_M2-PK723A.SZAXPI015267-102_bin.25.faa_KGNGPAEK_01981	7b6835cd248290a216ba6c8a6b2f15c3	361	Pfam	PF07922	Glycosyltransferase family 52	115	326	5.6E-9	T	19-01-2026	IPR012477	Glycosyltransferase family 52	-	-
PROKKA_ERR1018271_M2-PK723A.SZAXPI015267-102_bin.25.faa_KGNGPAEK_01981	7b6835cd248290a216ba6c8a6b2f15c3	361	Coils	Coil	Coil	226	246	-	T	19-01-2026	-	-	-	-
PROKKA_ERR1018290_M2-PK066A.SZAXPI017462-33_bin.50.faa_LNLJIJEK_02175	7b6835cd248290a216ba6c8a6b2f15c3	361	Pfam	PF07922	Glycosyltransferase family 52	115	326	5.6E-9	T	19-01-2026	IPR012477	Glycosyltransferase family 52	-	-
PROKKA_ERR1018290_M2-PK066A.SZAXPI017462-33_bin.50.faa_LNLJIJEK_02175	7b6835cd248290a216ba6c8a6b2f15c3	361	Coils	Coil	Coil	226	246	-	T	19-01-2026	-	-	-	-
PROKKA_ERR1018247_M2-PK532A.SZAXPI015243-31_bin.32.faa_EKGFEFDB_02033	7b6835cd248290a216ba6c8a6b2f15c3	361	Pfam	PF07922	Glycosyltransferase family 52	115	326	5.6E-9	T	19-01-2026	IPR012477	Glycosyltransferase family 52	-	-
PROKKA_ERR1018247_M2-PK532A.SZAXPI015243-31_bin.32.faa_EKGFEFDB_02033	7b6835cd248290a216ba6c8a6b2f15c3	361	Coils	Coil	Coil	226	246	-	T	19-01-2026	-	-	-	-
PROKKA_ERR1018262_M2-PK656A.SZAXPI015258-57_bin.45.faa_NBJKJHHM_01545	7b6835cd248290a216ba6c8a6b2f15c3	361	Pfam	PF07922	Glycosyltransferase family 52	115	326	5.6E-9	T	19-01-2026	IPR012477	Glycosyltransferase family 52	-	-
PROKKA_ERR1018262_M2-PK656A.SZAXPI015258-57_bin.45.faa_NBJKJHHM_01545	7b6835cd248290a216ba6c8a6b2f15c3	361	Coils	Coil	Coil	226	246	-	T	19-01-2026	-	-	-	-
PROKKA_ERR1018185_M2-Pk008A.SZAXPI003409-8_bin.95.faa_LPIHPGGF_00205	7b6835cd248290a216ba6c8a6b2f15c3	361	Pfam	PF07922	Glycosyltransferase family 52	115	326	5.6E-9	T	19-01-2026	IPR012477	Glycosyltransferase family 52	-	-
PROKKA_ERR1018185_M2-Pk008A.SZAXPI003409-8_bin.95.faa_LPIHPGGF_00205	7b6835cd248290a216ba6c8a6b2f15c3	361	Coils	Coil	Coil	226	246	-	T	19-01-2026	-	-	-	-
PROKKA_ERR1018280_M2-PK045A.SZAXPI017452-17_bin.31.faa_CBBADDBK_02144	c9526934b218982602284768af3310ce	369	Pfam	PF07388	Alpha-2,8-polysialyltransferase (POLYST)	26	324	7.0E-10	T	19-01-2026	IPR010866	Alpha-2,8-polysialyltransferase	-	-
PROKKA_ERR1018210_M113A.SZAXPI003434-7_bin.29.faa_PAMFHJJF_02508	c9526934b218982602284768af3310ce	369	Pfam	PF07388	Alpha-2,8-polysialyltransferase (POLYST)	26	324	7.0E-10	T	19-01-2026	IPR010866	Alpha-2,8-polysialyltransferase	-	-
PROKKA_ERR1018209_509A.SZAXPI003433-7_bin.16.faa_APNFLOND_00180	a2a759654286dcd0bf847ddf56ceddbd	347	Gene3D	G3DSA:3.40.50.11110	-	202	340	1.7E-12	T	19-01-2026	-	-	-	-
PROKKA_ERR1018209_509A.SZAXPI003433-7_bin.16.faa_APNFLOND_00180	a2a759654286dcd0bf847ddf56ceddbd	347	Pfam	PF07922	Glycosyltransferase family 52	125	319	1.5E-25	T	19-01-2026	IPR012477	Glycosyltransferase family 52	-	-
PROKKA_ERR1018214_M2-PK018A.SZAXPI015209-133_bin.44.faa_CBDAFMJG_00989	cfebc2f4c1de27fb3885963a2b9ce930	336	Pfam	PF07922	Glycosyltransferase family 52	105	317	5.8E-29	T	19-01-2026	IPR012477	Glycosyltransferase family 52	-	-
PROKKA_ERR1018214_M2-PK018A.SZAXPI015209-133_bin.44.faa_CBDAFMJG_00989	cfebc2f4c1de27fb3885963a2b9ce930	336	Gene3D	G3DSA:3.40.50.11110	-	202	324	3.4E-10	T	19-01-2026	-	-	-	-
PROKKA_ERR1018233_534A.SZAXPI015228-14_bin.18.faa_LBEHJENO_00956	c280a1fd8c145c45cc0b8fac9247cefc	331	Coils	Coil	Coil	227	247	-	T	19-01-2026	-	-	-	-
PROKKA_ERR1018233_534A.SZAXPI015228-14_bin.18.faa_LBEHJENO_00956	c280a1fd8c145c45cc0b8fac9247cefc	331	Gene3D	G3DSA:3.40.50.11110	-	189	323	1.2E-11	T	19-01-2026	-	-	-	-
PROKKA_ERR1018233_534A.SZAXPI015228-14_bin.18.faa_LBEHJENO_00956	c280a1fd8c145c45cc0b8fac9247cefc	331	Pfam	PF07922	Glycosyltransferase family 52	60	311	8.8E-33	T	19-01-2026	IPR012477	Glycosyltransferase family 52	-	-
PROKKA_ERR1018220_M2-PK042A.SZAXPI015215-20_bin.14.faa_JNJADJMJ_00029	eb049c449e0c15217e3c2183467d6fdc	360	Gene3D	G3DSA:3.40.50.11110	-	207	346	6.1E-6	T	19-01-2026	-	-	-	-
PROKKA_ERR1018220_M2-PK042A.SZAXPI015215-20_bin.14.faa_JNJADJMJ_00029	eb049c449e0c15217e3c2183467d6fdc	360	Pfam	PF07388	Alpha-2,8-polysialyltransferase (POLYST)	3	317	1.3E-12	T	19-01-2026	IPR010866	Alpha-2,8-polysialyltransferase	-	-
PROKKA_ERR1018277_M2-PK751A.SZAXPI015273-95_bin.11.faa_KJGDCBFO_00082	eb049c449e0c15217e3c2183467d6fdc	360	Gene3D	G3DSA:3.40.50.11110	-	207	346	6.1E-6	T	19-01-2026	-	-	-	-
PROKKA_ERR1018277_M2-PK751A.SZAXPI015273-95_bin.11.faa_KJGDCBFO_00082	eb049c449e0c15217e3c2183467d6fdc	360	Pfam	PF07388	Alpha-2,8-polysialyltransferase (POLYST)	3	317	1.3E-12	T	19-01-2026	IPR010866	Alpha-2,8-polysialyltransferase	-	-
PROKKA_ERR1018270_M2-PK712A.SZAXPI015266-89_bin.4.faa_HLOBMBEH_01117	0bb1df4b02ee0184fa9ffee1f20a8954	352	Pfam	PF07388	Alpha-2,8-polysialyltransferase (POLYST)	124	310	3.2E-5	T	19-01-2026	IPR010866	Alpha-2,8-polysialyltransferase	-	-
PROKKA_ERR1018270_M2-PK712A.SZAXPI015266-89_bin.4.faa_HLOBMBEH_01117	0bb1df4b02ee0184fa9ffee1f20a8954	352	Gene3D	G3DSA:3.40.50.11110	-	205	350	1.3E-5	T	19-01-2026	-	-	-	-
PROKKA_ERR1018305_MSC103A.SZAXPI017588-123_bin.22.faa_ICLHLLLD_02175	0c2805edaaed26a48f229bcb06ec6432	361	Coils	Coil	Coil	219	246	-	T	19-01-2026	-	-	-	-
PROKKA_ERR1018305_MSC103A.SZAXPI017588-123_bin.22.faa_ICLHLLLD_02175	0c2805edaaed26a48f229bcb06ec6432	361	Pfam	PF07922	Glycosyltransferase family 52	102	326	3.2E-9	T	19-01-2026	IPR012477	Glycosyltransferase family 52	-	-
PROKKA_ERR1018284_M2-PK052A.SZAXPI017456-23_bin.43.faa_PJPOKCHJ_00987	0c2805edaaed26a48f229bcb06ec6432	361	Coils	Coil	Coil	219	246	-	T	19-01-2026	-	-	-	-
PROKKA_ERR1018284_M2-PK052A.SZAXPI017456-23_bin.43.faa_PJPOKCHJ_00987	0c2805edaaed26a48f229bcb06ec6432	361	Pfam	PF07922	Glycosyltransferase family 52	102	326	3.2E-9	T	19-01-2026	IPR012477	Glycosyltransferase family 52	-	-
PROKKA_ERR1018262_M2-PK656A.SZAXPI015258-57_bin.47.faa_KLKHJDJF_01617	0c2805edaaed26a48f229bcb06ec6432	361	Coils	Coil	Coil	219	246	-	T	19-01-2026	-	-	-	-
PROKKA_ERR1018262_M2-PK656A.SZAXPI015258-57_bin.47.faa_KLKHJDJF_01617	0c2805edaaed26a48f229bcb06ec6432	361	Pfam	PF07922	Glycosyltransferase family 52	102	326	3.2E-9	T	19-01-2026	IPR012477	Glycosyltransferase family 52	-	-
PROKKA_ERR1018278_M2-PK797A.SZAXPI015274-111_bin.19.faa_BFKEIJAE_00269	0c2805edaaed26a48f229bcb06ec6432	361	Coils	Coil	Coil	219	246	-	T	19-01-2026	-	-	-	-
PROKKA_ERR1018278_M2-PK797A.SZAXPI015274-111_bin.19.faa_BFKEIJAE_00269	0c2805edaaed26a48f229bcb06ec6432	361	Pfam	PF07922	Glycosyltransferase family 52	102	326	3.2E-9	T	19-01-2026	IPR012477	Glycosyltransferase family 52	-	-
PROKKA_ERR1018239_512A.SZAXPI015234-20_bin.35.faa_IFOLEFOI_01521	0c2805edaaed26a48f229bcb06ec6432	361	Coils	Coil	Coil	219	246	-	T	19-01-2026	-	-	-	-
PROKKA_ERR1018239_512A.SZAXPI015234-20_bin.35.faa_IFOLEFOI_01521	0c2805edaaed26a48f229bcb06ec6432	361	Pfam	PF07922	Glycosyltransferase family 52	102	326	3.2E-9	T	19-01-2026	IPR012477	Glycosyltransferase family 52	-	-
PROKKA_ERR1018290_M2-PK066A.SZAXPI017462-33_bin.25.faa_PBDMPOAD_00254	0c2805edaaed26a48f229bcb06ec6432	361	Coils	Coil	Coil	219	246	-	T	19-01-2026	-	-	-	-
PROKKA_ERR1018290_M2-PK066A.SZAXPI017462-33_bin.25.faa_PBDMPOAD_00254	0c2805edaaed26a48f229bcb06ec6432	361	Pfam	PF07922	Glycosyltransferase family 52	102	326	3.2E-9	T	19-01-2026	IPR012477	Glycosyltransferase family 52	-	-
PROKKA_ERR1018232_536A.SZAXPI015227-13_bin.52.faa_FBNPFGMA_01311	0c2805edaaed26a48f229bcb06ec6432	361	Coils	Coil	Coil	219	246	-	T	19-01-2026	-	-	-	-
PROKKA_ERR1018232_536A.SZAXPI015227-13_bin.52.faa_FBNPFGMA_01311	0c2805edaaed26a48f229bcb06ec6432	361	Pfam	PF07922	Glycosyltransferase family 52	102	326	3.2E-9	T	19-01-2026	IPR012477	Glycosyltransferase family 52	-	-
PROKKA_ERR1018255_M2-PK617A.SZAXPI015251-41_bin.32.faa_HAKKOALC_00813	0c2805edaaed26a48f229bcb06ec6432	361	Coils	Coil	Coil	219	246	-	T	19-01-2026	-	-	-	-
PROKKA_ERR1018255_M2-PK617A.SZAXPI015251-41_bin.32.faa_HAKKOALC_00813	0c2805edaaed26a48f229bcb06ec6432	361	Pfam	PF07922	Glycosyltransferase family 52	102	326	3.2E-9	T	19-01-2026	IPR012477	Glycosyltransferase family 52	-	-
PROKKA_ERR1018258_M2-PK644A.SZAXPI015254-45_bin.7.faa_ENNGHFHN_00154	0c2805edaaed26a48f229bcb06ec6432	361	Coils	Coil	Coil	219	246	-	T	19-01-2026	-	-	-	-
PROKKA_ERR1018258_M2-PK644A.SZAXPI015254-45_bin.7.faa_ENNGHFHN_00154	0c2805edaaed26a48f229bcb06ec6432	361	Pfam	PF07922	Glycosyltransferase family 52	102	326	3.2E-9	T	19-01-2026	IPR012477	Glycosyltransferase family 52	-	-
PROKKA_ERR1018199_M115A.SZAXPI003423-8_bin.10.faa_IAGEPJJI_02630	0c2805edaaed26a48f229bcb06ec6432	361	Coils	Coil	Coil	219	246	-	T	19-01-2026	-	-	-	-
PROKKA_ERR1018199_M115A.SZAXPI003423-8_bin.10.faa_IAGEPJJI_02630	0c2805edaaed26a48f229bcb06ec6432	361	Pfam	PF07922	Glycosyltransferase family 52	102	326	3.2E-9	T	19-01-2026	IPR012477	Glycosyltransferase family 52	-	-
PROKKA_ERR1018269_M2-PK710A.SZAXPI015265-88_bin.32.faa_DGIPNKAJ_00163	0c2805edaaed26a48f229bcb06ec6432	361	Coils	Coil	Coil	219	246	-	T	19-01-2026	-	-	-	-
PROKKA_ERR1018269_M2-PK710A.SZAXPI015265-88_bin.32.faa_DGIPNKAJ_00163	0c2805edaaed26a48f229bcb06ec6432	361	Pfam	PF07922	Glycosyltransferase family 52	102	326	3.2E-9	T	19-01-2026	IPR012477	Glycosyltransferase family 52	-	-
PROKKA_ERR1018302_MSC78A.SZAXPI017585-109_bin.24.faa_MKNMMFHC_02218	0c2805edaaed26a48f229bcb06ec6432	361	Coils	Coil	Coil	219	246	-	T	19-01-2026	-	-	-	-
PROKKA_ERR1018302_MSC78A.SZAXPI017585-109_bin.24.faa_MKNMMFHC_02218	0c2805edaaed26a48f229bcb06ec6432	361	Pfam	PF07922	Glycosyltransferase family 52	102	326	3.2E-9	T	19-01-2026	IPR012477	Glycosyltransferase family 52	-	-
PROKKA_ERR1018264_M2-PK663A.SZAXPI015260-74_bin.28.faa_FHDDNOJJ_01230	0c2805edaaed26a48f229bcb06ec6432	361	Coils	Coil	Coil	219	246	-	T	19-01-2026	-	-	-	-
PROKKA_ERR1018264_M2-PK663A.SZAXPI015260-74_bin.28.faa_FHDDNOJJ_01230	0c2805edaaed26a48f229bcb06ec6432	361	Pfam	PF07922	Glycosyltransferase family 52	102	326	3.2E-9	T	19-01-2026	IPR012477	Glycosyltransferase family 52	-	-
PROKKA_ERR1018188_M2-Pk014A.SZAXPI003412-1_bin.21.faa_LNJIDLLM_01229	ef7a344416b1cbd05fca83c2e8676d0f	320	Pfam	PF07922	Glycosyltransferase family 52	80	300	1.2E-21	T	19-01-2026	IPR012477	Glycosyltransferase family 52	-	-
PROKKA_ERR1018188_M2-Pk014A.SZAXPI003412-1_bin.21.faa_LNJIDLLM_01229	ef7a344416b1cbd05fca83c2e8676d0f	320	Gene3D	G3DSA:3.40.50.11110	-	181	305	1.0E-9	T	19-01-2026	-	-	-	-
PROKKA_ERR1018303_MSC79A.SZAXPI017586-111_bin.33.faa_CDHGDCFP_00577	ef7a344416b1cbd05fca83c2e8676d0f	320	Pfam	PF07922	Glycosyltransferase family 52	80	300	1.2E-21	T	19-01-2026	IPR012477	Glycosyltransferase family 52	-	-
PROKKA_ERR1018303_MSC79A.SZAXPI017586-111_bin.33.faa_CDHGDCFP_00577	ef7a344416b1cbd05fca83c2e8676d0f	320	Gene3D	G3DSA:3.40.50.11110	-	181	305	1.0E-9	T	19-01-2026	-	-	-	-
PROKKA_ERR1018186_M122A.SZAXPI003410-3_bin.14.faa_FAEAPDGK_00945	d799ba47dae7a5c74fee2326d095928c	370	Pfam	PF07922	Glycosyltransferase family 52	110	336	4.1E-8	T	19-01-2026	IPR012477	Glycosyltransferase family 52	-	-
PROKKA_ERR1018207_M118A.SZAXPI003431-1_bin.7.faa_OKIOAGMJ_00605	c694dab02891f669e4358415915e038f	333	Coils	Coil	Coil	228	248	-	T	19-01-2026	-	-	-	-
PROKKA_ERR1018207_M118A.SZAXPI003431-1_bin.7.faa_OKIOAGMJ_00605	c694dab02891f669e4358415915e038f	333	Pfam	PF07922	Glycosyltransferase family 52	32	308	1.1E-36	T	19-01-2026	IPR012477	Glycosyltransferase family 52	-	-
PROKKA_ERR1018207_M118A.SZAXPI003431-1_bin.7.faa_OKIOAGMJ_00605	c694dab02891f669e4358415915e038f	333	Gene3D	G3DSA:3.40.50.11110	-	188	333	5.7E-17	T	19-01-2026	-	-	-	-
PROKKA_ERR1018226_M2-PK022A.SZAXPI015221-142_bin.26.faa_COENOMCN_01346	b295db250a87bea95bbf1e87b4bed80f	349	Gene3D	G3DSA:3.40.50.11110	-	207	346	4.2E-9	T	19-01-2026	-	-	-	-
PROKKA_ERR1018226_M2-PK022A.SZAXPI015221-142_bin.26.faa_COENOMCN_01346	b295db250a87bea95bbf1e87b4bed80f	349	Pfam	PF07388	Alpha-2,8-polysialyltransferase (POLYST)	3	317	1.1E-9	T	19-01-2026	IPR010866	Alpha-2,8-polysialyltransferase	-	-
PROKKA_ERR1018259_M2-PK647A.SZAXPI015255-46_bin.15.faa_ONKGDJHF_00040	010a145a41be68c116e86ecbdbce6241	306	Gene3D	G3DSA:3.40.50.11110	-	186	303	1.0E-5	T	19-01-2026	-	-	-	-
PROKKA_ERR1018259_M2-PK647A.SZAXPI015255-46_bin.15.faa_ONKGDJHF_00040	010a145a41be68c116e86ecbdbce6241	306	Pfam	PF07922	Glycosyltransferase family 52	28	274	7.1E-15	T	19-01-2026	IPR012477	Glycosyltransferase family 52	-	-
PROKKA_ERR1018190_M2-Pk013A.SZAXPI003414-3_bin.28.faa_HAOOIMKP_02783	b9a46f250dc391e6b6f98b068b4c898b	326	Gene3D	G3DSA:3.40.50.11110	-	207	323	1.2E-5	T	19-01-2026	-	-	-	-
PROKKA_ERR1018190_M2-Pk013A.SZAXPI003414-3_bin.28.faa_HAOOIMKP_02783	b9a46f250dc391e6b6f98b068b4c898b	326	Pfam	PF07922	Glycosyltransferase family 52	88	294	1.0E-14	T	19-01-2026	IPR012477	Glycosyltransferase family 52	-	-
PROKKA_ERR1018201_M2-Pk005A.SZAXPI003425-1_bin.23.faa_OFBALJOG_00824	b9a46f250dc391e6b6f98b068b4c898b	326	Gene3D	G3DSA:3.40.50.11110	-	207	323	1.2E-5	T	19-01-2026	-	-	-	-
PROKKA_ERR1018201_M2-Pk005A.SZAXPI003425-1_bin.23.faa_OFBALJOG_00824	b9a46f250dc391e6b6f98b068b4c898b	326	Pfam	PF07922	Glycosyltransferase family 52	88	294	1.0E-14	T	19-01-2026	IPR012477	Glycosyltransferase family 52	-	-
PROKKA_ERR1018268_M2-PK708A.SZAXPI015264-87_bin.43.faa_HIPBCNGN_01224	25760e5e9fd9d987c316e1f3ba120c65	335	Coils	Coil	Coil	238	258	-	T	19-01-2026	-	-	-	-
PROKKA_ERR1018268_M2-PK708A.SZAXPI015264-87_bin.43.faa_HIPBCNGN_01224	25760e5e9fd9d987c316e1f3ba120c65	335	Gene3D	G3DSA:3.40.50.11110	-	199	304	1.0E-7	T	19-01-2026	-	-	-	-
PROKKA_ERR1018268_M2-PK708A.SZAXPI015264-87_bin.43.faa_HIPBCNGN_01224	25760e5e9fd9d987c316e1f3ba120c65	335	Pfam	PF07388	Alpha-2,8-polysialyltransferase (POLYST)	4	295	4.4E-6	T	19-01-2026	IPR010866	Alpha-2,8-polysialyltransferase	-	-
PROKKA_ERR1018301_MSC76A.SZAXPI017584-108_bin.24.faa_OHOEAOLD_01633	9b9be83b2549832d94d42e075f45f69e	367	Gene3D	G3DSA:3.40.50.11110	-	219	343	4.3E-6	T	19-01-2026	-	-	-	-
PROKKA_ERR1018301_MSC76A.SZAXPI017584-108_bin.24.faa_OHOEAOLD_01633	9b9be83b2549832d94d42e075f45f69e	367	Pfam	PF07922	Glycosyltransferase family 52	105	319	1.1E-10	T	19-01-2026	IPR012477	Glycosyltransferase family 52	-	-
PROKKA_ERR1018224_M2-PK003A.SZAXPI015219-129_bin.12.faa_FMFILIJJ_00659	d606e208a3575ab88f554f5c0605e6ff	322	Pfam	PF07388	Alpha-2,8-polysialyltransferase (POLYST)	5	283	1.9E-8	T	19-01-2026	IPR010866	Alpha-2,8-polysialyltransferase	-	-
PROKKA_ERR1018202_M2-Pk007A.SZAXPI003426-11_bin.1.faa_PEEIMHGI_00481	abdb604a46e92812f9cfa7726cab439c	361	Coils	Coil	Coil	226	246	-	T	19-01-2026	-	-	-	-
PROKKA_ERR1018202_M2-Pk007A.SZAXPI003426-11_bin.1.faa_PEEIMHGI_00481	abdb604a46e92812f9cfa7726cab439c	361	Gene3D	G3DSA:3.40.50.11110	-	218	329	6.2E-6	T	19-01-2026	-	-	-	-
PROKKA_ERR1018202_M2-Pk007A.SZAXPI003426-11_bin.1.faa_PEEIMHGI_00481	abdb604a46e92812f9cfa7726cab439c	361	Pfam	PF07922	Glycosyltransferase family 52	114	313	1.2E-9	T	19-01-2026	IPR012477	Glycosyltransferase family 52	-	-
PROKKA_ERR1018207_M118A.SZAXPI003431-1_bin.24.faa_NOKAFBBG_00378	25f84d6e7e525a2b3c42bf2f35777b45	361	Gene3D	G3DSA:3.40.50.11110	-	207	352	1.2E-6	T	19-01-2026	-	-	-	-
PROKKA_ERR1018207_M118A.SZAXPI003431-1_bin.24.faa_NOKAFBBG_00378	25f84d6e7e525a2b3c42bf2f35777b45	361	Pfam	PF07388	Alpha-2,8-polysialyltransferase (POLYST)	3	321	3.2E-10	T	19-01-2026	IPR010866	Alpha-2,8-polysialyltransferase	-	-
PROKKA_ERR1018258_M2-PK644A.SZAXPI015254-45_bin.19.faa_HFHNHONN_00293	4982c6c407b08a7e77f75a68da546a8b	363	Pfam	PF07388	Alpha-2,8-polysialyltransferase (POLYST)	4	309	3.1E-12	T	19-01-2026	IPR010866	Alpha-2,8-polysialyltransferase	-	-
PROKKA_ERR1018259_M2-PK647A.SZAXPI015255-46_bin.51.faa_KKMPFFLJ_00141	4d8e3d3c627e606852f1a00773726731	212	Gene3D	G3DSA:3.40.50.11110	-	64	207	2.1E-12	T	19-01-2026	-	-	-	-
PROKKA_ERR1018259_M2-PK647A.SZAXPI015255-46_bin.51.faa_KKMPFFLJ_00141	4d8e3d3c627e606852f1a00773726731	212	Pfam	PF07922	Glycosyltransferase family 52	9	191	4.4E-31	T	19-01-2026	IPR012477	Glycosyltransferase family 52	-	-
PROKKA_ERR1018251_M2-PK556A.SZAXPI015247-35_bin.40.faa_NCPJGCCK_11957	f5588da5b604fac53abc9c49358782b9	350	Pfam	PF07388	Alpha-2,8-polysialyltransferase (POLYST)	3	278	0.02	T	19-01-2026	IPR010866	Alpha-2,8-polysialyltransferase	-	-
PROKKA_ERR1018188_M2-Pk014A.SZAXPI003412-1_bin.48.faa_CCGHHJHM_00285	f948201f644bc31189f27cb0c040df18	362	Pfam	PF07388	Alpha-2,8-polysialyltransferase (POLYST)	121	312	0.0014	T	19-01-2026	IPR010866	Alpha-2,8-polysialyltransferase	-	-
PROKKA_ERR1018291_M2-PK067A.SZAXPI017463-36_bin.42.faa_GALHNKDM_00644	77ae9d04197d0866670160b1c2f62d45	319	Gene3D	G3DSA:3.40.50.11110	-	179	299	1.6E-7	T	19-01-2026	-	-	-	-
PROKKA_ERR1018303_MSC79A.SZAXPI017586-111_bin.31.faa_PJFGCMIF_00603	77ae9d04197d0866670160b1c2f62d45	319	Gene3D	G3DSA:3.40.50.11110	-	179	299	1.6E-7	T	19-01-2026	-	-	-	-
PROKKA_ERR1018253_M2-PK602A.SZAXPI015249-37_bin.43.faa_KBIFIOGA_02211	b3ba23bba7b25228dd68bcd2f20ce73a	361	Coils	Coil	Coil	219	246	-	T	19-01-2026	-	-	-	-
PROKKA_ERR1018253_M2-PK602A.SZAXPI015249-37_bin.43.faa_KBIFIOGA_02211	b3ba23bba7b25228dd68bcd2f20ce73a	361	Pfam	PF07922	Glycosyltransferase family 52	101	326	4.8E-9	T	19-01-2026	IPR012477	Glycosyltransferase family 52	-	-
PROKKA_ERR1018312_M2-PK083B.SZAXPI017595-169_bin.24.faa_HOEHPFPL_01408	59c4a5991a3354d21933a5b2e4facff6	336	Gene3D	G3DSA:3.40.50.11110	-	202	324	3.9E-10	T	19-01-2026	-	-	-	-
PROKKA_ERR1018312_M2-PK083B.SZAXPI017595-169_bin.24.faa_HOEHPFPL_01408	59c4a5991a3354d21933a5b2e4facff6	336	Pfam	PF07922	Glycosyltransferase family 52	105	317	6.8E-29	T	19-01-2026	IPR012477	Glycosyltransferase family 52	-	-
PROKKA_ERR1018203_A60A.SZAXPI003427-1_bin.33.faa_MELKECOD_00014	59c4a5991a3354d21933a5b2e4facff6	336	Gene3D	G3DSA:3.40.50.11110	-	202	324	3.9E-10	T	19-01-2026	-	-	-	-
PROKKA_ERR1018203_A60A.SZAXPI003427-1_bin.33.faa_MELKECOD_00014	59c4a5991a3354d21933a5b2e4facff6	336	Pfam	PF07922	Glycosyltransferase family 52	105	317	6.8E-29	T	19-01-2026	IPR012477	Glycosyltransferase family 52	-	-
PROKKA_ERR1018301_MSC76A.SZAXPI017584-108_bin.21.faa_JMNDLOCC_00522	e04ab9f5d2f17a53a4c45fdbdeb41c06	361	Pfam	PF07922	Glycosyltransferase family 52	115	326	4.7E-8	T	19-01-2026	IPR012477	Glycosyltransferase family 52	-	-
PROKKA_ERR1018270_M2-PK712A.SZAXPI015266-89_bin.23.faa_KDCBDLKB_01105	1a910015b9d2a6a65471f9098ac6c150	335	Gene3D	G3DSA:3.40.50.11110	-	192	304	1.2E-7	T	19-01-2026	-	-	-	-
PROKKA_ERR1018270_M2-PK712A.SZAXPI015266-89_bin.23.faa_KDCBDLKB_01105	1a910015b9d2a6a65471f9098ac6c150	335	Coils	Coil	Coil	238	258	-	T	19-01-2026	-	-	-	-
PROKKA_ERR1018270_M2-PK712A.SZAXPI015266-89_bin.23.faa_KDCBDLKB_01105	1a910015b9d2a6a65471f9098ac6c150	335	Pfam	PF07388	Alpha-2,8-polysialyltransferase (POLYST)	4	295	1.4E-6	T	19-01-2026	IPR010866	Alpha-2,8-polysialyltransferase	-	-
PROKKA_ERR1018205_A51A.SZAXPI003429-3_bin.30.faa_MOIBILBD_00189	1a910015b9d2a6a65471f9098ac6c150	335	Gene3D	G3DSA:3.40.50.11110	-	192	304	1.2E-7	T	19-01-2026	-	-	-	-
PROKKA_ERR1018205_A51A.SZAXPI003429-3_bin.30.faa_MOIBILBD_00189	1a910015b9d2a6a65471f9098ac6c150	335	Coils	Coil	Coil	238	258	-	T	19-01-2026	-	-	-	-
PROKKA_ERR1018205_A51A.SZAXPI003429-3_bin.30.faa_MOIBILBD_00189	1a910015b9d2a6a65471f9098ac6c150	335	Pfam	PF07388	Alpha-2,8-polysialyltransferase (POLYST)	4	295	1.4E-6	T	19-01-2026	IPR010866	Alpha-2,8-polysialyltransferase	-	-
PROKKA_ERR1018248_M2-PK533A.SZAXPI015244-32_bin.4.faa_IBAIOEAO_00077	311ba784347eab1d4eb517c00f7f87b3	361	Pfam	PF07922	Glycosyltransferase family 52	115	326	3.8E-8	T	19-01-2026	IPR012477	Glycosyltransferase family 52	-	-
PROKKA_ERR1018188_M2-Pk014A.SZAXPI003412-1_bin.75.faa_PKFFDFID_04616	6807576373ef8c5cee72bbae86790d42	278	Pfam	PF07388	Alpha-2,8-polysialyltransferase (POLYST)	25	219	0.0041	T	19-01-2026	IPR010866	Alpha-2,8-polysialyltransferase	-	-
PROKKA_ERR1018285_M2-PK055A.SZAXPI017457-24_bin.32.faa_AHDHJKBE_02358	566aa8c46079188d091f836965da6bae	361	Coils	Coil	Coil	226	246	-	T	19-01-2026	-	-	-	-
PROKKA_ERR1018285_M2-PK055A.SZAXPI017457-24_bin.32.faa_AHDHJKBE_02358	566aa8c46079188d091f836965da6bae	361	Pfam	PF07922	Glycosyltransferase family 52	115	313	5.8E-10	T	19-01-2026	IPR012477	Glycosyltransferase family 52	-	-
PROKKA_ERR1018285_M2-PK055A.SZAXPI017457-24_bin.32.faa_AHDHJKBE_02358	566aa8c46079188d091f836965da6bae	361	Gene3D	G3DSA:3.40.50.11110	-	218	329	1.9E-5	T	19-01-2026	-	-	-	-
PROKKA_ERR1018187_M2-Pk010A.SZAXPI003411-6_bin.4.faa_OPHGJLAM_01591	301c67eb4a4e48fe5172c52ccfb59e2e	113	Gene3D	G3DSA:3.40.50.11110	-	6	108	1.5E-6	T	19-01-2026	-	-	-	-
PROKKA_ERR1018187_M2-Pk010A.SZAXPI003411-6_bin.4.faa_OPHGJLAM_01591	301c67eb4a4e48fe5172c52ccfb59e2e	113	Pfam	PF07388	Alpha-2,8-polysialyltransferase (POLYST)	3	93	5.2E-8	T	19-01-2026	IPR010866	Alpha-2,8-polysialyltransferase	-	-
PROKKA_ERR1018194_M2-Pk017A.SZAXPI003418-8_bin.25.faa_ILNMABAJ_00813	349d66c7afc2ed29d32171a79e6e9abd	331	Coils	Coil	Coil	227	247	-	T	19-01-2026	-	-	-	-
PROKKA_ERR1018194_M2-Pk017A.SZAXPI003418-8_bin.25.faa_ILNMABAJ_00813	349d66c7afc2ed29d32171a79e6e9abd	331	Gene3D	G3DSA:3.40.50.11110	-	189	323	9.5E-12	T	19-01-2026	-	-	-	-
PROKKA_ERR1018194_M2-Pk017A.SZAXPI003418-8_bin.25.faa_ILNMABAJ_00813	349d66c7afc2ed29d32171a79e6e9abd	331	Pfam	PF07922	Glycosyltransferase family 52	60	313	5.6E-33	T	19-01-2026	IPR012477	Glycosyltransferase family 52	-	-
PROKKA_ERR1018210_M113A.SZAXPI003434-7_bin.50.faa_FIGDKPKN_01321	ad44b8ffa2143cc6ddc193c31e14366c	351	Pfam	PF07388	Alpha-2,8-polysialyltransferase (POLYST)	4	296	8.3E-11	T	19-01-2026	IPR010866	Alpha-2,8-polysialyltransferase	-	-
PROKKA_ERR1018209_509A.SZAXPI003433-7_bin.26.faa_ONMIIKBJ_01073	c35a7366b5dd07f9981d237546da8fd2	341	Pfam	PF07388	Alpha-2,8-polysialyltransferase (POLYST)	16	312	4.9E-7	T	19-01-2026	IPR010866	Alpha-2,8-polysialyltransferase	-	-
PROKKA_ERR1018258_M2-PK644A.SZAXPI015254-45_bin.25.faa_LGBBBCBB_03605	c35a7366b5dd07f9981d237546da8fd2	341	Pfam	PF07388	Alpha-2,8-polysialyltransferase (POLYST)	16	312	4.9E-7	T	19-01-2026	IPR010866	Alpha-2,8-polysialyltransferase	-	-
PROKKA_ERR1018274_M2-PK730A.SZAXPI015270-90_bin.46.faa_JHAIHOGB_06577	c35a7366b5dd07f9981d237546da8fd2	341	Pfam	PF07388	Alpha-2,8-polysialyltransferase (POLYST)	16	312	4.9E-7	T	19-01-2026	IPR010866	Alpha-2,8-polysialyltransferase	-	-
PROKKA_ERR1018235_519A.SZAXPI015230-16_bin.26.faa_KIOILKOK_00216	c35a7366b5dd07f9981d237546da8fd2	341	Pfam	PF07388	Alpha-2,8-polysialyltransferase (POLYST)	16	312	4.9E-7	T	19-01-2026	IPR010866	Alpha-2,8-polysialyltransferase	-	-
PROKKA_ERR1018210_M113A.SZAXPI003434-7_bin.45.faa_EDBMLPDB_03942	c35a7366b5dd07f9981d237546da8fd2	341	Pfam	PF07388	Alpha-2,8-polysialyltransferase (POLYST)	16	312	4.9E-7	T	19-01-2026	IPR010866	Alpha-2,8-polysialyltransferase	-	-
PROKKA_ERR1018289_M2-PK065A.SZAXPI017461-32_bin.9.faa_AADMKHAJ_05761	c35a7366b5dd07f9981d237546da8fd2	341	Pfam	PF07388	Alpha-2,8-polysialyltransferase (POLYST)	16	312	4.9E-7	T	19-01-2026	IPR010866	Alpha-2,8-polysialyltransferase	-	-
PROKKA_ERR1018276_M2-PK750A.SZAXPI015272-108_bin.12.faa_KFDLPHPL_05227	c35a7366b5dd07f9981d237546da8fd2	341	Pfam	PF07388	Alpha-2,8-polysialyltransferase (POLYST)	16	312	4.9E-7	T	19-01-2026	IPR010866	Alpha-2,8-polysialyltransferase	-	-
PROKKA_ERR1018266_M2-PK701A.SZAXPI015262-79_bin.8.faa_AKBKLMGN_00131	c35a7366b5dd07f9981d237546da8fd2	341	Pfam	PF07388	Alpha-2,8-polysialyltransferase (POLYST)	16	312	4.9E-7	T	19-01-2026	IPR010866	Alpha-2,8-polysialyltransferase	-	-
PROKKA_ERR1018262_M2-PK656A.SZAXPI015258-57_bin.19.faa_OLNIMPMI_06681	c35a7366b5dd07f9981d237546da8fd2	341	Pfam	PF07388	Alpha-2,8-polysialyltransferase (POLYST)	16	312	4.9E-7	T	19-01-2026	IPR010866	Alpha-2,8-polysialyltransferase	-	-
PROKKA_ERR1018286_M2-PK059A.SZAXPI017458-25_bin.35.faa_GLHINKNP_11312	c35a7366b5dd07f9981d237546da8fd2	341	Pfam	PF07388	Alpha-2,8-polysialyltransferase (POLYST)	16	312	4.9E-7	T	19-01-2026	IPR010866	Alpha-2,8-polysialyltransferase	-	-
PROKKA_ERR1018190_M2-Pk013A.SZAXPI003414-3_bin.11.faa_ANEIHAEK_00360	c35a7366b5dd07f9981d237546da8fd2	341	Pfam	PF07388	Alpha-2,8-polysialyltransferase (POLYST)	16	312	4.9E-7	T	19-01-2026	IPR010866	Alpha-2,8-polysialyltransferase	-	-
PROKKA_ERR1018265_M2-PK699A.SZAXPI015261-75_bin.17.faa_PGJMIEGB_14983	c35a7366b5dd07f9981d237546da8fd2	341	Pfam	PF07388	Alpha-2,8-polysialyltransferase (POLYST)	16	312	4.9E-7	T	19-01-2026	IPR010866	Alpha-2,8-polysialyltransferase	-	-
PROKKA_ERR1018255_M2-PK617A.SZAXPI015251-41_bin.35.faa_OIDBKMFI_04634	c35a7366b5dd07f9981d237546da8fd2	341	Pfam	PF07388	Alpha-2,8-polysialyltransferase (POLYST)	16	312	4.9E-7	T	19-01-2026	IPR010866	Alpha-2,8-polysialyltransferase	-	-
PROKKA_ERR1018223_M2-PK032A.SZAXPI015218-16_bin.50.faa_LODKLJII_00180	31b20b0075fc3e85e09171b1bc2b7b5f	360	Gene3D	G3DSA:3.40.50.11110	-	200	353	7.4E-10	T	19-01-2026	-	-	-	-
PROKKA_ERR1018223_M2-PK032A.SZAXPI015218-16_bin.50.faa_LODKLJII_00180	31b20b0075fc3e85e09171b1bc2b7b5f	360	Pfam	PF07388	Alpha-2,8-polysialyltransferase (POLYST)	3	321	1.5E-6	T	19-01-2026	IPR010866	Alpha-2,8-polysialyltransferase	-	-
PROKKA_ERR1018236_517A.SZAXPI015231-17_bin.19.faa_NAMACHHO_01826	5acf69b24ad00d0ee7b1a4abdd3a375c	361	Coils	Coil	Coil	219	246	-	T	19-01-2026	-	-	-	-
PROKKA_ERR1018236_517A.SZAXPI015231-17_bin.19.faa_NAMACHHO_01826	5acf69b24ad00d0ee7b1a4abdd3a375c	361	Pfam	PF07922	Glycosyltransferase family 52	102	326	3.9E-9	T	19-01-2026	IPR012477	Glycosyltransferase family 52	-	-
PROKKA_ERR1018249_M2-PK543A.SZAXPI015245-33_bin.18.faa_NKEHFLGL_10853	1661602aa73596121c5d97ae8dde34a8	341	Pfam	PF07388	Alpha-2,8-polysialyltransferase (POLYST)	16	312	6.0E-7	T	19-01-2026	IPR010866	Alpha-2,8-polysialyltransferase	-	-
PROKKA_ERR1018235_519A.SZAXPI015230-16_bin.32.faa_AOEFGHEL_01295	cf35f8ddad9e8ae769c533686dcb0253	361	Pfam	PF07922	Glycosyltransferase family 52	114	313	2.8E-9	T	19-01-2026	IPR012477	Glycosyltransferase family 52	-	-
PROKKA_ERR1018272_M2-PK725A.SZAXPI015268-109_bin.45.faa_GKBCHAKN_01358	cf35f8ddad9e8ae769c533686dcb0253	361	Pfam	PF07922	Glycosyltransferase family 52	114	313	2.8E-9	T	19-01-2026	IPR012477	Glycosyltransferase family 52	-	-
PROKKA_ERR1018215_M2-PK037B.SZAXPI015210-17_bin.94.faa_FMHDNPFP_00528	cf35f8ddad9e8ae769c533686dcb0253	361	Pfam	PF07922	Glycosyltransferase family 52	114	313	2.8E-9	T	19-01-2026	IPR012477	Glycosyltransferase family 52	-	-
PROKKA_ERR1018241_A10A.SZAXPI015237-23_bin.23.faa_HJAAJIAC_01957	31bc16330e4c91bb18532579d6acaaf5	409	Pfam	PF07388	Alpha-2,8-polysialyltransferase (POLYST)	46	348	4.5E-34	T	19-01-2026	IPR010866	Alpha-2,8-polysialyltransferase	-	-
PROKKA_ERR1018307_MSC120A.SZAXPI017590-136_bin.46.faa_KGALKLNG_01846	31bc16330e4c91bb18532579d6acaaf5	409	Pfam	PF07388	Alpha-2,8-polysialyltransferase (POLYST)	46	348	4.5E-34	T	19-01-2026	IPR010866	Alpha-2,8-polysialyltransferase	-	-
PROKKA_ERR1018236_517A.SZAXPI015231-17_bin.43.faa_BJNDOMCF_00718	31bc16330e4c91bb18532579d6acaaf5	409	Pfam	PF07388	Alpha-2,8-polysialyltransferase (POLYST)	46	348	4.5E-34	T	19-01-2026	IPR010866	Alpha-2,8-polysialyltransferase	-	-
PROKKA_ERR1018246_M2-PK524A.SZAXPI015242-30_bin.14.faa_DBDIGMMI_00023	31bc16330e4c91bb18532579d6acaaf5	409	Pfam	PF07388	Alpha-2,8-polysialyltransferase (POLYST)	46	348	4.5E-34	T	19-01-2026	IPR010866	Alpha-2,8-polysialyltransferase	-	-
PROKKA_ERR1018248_M2-PK533A.SZAXPI015244-32_bin.7.faa_HLAODPKO_00487	31bc16330e4c91bb18532579d6acaaf5	409	Pfam	PF07388	Alpha-2,8-polysialyltransferase (POLYST)	46	348	4.5E-34	T	19-01-2026	IPR010866	Alpha-2,8-polysialyltransferase	-	-
PROKKA_ERR1018213_M2-Pk004A.SZAXPI003437-3_bin.59.faa_LLALABCO_00873	31bc16330e4c91bb18532579d6acaaf5	409	Pfam	PF07388	Alpha-2,8-polysialyltransferase (POLYST)	46	348	4.5E-34	T	19-01-2026	IPR010866	Alpha-2,8-polysialyltransferase	-	-
PROKKA_ERR1018227_M2-PK002A.SZAXPI015222-123_bin.47.faa_PDJOGJJM_00288	f24a7c5ee0517657577601c9ebce520e	336	Gene3D	G3DSA:3.40.50.11110	-	202	324	5.7E-10	T	19-01-2026	-	-	-	-
PROKKA_ERR1018227_M2-PK002A.SZAXPI015222-123_bin.47.faa_PDJOGJJM_00288	f24a7c5ee0517657577601c9ebce520e	336	Pfam	PF07922	Glycosyltransferase family 52	105	317	6.9E-29	T	19-01-2026	IPR012477	Glycosyltransferase family 52	-	-
PROKKA_ERR1018257_M2-PK630A.SZAXPI015253-44_bin.41.faa_HPMLIDBM_00477	d0806c763ad5a3fe3750c87fe8e69010	361	Pfam	PF07922	Glycosyltransferase family 52	114	313	9.9E-10	T	19-01-2026	IPR012477	Glycosyltransferase family 52	-	-
PROKKA_ERR1018185_M2-Pk008A.SZAXPI003409-8_bin.67.faa_BBNFELLE_01343	d0806c763ad5a3fe3750c87fe8e69010	361	Pfam	PF07922	Glycosyltransferase family 52	114	313	9.9E-10	T	19-01-2026	IPR012477	Glycosyltransferase family 52	-	-
PROKKA_ERR1018252_M2-PK558A.SZAXPI015248-36_bin.25.faa_AIJKABND_01696	d0806c763ad5a3fe3750c87fe8e69010	361	Pfam	PF07922	Glycosyltransferase family 52	114	313	9.9E-10	T	19-01-2026	IPR012477	Glycosyltransferase family 52	-	-
PROKKA_ERR1018233_534A.SZAXPI015228-14_bin.15.faa_KHOGCIKA_00147	e5af6beb8361bbda688af267888a5730	332	Gene3D	G3DSA:3.40.50.11110	-	188	322	1.0E-11	T	19-01-2026	-	-	-	-
PROKKA_ERR1018233_534A.SZAXPI015228-14_bin.15.faa_KHOGCIKA_00147	e5af6beb8361bbda688af267888a5730	332	Pfam	PF07922	Glycosyltransferase family 52	112	316	2.1E-33	T	19-01-2026	IPR012477	Glycosyltransferase family 52	-	-
PROKKA_ERR1018239_512A.SZAXPI015234-20_bin.12.faa_MLAGFNCO_00995	bf93ebde0d1feaa8b43e1ccbd07526a6	367	Gene3D	G3DSA:3.40.50.11110	-	219	343	4.1E-6	T	19-01-2026	-	-	-	-
PROKKA_ERR1018239_512A.SZAXPI015234-20_bin.12.faa_MLAGFNCO_00995	bf93ebde0d1feaa8b43e1ccbd07526a6	367	Pfam	PF07922	Glycosyltransferase family 52	113	319	2.2E-9	T	19-01-2026	IPR012477	Glycosyltransferase family 52	-	-
PROKKA_ERR1018245_M2-PK523A.SZAXPI015241-27_bin.17.faa_FPOMBBLN_01535	1bdcc22d13da026a7684b7d30c017109	361	Coils	Coil	Coil	219	246	-	T	19-01-2026	-	-	-	-
PROKKA_ERR1018245_M2-PK523A.SZAXPI015241-27_bin.17.faa_FPOMBBLN_01535	1bdcc22d13da026a7684b7d30c017109	361	Pfam	PF07922	Glycosyltransferase family 52	102	326	4.3E-9	T	19-01-2026	IPR012477	Glycosyltransferase family 52	-	-
PROKKA_ERR1018248_M2-PK533A.SZAXPI015244-32_bin.8.faa_ALGAGONJ_00091	01b34ee80eb6cb4916d146ae2f135201	274	Pfam	PF07388	Alpha-2,8-polysialyltransferase (POLYST)	16	230	7.5E-12	T	19-01-2026	IPR010866	Alpha-2,8-polysialyltransferase	-	-
PROKKA_ERR1018248_M2-PK533A.SZAXPI015244-32_bin.8.faa_ALGAGONJ_00091	01b34ee80eb6cb4916d146ae2f135201	274	Gene3D	G3DSA:3.40.50.11110	-	126	225	8.2E-7	T	19-01-2026	-	-	-	-
PROKKA_ERR1018221_M2-PK026A.SZAXPI015216-169_bin.37.faa_MAMGMOEH_00128	065bd1818e5db24d16da2bd3332a02ae	337	Pfam	PF07388	Alpha-2,8-polysialyltransferase (POLYST)	80	296	0.018	T	19-01-2026	IPR010866	Alpha-2,8-polysialyltransferase	-	-
PROKKA_ERR1018293_M2-PK085A.SZAXPI017465-43_bin.8.faa_BNLNIBJK_04996	a593e02a2aa6a99cfdf14c31795e77cc	328	Gene3D	G3DSA:3.40.50.11110	-	218	324	2.1E-7	T	19-01-2026	-	-	-	-
PROKKA_ERR1018293_M2-PK085A.SZAXPI017465-43_bin.8.faa_BNLNIBJK_04996	a593e02a2aa6a99cfdf14c31795e77cc	328	Pfam	PF07922	Glycosyltransferase family 52	97	293	9.4E-19	T	19-01-2026	IPR012477	Glycosyltransferase family 52	-	-
PROKKA_ERR1018190_M2-Pk013A.SZAXPI003414-3_bin.15.faa_GKNJIDIM_03608	20ad5b9890c27c48e238e0ea3f3f9c69	409	Pfam	PF07388	Alpha-2,8-polysialyltransferase (POLYST)	46	348	4.3E-34	T	19-01-2026	IPR010866	Alpha-2,8-polysialyltransferase	-	-
PROKKA_ERR1018281_M2-PK046A.SZAXPI017453-19_bin.50.faa_HPAKGEEE_02069	20ad5b9890c27c48e238e0ea3f3f9c69	409	Pfam	PF07388	Alpha-2,8-polysialyltransferase (POLYST)	46	348	4.3E-34	T	19-01-2026	IPR010866	Alpha-2,8-polysialyltransferase	-	-
PROKKA_ERR1018201_M2-Pk005A.SZAXPI003425-1_bin.32.faa_MPKEHALP_01751	20ad5b9890c27c48e238e0ea3f3f9c69	409	Pfam	PF07388	Alpha-2,8-polysialyltransferase (POLYST)	46	348	4.3E-34	T	19-01-2026	IPR010866	Alpha-2,8-polysialyltransferase	-	-
PROKKA_ERR1018266_M2-PK701A.SZAXPI015262-79_bin.69.faa_CMANOOIE_02492	42eb9428d6d2ef8e8e47ea1c78bba1f1	320	Pfam	PF07922	Glycosyltransferase family 52	80	300	2.9E-21	T	19-01-2026	IPR012477	Glycosyltransferase family 52	-	-
PROKKA_ERR1018266_M2-PK701A.SZAXPI015262-79_bin.69.faa_CMANOOIE_02492	42eb9428d6d2ef8e8e47ea1c78bba1f1	320	Gene3D	G3DSA:3.40.50.11110	-	181	305	1.4E-9	T	19-01-2026	-	-	-	-
PROKKA_ERR1018236_517A.SZAXPI015231-17_bin.39.faa_PNKPOELB_01688	42eb9428d6d2ef8e8e47ea1c78bba1f1	320	Pfam	PF07922	Glycosyltransferase family 52	80	300	2.9E-21	T	19-01-2026	IPR012477	Glycosyltransferase family 52	-	-
PROKKA_ERR1018236_517A.SZAXPI015231-17_bin.39.faa_PNKPOELB_01688	42eb9428d6d2ef8e8e47ea1c78bba1f1	320	Gene3D	G3DSA:3.40.50.11110	-	181	305	1.4E-9	T	19-01-2026	-	-	-	-
PROKKA_ERR1018311_M2-PK069B.SZAXPI017594-166_bin.13.faa_LHIKMFIO_01852	3e2ed4a74bbfc58e982f4187aed93397	367	Pfam	PF07922	Glycosyltransferase family 52	72	319	2.9E-11	T	19-01-2026	IPR012477	Glycosyltransferase family 52	-	-
PROKKA_ERR1018311_M2-PK069B.SZAXPI017594-166_bin.13.faa_LHIKMFIO_01852	3e2ed4a74bbfc58e982f4187aed93397	367	Gene3D	G3DSA:3.40.50.11110	-	219	343	5.4E-6	T	19-01-2026	-	-	-	-
PROKKA_ERR1018188_M2-Pk014A.SZAXPI003412-1_bin.53.faa_LHIPEAIB_01398	e692660af28c5b235815f31bd642d12c	335	Coils	Coil	Coil	238	258	-	T	19-01-2026	-	-	-	-
PROKKA_ERR1018188_M2-Pk014A.SZAXPI003412-1_bin.53.faa_LHIPEAIB_01398	e692660af28c5b235815f31bd642d12c	335	Pfam	PF07388	Alpha-2,8-polysialyltransferase (POLYST)	4	295	4.4E-6	T	19-01-2026	IPR010866	Alpha-2,8-polysialyltransferase	-	-
PROKKA_ERR1018188_M2-Pk014A.SZAXPI003412-1_bin.53.faa_LHIPEAIB_01398	e692660af28c5b235815f31bd642d12c	335	Gene3D	G3DSA:3.40.50.11110	-	199	304	1.1E-7	T	19-01-2026	-	-	-	-
PROKKA_ERR1018214_M2-PK018A.SZAXPI015209-133_bin.28.faa_KLJHAHMF_00833	7c4c82b23406a727250bdadbbaca17d7	336	Gene3D	G3DSA:3.40.50.11110	-	189	312	8.3E-11	T	19-01-2026	-	-	-	-
PROKKA_ERR1018214_M2-PK018A.SZAXPI015209-133_bin.28.faa_KLJHAHMF_00833	7c4c82b23406a727250bdadbbaca17d7	336	Pfam	PF07922	Glycosyltransferase family 52	31	307	3.5E-15	T	19-01-2026	IPR012477	Glycosyltransferase family 52	-	-
PROKKA_ERR1018223_M2-PK032A.SZAXPI015218-16_bin.28.faa_OJDBOCMN_01141	2380f2c909a2ed8c3f0a7068d81f3c4b	361	Pfam	PF07922	Glycosyltransferase family 52	104	326	1.0E-8	T	19-01-2026	IPR012477	Glycosyltransferase family 52	-	-
PROKKA_ERR1018223_M2-PK032A.SZAXPI015218-16_bin.28.faa_OJDBOCMN_01141	2380f2c909a2ed8c3f0a7068d81f3c4b	361	Coils	Coil	Coil	219	246	-	T	19-01-2026	-	-	-	-
PROKKA_ERR1018265_M2-PK699A.SZAXPI015261-75_bin.32.faa_PFLCGHNJ_01311	2380f2c909a2ed8c3f0a7068d81f3c4b	361	Pfam	PF07922	Glycosyltransferase family 52	104	326	1.0E-8	T	19-01-2026	IPR012477	Glycosyltransferase family 52	-	-
PROKKA_ERR1018265_M2-PK699A.SZAXPI015261-75_bin.32.faa_PFLCGHNJ_01311	2380f2c909a2ed8c3f0a7068d81f3c4b	361	Coils	Coil	Coil	219	246	-	T	19-01-2026	-	-	-	-
PROKKA_ERR1018220_M2-PK042A.SZAXPI015215-20_bin.31.faa_LDGKKCBE_01764	2380f2c909a2ed8c3f0a7068d81f3c4b	361	Pfam	PF07922	Glycosyltransferase family 52	104	326	1.0E-8	T	19-01-2026	IPR012477	Glycosyltransferase family 52	-	-
PROKKA_ERR1018220_M2-PK042A.SZAXPI015215-20_bin.31.faa_LDGKKCBE_01764	2380f2c909a2ed8c3f0a7068d81f3c4b	361	Coils	Coil	Coil	219	246	-	T	19-01-2026	-	-	-	-
PROKKA_ERR1018267_M2-PK705A.SZAXPI015263-84_bin.46.faa_JJABHNNI_00674	6004a1661f8d87497d71d86bb2d0bf9e	361	Pfam	PF07922	Glycosyltransferase family 52	115	326	3.8E-8	T	19-01-2026	IPR012477	Glycosyltransferase family 52	-	-
PROKKA_ERR1018194_M2-Pk017A.SZAXPI003418-8_bin.39.faa_DEGNJNKA_01443	e10488a1fde3dc95733c8f68aadd8026	322	Pfam	PF07922	Glycosyltransferase family 52	199	284	6.6E-5	T	19-01-2026	IPR012477	Glycosyltransferase family 52	-	-
PROKKA_ERR1018232_536A.SZAXPI015227-13_bin.17.faa_IOGAGNAL_03235	082a66432baeec8c0fac202becfc68a4	335	Coils	Coil	Coil	238	258	-	T	19-01-2026	-	-	-	-
PROKKA_ERR1018232_536A.SZAXPI015227-13_bin.17.faa_IOGAGNAL_03235	082a66432baeec8c0fac202becfc68a4	335	Gene3D	G3DSA:3.40.50.11110	-	185	304	2.8E-7	T	19-01-2026	-	-	-	-
PROKKA_ERR1018232_536A.SZAXPI015227-13_bin.17.faa_IOGAGNAL_03235	082a66432baeec8c0fac202becfc68a4	335	Pfam	PF07388	Alpha-2,8-polysialyltransferase (POLYST)	4	295	1.6E-6	T	19-01-2026	IPR010866	Alpha-2,8-polysialyltransferase	-	-
PROKKA_ERR1018265_M2-PK699A.SZAXPI015261-75_bin.33.faa_IEOKPCLN_05499	082a66432baeec8c0fac202becfc68a4	335	Coils	Coil	Coil	238	258	-	T	19-01-2026	-	-	-	-
PROKKA_ERR1018265_M2-PK699A.SZAXPI015261-75_bin.33.faa_IEOKPCLN_05499	082a66432baeec8c0fac202becfc68a4	335	Gene3D	G3DSA:3.40.50.11110	-	185	304	2.8E-7	T	19-01-2026	-	-	-	-
PROKKA_ERR1018265_M2-PK699A.SZAXPI015261-75_bin.33.faa_IEOKPCLN_05499	082a66432baeec8c0fac202becfc68a4	335	Pfam	PF07388	Alpha-2,8-polysialyltransferase (POLYST)	4	295	1.6E-6	T	19-01-2026	IPR010866	Alpha-2,8-polysialyltransferase	-	-
PROKKA_ERR1018258_M2-PK644A.SZAXPI015254-45_bin.11.faa_EHOMFEDC_00711	23e4cdb198aaf6e59d78815e4d8bd162	361	Pfam	PF07922	Glycosyltransferase family 52	114	313	6.8E-10	T	19-01-2026	IPR012477	Glycosyltransferase family 52	-	-
PROKKA_ERR1018260_M2-PK649A.SZAXPI015256-47_bin.21.faa_LFPDDLHD_02307	26562724820ec9a488c436e70348543a	336	Gene3D	G3DSA:3.40.50.11110	-	203	314	1.6E-5	T	19-01-2026	-	-	-	-
PROKKA_ERR1018260_M2-PK649A.SZAXPI015256-47_bin.21.faa_LFPDDLHD_02307	26562724820ec9a488c436e70348543a	336	Pfam	PF07922	Glycosyltransferase family 52	171	320	3.5E-13	T	19-01-2026	IPR012477	Glycosyltransferase family 52	-	-
PROKKA_ERR1018310_M2-PK056B.SZAXPI017593-158_bin.47.faa_GNINEDAB_21025	26562724820ec9a488c436e70348543a	336	Gene3D	G3DSA:3.40.50.11110	-	203	314	1.6E-5	T	19-01-2026	-	-	-	-
PROKKA_ERR1018310_M2-PK056B.SZAXPI017593-158_bin.47.faa_GNINEDAB_21025	26562724820ec9a488c436e70348543a	336	Pfam	PF07922	Glycosyltransferase family 52	171	320	3.5E-13	T	19-01-2026	IPR012477	Glycosyltransferase family 52	-	-
PROKKA_ERR1018277_M2-PK751A.SZAXPI015273-95_bin.53.faa_PJALBDIM_02488	cf5cde59fd57b874496b43f45a2134e3	331	Pfam	PF07922	Glycosyltransferase family 52	25	301	9.3E-16	T	19-01-2026	IPR012477	Glycosyltransferase family 52	-	-
PROKKA_ERR1018277_M2-PK751A.SZAXPI015273-95_bin.53.faa_PJALBDIM_02488	cf5cde59fd57b874496b43f45a2134e3	331	Gene3D	G3DSA:3.40.50.11110	-	184	310	2.0E-10	T	19-01-2026	-	-	-	-
PROKKA_ERR1018232_536A.SZAXPI015227-13_bin.44.faa_CHODBIIF_00084	bcb3b4057190726c28eee77623704a80	367	Pfam	PF07388	Alpha-2,8-polysialyltransferase (POLYST)	4	310	1.4E-11	T	19-01-2026	IPR010866	Alpha-2,8-polysialyltransferase	-	-
PROKKA_ERR1018261_M2-PK653A.SZAXPI015257-56_bin.12.faa_KKECGPIM_01360	bcb3b4057190726c28eee77623704a80	367	Pfam	PF07388	Alpha-2,8-polysialyltransferase (POLYST)	4	310	1.4E-11	T	19-01-2026	IPR010866	Alpha-2,8-polysialyltransferase	-	-
PROKKA_ERR1018308_M2-PK520B.SZAXPI017591-140_bin.1.faa_GHKMCJII_00876	58eff8025b6ed1dc404fa79905bc2361	361	Pfam	PF07922	Glycosyltransferase family 52	114	313	1.0E-9	T	19-01-2026	IPR012477	Glycosyltransferase family 52	-	-
PROKKA_ERR1018268_M2-PK708A.SZAXPI015264-87_bin.3.faa_ADIFMINM_01745	b23a325bcf4a8d59c039faa046a47ea0	361	Pfam	PF07922	Glycosyltransferase family 52	115	313	8.1E-10	T	19-01-2026	IPR012477	Glycosyltransferase family 52	-	-
PROKKA_ERR1018268_M2-PK708A.SZAXPI015264-87_bin.3.faa_ADIFMINM_01745	b23a325bcf4a8d59c039faa046a47ea0	361	Coils	Coil	Coil	226	246	-	T	19-01-2026	-	-	-	-
PROKKA_ERR1018268_M2-PK708A.SZAXPI015264-87_bin.3.faa_ADIFMINM_01745	b23a325bcf4a8d59c039faa046a47ea0	361	Gene3D	G3DSA:3.40.50.11110	-	218	329	5.0E-6	T	19-01-2026	-	-	-	-
PROKKA_ERR1018215_M2-PK037B.SZAXPI015210-17_bin.49.faa_AHANFEIM_00428	d8c3c77e04bb57ea0432631e1b71c7bf	368	Pfam	PF07388	Alpha-2,8-polysialyltransferase (POLYST)	3	300	0.0012	T	19-01-2026	IPR010866	Alpha-2,8-polysialyltransferase	-	-
PROKKA_ERR1018200_M2-Pk006A.SZAXPI003424-12_bin.35.faa_CCFOLBAI_01455	6883eb292af60d53295e92c336fcfa22	322	Pfam	PF07388	Alpha-2,8-polysialyltransferase (POLYST)	5	283	1.0E-8	T	19-01-2026	IPR010866	Alpha-2,8-polysialyltransferase	-	-
PROKKA_ERR1018271_M2-PK723A.SZAXPI015267-102_bin.36.faa_DGMHECMK_00955	c6edb7971d096f4798acbb6713119ffa	531	Coils	Coil	Coil	496	523	-	T	19-01-2026	-	-	-	-
PROKKA_ERR1018271_M2-PK723A.SZAXPI015267-102_bin.36.faa_DGMHECMK_00955	c6edb7971d096f4798acbb6713119ffa	531	Pfam	PF07388	Alpha-2,8-polysialyltransferase (POLYST)	23	261	0.0035	T	19-01-2026	IPR010866	Alpha-2,8-polysialyltransferase	-	-
PROKKA_ERR1018275_M2-PK732A.SZAXPI015271-93_bin.25.faa_LEGDDCFP_01845	89fca2e633aa0f256fd405cb5a5f4313	361	Coils	Coil	Coil	219	246	-	T	19-01-2026	-	-	-	-
PROKKA_ERR1018275_M2-PK732A.SZAXPI015271-93_bin.25.faa_LEGDDCFP_01845	89fca2e633aa0f256fd405cb5a5f4313	361	Pfam	PF07922	Glycosyltransferase family 52	111	326	5.8E-9	T	19-01-2026	IPR012477	Glycosyltransferase family 52	-	-
PROKKA_ERR1018276_M2-PK750A.SZAXPI015272-108_bin.5.faa_BGALFGHG_00229	268a02b5d81de80d5e9ee054cfb161ed	335	Coils	Coil	Coil	238	258	-	T	19-01-2026	-	-	-	-
PROKKA_ERR1018276_M2-PK750A.SZAXPI015272-108_bin.5.faa_BGALFGHG_00229	268a02b5d81de80d5e9ee054cfb161ed	335	Gene3D	G3DSA:3.40.50.11110	-	185	304	1.7E-7	T	19-01-2026	-	-	-	-
PROKKA_ERR1018276_M2-PK750A.SZAXPI015272-108_bin.5.faa_BGALFGHG_00229	268a02b5d81de80d5e9ee054cfb161ed	335	Pfam	PF07388	Alpha-2,8-polysialyltransferase (POLYST)	4	295	4.5E-7	T	19-01-2026	IPR010866	Alpha-2,8-polysialyltransferase	-	-
PROKKA_ERR1018267_M2-PK705A.SZAXPI015263-84_bin.39.faa_IFIIFIHE_00971	268a02b5d81de80d5e9ee054cfb161ed	335	Coils	Coil	Coil	238	258	-	T	19-01-2026	-	-	-	-
PROKKA_ERR1018267_M2-PK705A.SZAXPI015263-84_bin.39.faa_IFIIFIHE_00971	268a02b5d81de80d5e9ee054cfb161ed	335	Gene3D	G3DSA:3.40.50.11110	-	185	304	1.7E-7	T	19-01-2026	-	-	-	-
PROKKA_ERR1018267_M2-PK705A.SZAXPI015263-84_bin.39.faa_IFIIFIHE_00971	268a02b5d81de80d5e9ee054cfb161ed	335	Pfam	PF07388	Alpha-2,8-polysialyltransferase (POLYST)	4	295	4.5E-7	T	19-01-2026	IPR010866	Alpha-2,8-polysialyltransferase	-	-
PROKKA_ERR1018228_M2-PK023A.SZAXPI015223-158_bin.34.faa_JLINEKOE_03906	268a02b5d81de80d5e9ee054cfb161ed	335	Coils	Coil	Coil	238	258	-	T	19-01-2026	-	-	-	-
PROKKA_ERR1018228_M2-PK023A.SZAXPI015223-158_bin.34.faa_JLINEKOE_03906	268a02b5d81de80d5e9ee054cfb161ed	335	Gene3D	G3DSA:3.40.50.11110	-	185	304	1.7E-7	T	19-01-2026	-	-	-	-
PROKKA_ERR1018228_M2-PK023A.SZAXPI015223-158_bin.34.faa_JLINEKOE_03906	268a02b5d81de80d5e9ee054cfb161ed	335	Pfam	PF07388	Alpha-2,8-polysialyltransferase (POLYST)	4	295	4.5E-7	T	19-01-2026	IPR010866	Alpha-2,8-polysialyltransferase	-	-
PROKKA_ERR1018229_M2-PK027A.SZAXPI015224-13_bin.16.faa_EIFPANKM_00803	61fcef4944f8de8d04f6d7fa94f36543	337	Gene3D	G3DSA:3.40.50.11110	-	188	334	5.1E-8	T	19-01-2026	-	-	-	-
PROKKA_ERR1018229_M2-PK027A.SZAXPI015224-13_bin.16.faa_EIFPANKM_00803	61fcef4944f8de8d04f6d7fa94f36543	337	Pfam	PF07922	Glycosyltransferase family 52	61	303	8.9E-36	T	19-01-2026	IPR012477	Glycosyltransferase family 52	-	-
PROKKA_ERR1018211_M2-Pk016A.SZAXPI003435-11_bin.51.faa_MOAJFFCA_02691	81899936c0996e6275a13693f19a2104	378	Pfam	PF07388	Alpha-2,8-polysialyltransferase (POLYST)	133	340	1.9E-16	T	19-01-2026	IPR010866	Alpha-2,8-polysialyltransferase	-	-
PROKKA_ERR1018211_M2-Pk016A.SZAXPI003435-11_bin.51.faa_MOAJFFCA_02691	81899936c0996e6275a13693f19a2104	378	Gene3D	G3DSA:3.40.50.11110	-	214	350	6.2E-10	T	19-01-2026	-	-	-	-
PROKKA_ERR1018254_M2-PK615A.SZAXPI015250-39_bin.65.faa_JFPGNJFB_01456	81899936c0996e6275a13693f19a2104	378	Pfam	PF07388	Alpha-2,8-polysialyltransferase (POLYST)	133	340	1.9E-16	T	19-01-2026	IPR010866	Alpha-2,8-polysialyltransferase	-	-
PROKKA_ERR1018254_M2-PK615A.SZAXPI015250-39_bin.65.faa_JFPGNJFB_01456	81899936c0996e6275a13693f19a2104	378	Gene3D	G3DSA:3.40.50.11110	-	214	350	6.2E-10	T	19-01-2026	-	-	-	-
PROKKA_ERR1018207_M118A.SZAXPI003431-1_bin.30.faa_OENCIHGA_00573	ba85a228f402d4030e0698997d89309e	332	Gene3D	G3DSA:3.40.50.11110	-	189	322	3.8E-10	T	19-01-2026	-	-	-	-
PROKKA_ERR1018207_M118A.SZAXPI003431-1_bin.30.faa_OENCIHGA_00573	ba85a228f402d4030e0698997d89309e	332	Pfam	PF07922	Glycosyltransferase family 52	112	316	5.6E-33	T	19-01-2026	IPR012477	Glycosyltransferase family 52	-	-
PROKKA_ERR1018200_M2-Pk006A.SZAXPI003424-12_bin.38.faa_OINMPALJ_05165	d9c1f11543005b72e5753c30fd43b7c8	384	Pfam	PF07388	Alpha-2,8-polysialyltransferase (POLYST)	5	276	1.1E-10	T	19-01-2026	IPR010866	Alpha-2,8-polysialyltransferase	-	-
PROKKA_ERR1018246_M2-PK524A.SZAXPI015242-30_bin.72.faa_HKNEGFPJ_00900	35402693cc700e37a3ef4770ea570379	360	Gene3D	G3DSA:3.40.50.11110	-	199	353	1.1E-9	T	19-01-2026	-	-	-	-
PROKKA_ERR1018246_M2-PK524A.SZAXPI015242-30_bin.72.faa_HKNEGFPJ_00900	35402693cc700e37a3ef4770ea570379	360	Pfam	PF07388	Alpha-2,8-polysialyltransferase (POLYST)	3	321	1.0E-6	T	19-01-2026	IPR010866	Alpha-2,8-polysialyltransferase	-	-
PROKKA_ERR1018259_M2-PK647A.SZAXPI015255-46_bin.48.faa_KHAEAKFF_00838	6eb2aeb8bbcf74e39368eb7f6645dcf2	358	Coils	Coil	Coil	223	243	-	T	19-01-2026	-	-	-	-
PROKKA_ERR1018259_M2-PK647A.SZAXPI015255-46_bin.48.faa_KHAEAKFF_00838	6eb2aeb8bbcf74e39368eb7f6645dcf2	358	Pfam	PF07922	Glycosyltransferase family 52	101	312	1.2E-8	T	19-01-2026	IPR012477	Glycosyltransferase family 52	-	-
PROKKA_ERR1018305_MSC103A.SZAXPI017588-123_bin.52.faa_PFPEOMNK_07987	beb60f621eda261813a4a048cca1da12	331	Gene3D	G3DSA:3.40.50.11110	-	184	310	2.0E-10	T	19-01-2026	-	-	-	-
PROKKA_ERR1018305_MSC103A.SZAXPI017588-123_bin.52.faa_PFPEOMNK_07987	beb60f621eda261813a4a048cca1da12	331	Pfam	PF07922	Glycosyltransferase family 52	26	301	4.9E-16	T	19-01-2026	IPR012477	Glycosyltransferase family 52	-	-
PROKKA_ERR1018240_502A.SZAXPI015235-21_bin.39.faa_EDNLLJFD_01005	bab255990e18830dfb76f857ab967f79	378	Coils	Coil	Coil	250	270	-	T	19-01-2026	-	-	-	-
PROKKA_ERR1018240_502A.SZAXPI015235-21_bin.39.faa_EDNLLJFD_01005	bab255990e18830dfb76f857ab967f79	378	Gene3D	G3DSA:3.40.50.11110	-	214	350	1.9E-9	T	19-01-2026	-	-	-	-
PROKKA_ERR1018240_502A.SZAXPI015235-21_bin.39.faa_EDNLLJFD_01005	bab255990e18830dfb76f857ab967f79	378	Pfam	PF07388	Alpha-2,8-polysialyltransferase (POLYST)	133	340	7.5E-17	T	19-01-2026	IPR010866	Alpha-2,8-polysialyltransferase	-	-
PROKKA_ERR1018235_519A.SZAXPI015230-16_bin.41.faa_PEABLAHH_01967	eee55e978f481812bb40462eab58bd50	366	Pfam	PF07388	Alpha-2,8-polysialyltransferase (POLYST)	3	318	9.2E-5	T	19-01-2026	IPR010866	Alpha-2,8-polysialyltransferase	-	-
PROKKA_ERR1018245_M2-PK523A.SZAXPI015241-27_bin.8.faa_BGHBEEKM_04030	ed0d4d79738a5cba2c202523eafb81c6	391	Gene3D	G3DSA:3.40.50.11110	-	232	365	2.9E-7	T	19-01-2026	-	-	-	-
PROKKA_ERR1018245_M2-PK523A.SZAXPI015241-27_bin.8.faa_BGHBEEKM_04030	ed0d4d79738a5cba2c202523eafb81c6	391	Pfam	PF07388	Alpha-2,8-polysialyltransferase (POLYST)	136	349	5.1E-11	T	19-01-2026	IPR010866	Alpha-2,8-polysialyltransferase	-	-
PROKKA_ERR1018214_M2-PK018A.SZAXPI015209-133_bin.9.faa_JJFNNKAC_00174	ef1fe18ec9fe6e05185602393584c622	349	Pfam	PF07922	Glycosyltransferase family 52	44	326	4.4E-4	T	19-01-2026	IPR012477	Glycosyltransferase family 52	-	-
PROKKA_ERR1018214_M2-PK018A.SZAXPI015209-133_bin.9.faa_JJFNNKAC_00174	ef1fe18ec9fe6e05185602393584c622	349	Gene3D	G3DSA:3.40.50.11110	-	188	347	1.5E-9	T	19-01-2026	-	-	-	-
PROKKA_ERR1018214_M2-PK018A.SZAXPI015209-133_bin.9.faa_JJFNNKAC_00174	ef1fe18ec9fe6e05185602393584c622	349	Coils	Coil	Coil	199	219	-	T	19-01-2026	-	-	-	-
PROKKA_ERR1018205_A51A.SZAXPI003429-3_bin.46.faa_EKNCPBFC_00243	ef1fe18ec9fe6e05185602393584c622	349	Pfam	PF07922	Glycosyltransferase family 52	44	326	4.4E-4	T	19-01-2026	IPR012477	Glycosyltransferase family 52	-	-
PROKKA_ERR1018205_A51A.SZAXPI003429-3_bin.46.faa_EKNCPBFC_00243	ef1fe18ec9fe6e05185602393584c622	349	Gene3D	G3DSA:3.40.50.11110	-	188	347	1.5E-9	T	19-01-2026	-	-	-	-
PROKKA_ERR1018205_A51A.SZAXPI003429-3_bin.46.faa_EKNCPBFC_00243	ef1fe18ec9fe6e05185602393584c622	349	Coils	Coil	Coil	199	219	-	T	19-01-2026	-	-	-	-
PROKKA_ERR1018228_M2-PK023A.SZAXPI015223-158_bin.76.faa_HNABALDG_00975	dddc26f91b615dafa64a063d3c498975	352	Pfam	PF07388	Alpha-2,8-polysialyltransferase (POLYST)	124	310	3.4E-5	T	19-01-2026	IPR010866	Alpha-2,8-polysialyltransferase	-	-
PROKKA_ERR1018228_M2-PK023A.SZAXPI015223-158_bin.76.faa_HNABALDG_00975	dddc26f91b615dafa64a063d3c498975	352	Gene3D	G3DSA:3.40.50.11110	-	205	350	1.3E-5	T	19-01-2026	-	-	-	-
PROKKA_ERR1018256_M2-PK619A.SZAXPI015252-43_bin.34.faa_MHLMNECM_00253	dddc26f91b615dafa64a063d3c498975	352	Pfam	PF07388	Alpha-2,8-polysialyltransferase (POLYST)	124	310	3.4E-5	T	19-01-2026	IPR010866	Alpha-2,8-polysialyltransferase	-	-
PROKKA_ERR1018256_M2-PK619A.SZAXPI015252-43_bin.34.faa_MHLMNECM_00253	dddc26f91b615dafa64a063d3c498975	352	Gene3D	G3DSA:3.40.50.11110	-	205	350	1.3E-5	T	19-01-2026	-	-	-	-
PROKKA_ERR1018258_M2-PK644A.SZAXPI015254-45_bin.10.faa_CIFBJFDF_01928	5a37ab92b6b68126586aa99c66293b93	329	Gene3D	G3DSA:3.40.50.11110	-	198	316	8.3E-10	T	19-01-2026	-	-	-	-
PROKKA_ERR1018258_M2-PK644A.SZAXPI015254-45_bin.10.faa_CIFBJFDF_01928	5a37ab92b6b68126586aa99c66293b93	329	Pfam	PF07922	Glycosyltransferase family 52	94	298	1.9E-18	T	19-01-2026	IPR012477	Glycosyltransferase family 52	-	-
PROKKA_ERR1018231_M2-PK029A.SZAXPI015226-14_bin.45.faa_KBCKABKI_00756	fe944fcd9a1d26698810962eb109dc5e	363	Gene3D	G3DSA:3.40.50.11110	-	198	352	4.3E-6	T	19-01-2026	-	-	-	-
PROKKA_ERR1018231_M2-PK029A.SZAXPI015226-14_bin.45.faa_KBCKABKI_00756	fe944fcd9a1d26698810962eb109dc5e	363	Pfam	PF07388	Alpha-2,8-polysialyltransferase (POLYST)	3	318	5.1E-12	T	19-01-2026	IPR010866	Alpha-2,8-polysialyltransferase	-	-
PROKKA_ERR1018263_M2-PK659A.SZAXPI015259-62_bin.15.faa_PCEGCKMA_00835	fe944fcd9a1d26698810962eb109dc5e	363	Gene3D	G3DSA:3.40.50.11110	-	198	352	4.3E-6	T	19-01-2026	-	-	-	-
PROKKA_ERR1018263_M2-PK659A.SZAXPI015259-62_bin.15.faa_PCEGCKMA_00835	fe944fcd9a1d26698810962eb109dc5e	363	Pfam	PF07388	Alpha-2,8-polysialyltransferase (POLYST)	3	318	5.1E-12	T	19-01-2026	IPR010866	Alpha-2,8-polysialyltransferase	-	-
PROKKA_ERR1018227_M2-PK002A.SZAXPI015222-123_bin.53.faa_KDGKGIAA_01305	e381400e4a1315c439da4d34fe37fc0d	361	Pfam	PF07388	Alpha-2,8-polysialyltransferase (POLYST)	4	259	3.8E-5	T	19-01-2026	IPR010866	Alpha-2,8-polysialyltransferase	-	-
PROKKA_ERR1018273_M2-PK729A.SZAXPI015269-94_bin.4.faa_PMLALKGI_02455	45a7aacb737ec702028c8843302d5402	361	Pfam	PF07922	Glycosyltransferase family 52	114	313	1.2E-9	T	19-01-2026	IPR012477	Glycosyltransferase family 52	-	-
PROKKA_ERR1018273_M2-PK729A.SZAXPI015269-94_bin.4.faa_PMLALKGI_02455	45a7aacb737ec702028c8843302d5402	361	Gene3D	G3DSA:3.40.50.11110	-	218	329	2.0E-5	T	19-01-2026	-	-	-	-
PROKKA_ERR1018196_M2-Pk012A.SZAXPI003420-4_bin.58.faa_PIJIJKJI_00865	debd39b4d448866c0de8f5c12891e1e9	321	Gene3D	G3DSA:3.40.50.11110	-	182	306	1.5E-9	T	19-01-2026	-	-	-	-
PROKKA_ERR1018196_M2-Pk012A.SZAXPI003420-4_bin.58.faa_PIJIJKJI_00865	debd39b4d448866c0de8f5c12891e1e9	321	Pfam	PF07922	Glycosyltransferase family 52	81	301	2.9E-21	T	19-01-2026	IPR012477	Glycosyltransferase family 52	-	-
PROKKA_ERR1018235_519A.SZAXPI015230-16_bin.54.faa_LEBNIABM_01187	46b4f60f43f6696bed8fcaa47022741f	361	Pfam	PF07922	Glycosyltransferase family 52	102	326	5.1E-9	T	19-01-2026	IPR012477	Glycosyltransferase family 52	-	-
PROKKA_ERR1018235_519A.SZAXPI015230-16_bin.54.faa_LEBNIABM_01187	46b4f60f43f6696bed8fcaa47022741f	361	Coils	Coil	Coil	219	246	-	T	19-01-2026	-	-	-	-
PROKKA_ERR1018282_M2-PK047A.SZAXPI017454-20_bin.45.faa_PNBNDNFH_01879	46b4f60f43f6696bed8fcaa47022741f	361	Pfam	PF07922	Glycosyltransferase family 52	102	326	5.1E-9	T	19-01-2026	IPR012477	Glycosyltransferase family 52	-	-
PROKKA_ERR1018282_M2-PK047A.SZAXPI017454-20_bin.45.faa_PNBNDNFH_01879	46b4f60f43f6696bed8fcaa47022741f	361	Coils	Coil	Coil	219	246	-	T	19-01-2026	-	-	-	-
PROKKA_ERR1018201_M2-Pk005A.SZAXPI003425-1_bin.29.faa_PKAEOIAL_01496	46b4f60f43f6696bed8fcaa47022741f	361	Pfam	PF07922	Glycosyltransferase family 52	102	326	5.1E-9	T	19-01-2026	IPR012477	Glycosyltransferase family 52	-	-
PROKKA_ERR1018201_M2-Pk005A.SZAXPI003425-1_bin.29.faa_PKAEOIAL_01496	46b4f60f43f6696bed8fcaa47022741f	361	Coils	Coil	Coil	219	246	-	T	19-01-2026	-	-	-	-
PROKKA_ERR1018218_M2-PK030A.SZAXPI015213-15_bin.14.faa_CMAFGMIE_00561	46b4f60f43f6696bed8fcaa47022741f	361	Pfam	PF07922	Glycosyltransferase family 52	102	326	5.1E-9	T	19-01-2026	IPR012477	Glycosyltransferase family 52	-	-
PROKKA_ERR1018218_M2-PK030A.SZAXPI015213-15_bin.14.faa_CMAFGMIE_00561	46b4f60f43f6696bed8fcaa47022741f	361	Coils	Coil	Coil	219	246	-	T	19-01-2026	-	-	-	-
PROKKA_ERR1018244_M2-PK522A.SZAXPI015240-26_bin.21.faa_PHOIGNMA_02473	46b4f60f43f6696bed8fcaa47022741f	361	Pfam	PF07922	Glycosyltransferase family 52	102	326	5.1E-9	T	19-01-2026	IPR012477	Glycosyltransferase family 52	-	-
PROKKA_ERR1018244_M2-PK522A.SZAXPI015240-26_bin.21.faa_PHOIGNMA_02473	46b4f60f43f6696bed8fcaa47022741f	361	Coils	Coil	Coil	219	246	-	T	19-01-2026	-	-	-	-
PROKKA_ERR1018239_512A.SZAXPI015234-20_bin.39.faa_BMBPLOME_01662	6ccf0db8ca883b4aaaaaf37c79eef3ff	365	Pfam	PF07388	Alpha-2,8-polysialyltransferase (POLYST)	7	304	9.5E-4	T	19-01-2026	IPR010866	Alpha-2,8-polysialyltransferase	-	-
PROKKA_ERR1018308_M2-PK520B.SZAXPI017591-140_bin.57.faa_GNEKKAMB_00059	2ecda01be91dd6f50834e4bc3b27b006	359	Pfam	PF07388	Alpha-2,8-polysialyltransferase (POLYST)	5	261	0.055	T	19-01-2026	IPR010866	Alpha-2,8-polysialyltransferase	-	-
PROKKA_ERR1018197_M2-Pk011A.SZAXPI003421-5_bin.12.faa_HMAPLBND_00491	957d4ef12ebc59c08adb538e3113930c	361	Gene3D	G3DSA:3.40.50.11110	-	207	352	1.2E-6	T	19-01-2026	-	-	-	-
PROKKA_ERR1018197_M2-Pk011A.SZAXPI003421-5_bin.12.faa_HMAPLBND_00491	957d4ef12ebc59c08adb538e3113930c	361	Pfam	PF07388	Alpha-2,8-polysialyltransferase (POLYST)	3	321	2.8E-10	T	19-01-2026	IPR010866	Alpha-2,8-polysialyltransferase	-	-
PROKKA_ERR1018212_M2-Pk009A.SZAXPI003436-7_bin.53.faa_AEEJOLLI_00358	957d4ef12ebc59c08adb538e3113930c	361	Gene3D	G3DSA:3.40.50.11110	-	207	352	1.2E-6	T	19-01-2026	-	-	-	-
PROKKA_ERR1018212_M2-Pk009A.SZAXPI003436-7_bin.53.faa_AEEJOLLI_00358	957d4ef12ebc59c08adb538e3113930c	361	Pfam	PF07388	Alpha-2,8-polysialyltransferase (POLYST)	3	321	2.8E-10	T	19-01-2026	IPR010866	Alpha-2,8-polysialyltransferase	-	-
PROKKA_ERR1018234_530A.SZAXPI015229-15_bin.2.faa_KNLLDAKF_00786	957d4ef12ebc59c08adb538e3113930c	361	Gene3D	G3DSA:3.40.50.11110	-	207	352	1.2E-6	T	19-01-2026	-	-	-	-
PROKKA_ERR1018234_530A.SZAXPI015229-15_bin.2.faa_KNLLDAKF_00786	957d4ef12ebc59c08adb538e3113930c	361	Pfam	PF07388	Alpha-2,8-polysialyltransferase (POLYST)	3	321	2.8E-10	T	19-01-2026	IPR010866	Alpha-2,8-polysialyltransferase	-	-
PROKKA_ERR1018273_M2-PK729A.SZAXPI015269-94_bin.37.faa_BJDOBGKJ_00922	feab7413dd6f128862172329c977fd4a	367	Gene3D	G3DSA:3.40.50.11110	-	219	343	2.9E-6	T	19-01-2026	-	-	-	-
PROKKA_ERR1018273_M2-PK729A.SZAXPI015269-94_bin.37.faa_BJDOBGKJ_00922	feab7413dd6f128862172329c977fd4a	367	Pfam	PF07922	Glycosyltransferase family 52	109	319	6.4E-10	T	19-01-2026	IPR012477	Glycosyltransferase family 52	-	-
PROKKA_ERR1018298_MSC45A.SZAXPI017581-93_bin.48.faa_CABMADOG_02097	144078e04b5c8e6ad36e287efcd392e9	361	Pfam	PF07922	Glycosyltransferase family 52	114	313	5.0E-10	T	19-01-2026	IPR012477	Glycosyltransferase family 52	-	-
PROKKA_ERR1018298_MSC45A.SZAXPI017581-93_bin.48.faa_CABMADOG_02097	144078e04b5c8e6ad36e287efcd392e9	361	Coils	Coil	Coil	226	246	-	T	19-01-2026	-	-	-	-
PROKKA_ERR1018298_MSC45A.SZAXPI017581-93_bin.48.faa_CABMADOG_02097	144078e04b5c8e6ad36e287efcd392e9	361	Gene3D	G3DSA:3.40.50.11110	-	218	329	1.8E-5	T	19-01-2026	-	-	-	-
PROKKA_ERR1018201_M2-Pk005A.SZAXPI003425-1_bin.3.faa_EDHBJEHK_03204	7706640ebc7a43d22563f8ae253c4358	342	Pfam	PF07388	Alpha-2,8-polysialyltransferase (POLYST)	43	312	9.4E-5	T	19-01-2026	IPR010866	Alpha-2,8-polysialyltransferase	-	-
PROKKA_ERR1018310_M2-PK056B.SZAXPI017593-158_bin.54.faa_KEDMKJAH_00959	8cef8a922edbd772f5f08faec8c86b03	349	Gene3D	G3DSA:3.40.50.11110	-	207	346	5.1E-9	T	19-01-2026	-	-	-	-
PROKKA_ERR1018310_M2-PK056B.SZAXPI017593-158_bin.54.faa_KEDMKJAH_00959	8cef8a922edbd772f5f08faec8c86b03	349	Pfam	PF07388	Alpha-2,8-polysialyltransferase (POLYST)	3	317	3.5E-10	T	19-01-2026	IPR010866	Alpha-2,8-polysialyltransferase	-	-
PROKKA_ERR1018207_M118A.SZAXPI003431-1_bin.40.faa_DBCEKCNH_03228	fee0b97332b688cd65f7e614509ce646	354	Gene3D	G3DSA:3.40.50.11110	-	231	310	2.3E-6	T	19-01-2026	-	-	-	-
PROKKA_ERR1018207_M118A.SZAXPI003431-1_bin.40.faa_DBCEKCNH_03228	fee0b97332b688cd65f7e614509ce646	354	Pfam	PF07388	Alpha-2,8-polysialyltransferase (POLYST)	110	314	5.5E-10	T	19-01-2026	IPR010866	Alpha-2,8-polysialyltransferase	-	-
PROKKA_ERR1018198_M116A.SZAXPI003422-11_bin.51.faa_ALJMKMGO_00637	420fcab377b769352790c29b0fac10a4	309	Gene3D	G3DSA:3.40.50.11110	-	163	307	3.7E-12	T	19-01-2026	-	-	-	-
PROKKA_ERR1018198_M116A.SZAXPI003422-11_bin.51.faa_ALJMKMGO_00637	420fcab377b769352790c29b0fac10a4	309	Pfam	PF07922	Glycosyltransferase family 52	42	291	2.5E-30	T	19-01-2026	IPR012477	Glycosyltransferase family 52	-	-
PROKKA_ERR1018290_M2-PK066A.SZAXPI017462-33_bin.34.faa_GHOEPECK_00019	cd048921920163588de775848282c746	361	Pfam	PF07922	Glycosyltransferase family 52	114	313	1.6E-9	T	19-01-2026	IPR012477	Glycosyltransferase family 52	-	-
PROKKA_ERR1018232_536A.SZAXPI015227-13_bin.71.faa_EBNOCPHB_01991	cd048921920163588de775848282c746	361	Pfam	PF07922	Glycosyltransferase family 52	114	313	1.6E-9	T	19-01-2026	IPR012477	Glycosyltransferase family 52	-	-
PROKKA_ERR1018256_M2-PK619A.SZAXPI015252-43_bin.40.faa_IEDFFLGP_01265	896b3edbfba8afbaa0741c8520dde81c	201	Pfam	PF07388	Alpha-2,8-polysialyltransferase (POLYST)	38	162	7.8E-7	T	19-01-2026	IPR010866	Alpha-2,8-polysialyltransferase	-	-
PROKKA_ERR1018256_M2-PK619A.SZAXPI015252-43_bin.40.faa_IEDFFLGP_01265	896b3edbfba8afbaa0741c8520dde81c	201	Gene3D	G3DSA:3.40.50.11110	-	46	194	9.1E-11	T	19-01-2026	-	-	-	-
PROKKA_ERR1018274_M2-PK730A.SZAXPI015270-90_bin.62.faa_BGGKMMPO_00569	6e6ecb877f20eb9de570110e0393e594	361	Gene3D	G3DSA:3.40.50.11110	-	218	329	2.0E-5	T	19-01-2026	-	-	-	-
PROKKA_ERR1018274_M2-PK730A.SZAXPI015270-90_bin.62.faa_BGGKMMPO_00569	6e6ecb877f20eb9de570110e0393e594	361	Pfam	PF07922	Glycosyltransferase family 52	115	313	1.1E-9	T	19-01-2026	IPR012477	Glycosyltransferase family 52	-	-
PROKKA_ERR1018242_M2-PK504A.SZAXPI015238-24_bin.38.faa_ACDEGHKA_02650	7e4200d7bf4add83d10cbda163d716f1	339	Gene3D	G3DSA:3.40.50.11110	-	198	323	2.8E-9	T	19-01-2026	-	-	-	-
PROKKA_ERR1018242_M2-PK504A.SZAXPI015238-24_bin.38.faa_ACDEGHKA_02650	7e4200d7bf4add83d10cbda163d716f1	339	Pfam	PF07922	Glycosyltransferase family 52	104	317	4.2E-21	T	19-01-2026	IPR012477	Glycosyltransferase family 52	-	-
PROKKA_ERR1018245_M2-PK523A.SZAXPI015241-27_bin.19.faa_GBHKDKOP_02576	7e4200d7bf4add83d10cbda163d716f1	339	Gene3D	G3DSA:3.40.50.11110	-	198	323	2.8E-9	T	19-01-2026	-	-	-	-
PROKKA_ERR1018245_M2-PK523A.SZAXPI015241-27_bin.19.faa_GBHKDKOP_02576	7e4200d7bf4add83d10cbda163d716f1	339	Pfam	PF07922	Glycosyltransferase family 52	104	317	4.2E-21	T	19-01-2026	IPR012477	Glycosyltransferase family 52	-	-
PROKKA_ERR1018311_M2-PK069B.SZAXPI017594-166_bin.65.faa_FHLMANHC_00916	7e4200d7bf4add83d10cbda163d716f1	339	Gene3D	G3DSA:3.40.50.11110	-	198	323	2.8E-9	T	19-01-2026	-	-	-	-
PROKKA_ERR1018311_M2-PK069B.SZAXPI017594-166_bin.65.faa_FHLMANHC_00916	7e4200d7bf4add83d10cbda163d716f1	339	Pfam	PF07922	Glycosyltransferase family 52	104	317	4.2E-21	T	19-01-2026	IPR012477	Glycosyltransferase family 52	-	-
PROKKA_ERR1018197_M2-Pk011A.SZAXPI003421-5_bin.17.faa_LMPAHAJO_01042	7e4200d7bf4add83d10cbda163d716f1	339	Gene3D	G3DSA:3.40.50.11110	-	198	323	2.8E-9	T	19-01-2026	-	-	-	-
PROKKA_ERR1018197_M2-Pk011A.SZAXPI003421-5_bin.17.faa_LMPAHAJO_01042	7e4200d7bf4add83d10cbda163d716f1	339	Pfam	PF07922	Glycosyltransferase family 52	104	317	4.2E-21	T	19-01-2026	IPR012477	Glycosyltransferase family 52	-	-
PROKKA_ERR1018218_M2-PK030A.SZAXPI015213-15_bin.25.faa_LKMDDCAK_03488	7e4200d7bf4add83d10cbda163d716f1	339	Gene3D	G3DSA:3.40.50.11110	-	198	323	2.8E-9	T	19-01-2026	-	-	-	-
PROKKA_ERR1018218_M2-PK030A.SZAXPI015213-15_bin.25.faa_LKMDDCAK_03488	7e4200d7bf4add83d10cbda163d716f1	339	Pfam	PF07922	Glycosyltransferase family 52	104	317	4.2E-21	T	19-01-2026	IPR012477	Glycosyltransferase family 52	-	-
PROKKA_ERR1018241_A10A.SZAXPI015237-23_bin.10.faa_CEEOKMMD_02304	7e4200d7bf4add83d10cbda163d716f1	339	Gene3D	G3DSA:3.40.50.11110	-	198	323	2.8E-9	T	19-01-2026	-	-	-	-
PROKKA_ERR1018241_A10A.SZAXPI015237-23_bin.10.faa_CEEOKMMD_02304	7e4200d7bf4add83d10cbda163d716f1	339	Pfam	PF07922	Glycosyltransferase family 52	104	317	4.2E-21	T	19-01-2026	IPR012477	Glycosyltransferase family 52	-	-
PROKKA_ERR1018268_M2-PK708A.SZAXPI015264-87_bin.17.faa_FKOANGEK_00166	7e4200d7bf4add83d10cbda163d716f1	339	Gene3D	G3DSA:3.40.50.11110	-	198	323	2.8E-9	T	19-01-2026	-	-	-	-
PROKKA_ERR1018268_M2-PK708A.SZAXPI015264-87_bin.17.faa_FKOANGEK_00166	7e4200d7bf4add83d10cbda163d716f1	339	Pfam	PF07922	Glycosyltransferase family 52	104	317	4.2E-21	T	19-01-2026	IPR012477	Glycosyltransferase family 52	-	-
PROKKA_ERR1018286_M2-PK059A.SZAXPI017458-25_bin.52.faa_FCOMKJNJ_01433	7e4200d7bf4add83d10cbda163d716f1	339	Gene3D	G3DSA:3.40.50.11110	-	198	323	2.8E-9	T	19-01-2026	-	-	-	-
PROKKA_ERR1018286_M2-PK059A.SZAXPI017458-25_bin.52.faa_FCOMKJNJ_01433	7e4200d7bf4add83d10cbda163d716f1	339	Pfam	PF07922	Glycosyltransferase family 52	104	317	4.2E-21	T	19-01-2026	IPR012477	Glycosyltransferase family 52	-	-
PROKKA_ERR1018205_A51A.SZAXPI003429-3_bin.8.faa_GMLFEPPD_05061	7e4200d7bf4add83d10cbda163d716f1	339	Gene3D	G3DSA:3.40.50.11110	-	198	323	2.8E-9	T	19-01-2026	-	-	-	-
PROKKA_ERR1018205_A51A.SZAXPI003429-3_bin.8.faa_GMLFEPPD_05061	7e4200d7bf4add83d10cbda163d716f1	339	Pfam	PF07922	Glycosyltransferase family 52	104	317	4.2E-21	T	19-01-2026	IPR012477	Glycosyltransferase family 52	-	-
PROKKA_ERR1018292_M2-PK084A.SZAXPI017464-37_bin.22.faa_GMADDEPH_00459	7e4200d7bf4add83d10cbda163d716f1	339	Gene3D	G3DSA:3.40.50.11110	-	198	323	2.8E-9	T	19-01-2026	-	-	-	-
PROKKA_ERR1018292_M2-PK084A.SZAXPI017464-37_bin.22.faa_GMADDEPH_00459	7e4200d7bf4add83d10cbda163d716f1	339	Pfam	PF07922	Glycosyltransferase family 52	104	317	4.2E-21	T	19-01-2026	IPR012477	Glycosyltransferase family 52	-	-
PROKKA_ERR1018299_MSC54A.SZAXPI017582-94_bin.24.faa_CDKHKCHP_02395	7e4200d7bf4add83d10cbda163d716f1	339	Gene3D	G3DSA:3.40.50.11110	-	198	323	2.8E-9	T	19-01-2026	-	-	-	-
PROKKA_ERR1018299_MSC54A.SZAXPI017582-94_bin.24.faa_CDKHKCHP_02395	7e4200d7bf4add83d10cbda163d716f1	339	Pfam	PF07922	Glycosyltransferase family 52	104	317	4.2E-21	T	19-01-2026	IPR012477	Glycosyltransferase family 52	-	-
PROKKA_ERR1018294_MSC1A.SZAXPI017466-84_bin.35.faa_HOJGCLNK_00093	7e4200d7bf4add83d10cbda163d716f1	339	Gene3D	G3DSA:3.40.50.11110	-	198	323	2.8E-9	T	19-01-2026	-	-	-	-
PROKKA_ERR1018294_MSC1A.SZAXPI017466-84_bin.35.faa_HOJGCLNK_00093	7e4200d7bf4add83d10cbda163d716f1	339	Pfam	PF07922	Glycosyltransferase family 52	104	317	4.2E-21	T	19-01-2026	IPR012477	Glycosyltransferase family 52	-	-
PROKKA_ERR1018212_M2-Pk009A.SZAXPI003436-7_bin.5.faa_OMCKDDPD_00967	0abb7237cd12c545ce25ca77128deaad	361	Coils	Coil	Coil	219	246	-	T	19-01-2026	-	-	-	-
PROKKA_ERR1018212_M2-Pk009A.SZAXPI003436-7_bin.5.faa_OMCKDDPD_00967	0abb7237cd12c545ce25ca77128deaad	361	Pfam	PF07922	Glycosyltransferase family 52	102	326	3.2E-9	T	19-01-2026	IPR012477	Glycosyltransferase family 52	-	-
PROKKA_ERR1018311_M2-PK069B.SZAXPI017594-166_bin.63.faa_KHIEDBBA_00021	2d504154bc92100c3ae3a089c13ff6d3	540	Pfam	PF07388	Alpha-2,8-polysialyltransferase (POLYST)	23	261	0.003	T	19-01-2026	IPR010866	Alpha-2,8-polysialyltransferase	-	-
PROKKA_ERR1018311_M2-PK069B.SZAXPI017594-166_bin.63.faa_KHIEDBBA_00021	2d504154bc92100c3ae3a089c13ff6d3	540	Coils	Coil	Coil	496	523	-	T	19-01-2026	-	-	-	-
PROKKA_ERR1018194_M2-Pk017A.SZAXPI003418-8_bin.52.faa_LFGAPNMA_02106	7b502d709d50f95dccefeb8c1b3a2fa7	361	Coils	Coil	Coil	219	246	-	T	19-01-2026	-	-	-	-
PROKKA_ERR1018194_M2-Pk017A.SZAXPI003418-8_bin.52.faa_LFGAPNMA_02106	7b502d709d50f95dccefeb8c1b3a2fa7	361	Pfam	PF07922	Glycosyltransferase family 52	102	326	1.2E-9	T	19-01-2026	IPR012477	Glycosyltransferase family 52	-	-
PROKKA_ERR1018276_M2-PK750A.SZAXPI015272-108_bin.29.faa_KJMHBOKB_02049	7b502d709d50f95dccefeb8c1b3a2fa7	361	Coils	Coil	Coil	219	246	-	T	19-01-2026	-	-	-	-
PROKKA_ERR1018276_M2-PK750A.SZAXPI015272-108_bin.29.faa_KJMHBOKB_02049	7b502d709d50f95dccefeb8c1b3a2fa7	361	Pfam	PF07922	Glycosyltransferase family 52	102	326	1.2E-9	T	19-01-2026	IPR012477	Glycosyltransferase family 52	-	-
PROKKA_ERR1018282_M2-PK047A.SZAXPI017454-20_bin.16.faa_COMHGGKF_00818	bb34ac2cc2629e589f116af3436e7ca8	361	Pfam	PF07922	Glycosyltransferase family 52	114	313	2.5E-9	T	19-01-2026	IPR012477	Glycosyltransferase family 52	-	-
PROKKA_ERR1018260_M2-PK649A.SZAXPI015256-47_bin.25.faa_NONIMGLM_00178	4cd87976bb5c439dcfa0a4aa5429639e	307	Gene3D	G3DSA:3.40.50.11110	-	162	301	2.7E-11	T	19-01-2026	-	-	-	-
PROKKA_ERR1018260_M2-PK649A.SZAXPI015256-47_bin.25.faa_NONIMGLM_00178	4cd87976bb5c439dcfa0a4aa5429639e	307	Pfam	PF07922	Glycosyltransferase family 52	38	290	9.6E-42	T	19-01-2026	IPR012477	Glycosyltransferase family 52	-	-
PROKKA_ERR1018303_MSC79A.SZAXPI017586-111_bin.21.faa_LBMBBCJL_06882	bfccbe86a20d7098778792248d93fb3b	311	Pfam	PF07922	Glycosyltransferase family 52	79	295	1.1E-26	T	19-01-2026	IPR012477	Glycosyltransferase family 52	-	-
PROKKA_ERR1018303_MSC79A.SZAXPI017586-111_bin.21.faa_LBMBBCJL_06882	bfccbe86a20d7098778792248d93fb3b	311	Gene3D	G3DSA:3.40.50.11110	-	208	302	3.7E-7	T	19-01-2026	-	-	-	-
PROKKA_ERR1018194_M2-Pk017A.SZAXPI003418-8_bin.44.faa_FEJKCEEE_00278	f60720efef70d4c6b671da906094d8ad	336	Pfam	PF07922	Glycosyltransferase family 52	23	316	8.6E-32	T	19-01-2026	IPR012477	Glycosyltransferase family 52	-	-
PROKKA_ERR1018194_M2-Pk017A.SZAXPI003418-8_bin.44.faa_FEJKCEEE_00278	f60720efef70d4c6b671da906094d8ad	336	Gene3D	G3DSA:3.40.50.11110	-	193	334	1.4E-13	T	19-01-2026	-	-	-	-
PROKKA_ERR1018257_M2-PK630A.SZAXPI015253-44_bin.9.faa_CCCENECC_04109	637e7e03516572b8c7ddcdf90ead726f	335	Gene3D	G3DSA:3.40.50.11110	-	193	304	1.3E-7	T	19-01-2026	-	-	-	-
PROKKA_ERR1018257_M2-PK630A.SZAXPI015253-44_bin.9.faa_CCCENECC_04109	637e7e03516572b8c7ddcdf90ead726f	335	Coils	Coil	Coil	238	258	-	T	19-01-2026	-	-	-	-
PROKKA_ERR1018257_M2-PK630A.SZAXPI015253-44_bin.9.faa_CCCENECC_04109	637e7e03516572b8c7ddcdf90ead726f	335	Pfam	PF07388	Alpha-2,8-polysialyltransferase (POLYST)	4	295	1.3E-6	T	19-01-2026	IPR010866	Alpha-2,8-polysialyltransferase	-	-
PROKKA_ERR1018300_MSC63A.SZAXPI017583-102_bin.14.faa_KAAPGJKK_01511	d438ba209580ee66514fbac7cfbb7637	332	Pfam	PF07922	Glycosyltransferase family 52	112	316	5.3E-33	T	19-01-2026	IPR012477	Glycosyltransferase family 52	-	-
PROKKA_ERR1018300_MSC63A.SZAXPI017583-102_bin.14.faa_KAAPGJKK_01511	d438ba209580ee66514fbac7cfbb7637	332	Gene3D	G3DSA:3.40.50.11110	-	188	322	2.4E-11	T	19-01-2026	-	-	-	-
PROKKA_ERR1018265_M2-PK699A.SZAXPI015261-75_bin.50.faa_JIONGKIN_01799	7b52bb15cbe3a867715d954d704c2380	314	Pfam	PF07922	Glycosyltransferase family 52	69	297	2.3E-20	T	19-01-2026	IPR012477	Glycosyltransferase family 52	-	-
PROKKA_ERR1018265_M2-PK699A.SZAXPI015261-75_bin.50.faa_JIONGKIN_01799	7b52bb15cbe3a867715d954d704c2380	314	Gene3D	G3DSA:3.40.50.11110	-	205	301	5.3E-7	T	19-01-2026	-	-	-	-
PROKKA_ERR1018305_MSC103A.SZAXPI017588-123_bin.21.faa_NFEPIIBP_09001	7b52bb15cbe3a867715d954d704c2380	314	Pfam	PF07922	Glycosyltransferase family 52	69	297	2.3E-20	T	19-01-2026	IPR012477	Glycosyltransferase family 52	-	-
PROKKA_ERR1018305_MSC103A.SZAXPI017588-123_bin.21.faa_NFEPIIBP_09001	7b52bb15cbe3a867715d954d704c2380	314	Gene3D	G3DSA:3.40.50.11110	-	205	301	5.3E-7	T	19-01-2026	-	-	-	-
PROKKA_ERR1018301_MSC76A.SZAXPI017584-108_bin.9.faa_IMKOGLHI_00305	7b52bb15cbe3a867715d954d704c2380	314	Pfam	PF07922	Glycosyltransferase family 52	69	297	2.3E-20	T	19-01-2026	IPR012477	Glycosyltransferase family 52	-	-
PROKKA_ERR1018301_MSC76A.SZAXPI017584-108_bin.9.faa_IMKOGLHI_00305	7b52bb15cbe3a867715d954d704c2380	314	Gene3D	G3DSA:3.40.50.11110	-	205	301	5.3E-7	T	19-01-2026	-	-	-	-
PROKKA_ERR1018186_M122A.SZAXPI003410-3_bin.9.faa_KHKHKAKG_00454	2cb0d28457a2bd50c88a9a4e13ffb248	361	Coils	Coil	Coil	226	246	-	T	19-01-2026	-	-	-	-
PROKKA_ERR1018186_M122A.SZAXPI003410-3_bin.9.faa_KHKHKAKG_00454	2cb0d28457a2bd50c88a9a4e13ffb248	361	Gene3D	G3DSA:3.40.50.11110	-	218	329	1.8E-5	T	19-01-2026	-	-	-	-
PROKKA_ERR1018186_M122A.SZAXPI003410-3_bin.9.faa_KHKHKAKG_00454	2cb0d28457a2bd50c88a9a4e13ffb248	361	Pfam	PF07922	Glycosyltransferase family 52	115	313	7.9E-10	T	19-01-2026	IPR012477	Glycosyltransferase family 52	-	-
