PROKKA_ERR688576_31875_SZAXPI021654-123_bin.66.faa_OLFDLAMB_01366	-	322	lst_final_auto	-	373	4.2e-15	53.0	0.0	1	1	3.9e-18	7.7e-15	52.1	0.0	46	331	2	313	1	321	0.70	hypothetical	protein
PROKKA_ERR688555_31582_SZAXPI021949-17_bin.14.faa_DMFNHGLM_00569	-	286	lst_final_auto	-	373	9.4e-10	35.0	0.0	1	1	1.3e-12	1.9e-09	33.9	0.0	123	331	51	277	26	285	0.71	hypothetical	protein
PROKKA_ERR688613_530323_SZAXPI021952-23_bin.53.faa_KGKKMEGL_00673	-	314	lst_final_auto	-	373	6.3e-12	42.5	0.0	1	1	4e-15	8.1e-12	42.2	0.0	51	331	3	303	1	313	0.71	hypothetical	protein
PROKKA_ERR688508_31030_SZAXPI021937-109_bin.44.faa_GOOPOBAO_01931	-	314	lst_final_auto	-	373	1.8e-12	44.4	0.0	1	1	1.1e-15	2.2e-12	44.1	0.0	51	331	3	303	1	313	0.72	hypothetical	protein
PROKKA_ERR688558_31685_SZAXPI021691-140_bin.27.faa_OPGINMKA_01127	-	314	lst_final_auto	-	373	2.8e-12	43.6	0.0	1	1	1.8e-15	3.4e-12	43.3	0.0	51	331	3	303	1	313	0.71	hypothetical	protein
PROKKA_ERR688572_31871_SZAXPI021652-111_bin.26.faa_AJHPBCHO_00444	-	323	lst_final_auto	-	373	3e-16	55.2	0.0	1	1	1.4e-18	4.6e-16	54.6	0.0	46	331	2	314	1	322	0.72	hypothetical	protein
PROKKA_ERR688572_31871_SZAXPI021652-111_bin.26.faa_AJHPBCHO_00271	-	224	lst_final_auto	-	373	0.0067	11.2	0.0	1	1	2.2e-05	0.0073	11.1	0.0	36	78	42	96	12	153	0.78	Immunity	protein	SdpI
PROKKA_ERR688585_530026_SZAXPI021930-88_bin.6.faa_HOOAEBDF_01780	-	128	lst_final_auto	-	373	0.0048	13.5	0.0	1	1	2.3e-06	0.0051	13.4	0.0	8	101	10	108	3	127	0.64	hypothetical	protein
PROKKA_ERR688597_530142_SZAXPI021929-87_bin.44.faa_FCDGFAHM_00569	-	128	lst_final_auto	-	373	0.003	13.5	0.0	1	1	2.3e-06	0.0032	13.4	0.0	8	101	10	108	3	127	0.64	hypothetical	protein
PROKKA_ERR688518_31232_SZAXPI022077-90_bin.52.faa_ADCNDCHF_01438	-	324	lst_final_auto	-	373	1.1e-15	54.8	0.0	1	1	1.9e-18	1.8e-15	54.1	0.0	46	331	2	314	1	323	0.72	hypothetical	protein
PROKKA_ERR688518_31232_SZAXPI022077-90_bin.52.faa_ADCNDCHF_01828	-	224	lst_final_auto	-	373	0.019	11.2	0.0	1	1	2.2e-05	0.02	11.1	0.0	36	78	42	96	12	153	0.78	Immunity	protein	SdpI
PROKKA_ERR688649_531469_SZAXPI021639-45_bin.2.faa_PPHJBHMK_01653	-	314	lst_final_auto	-	373	5.2e-12	42.7	0.0	1	1	3.5e-15	6.4e-12	42.4	0.0	51	331	3	303	1	313	0.72	hypothetical	protein
PROKKA_ERR688521_31237_SZAXPI021649-102_bin.34.faa_NCBGNBFF_01012	-	143	lst_final_auto	-	373	2.3e-08	30.4	0.0	1	1	2.1e-11	3.1e-08	29.9	0.0	208	331	10	134	3	142	0.79	hypothetical	protein
PROKKA_ERR688515_31188_SZAXPI021653-113_bin.64.faa_HNAPHOPC_00278	-	339	lst_final_auto	-	373	2.3e-12	43.6	0.0	1	1	1.9e-15	2.8e-12	43.2	0.0	51	332	3	304	1	320	0.71	hypothetical	protein
PROKKA_ERR710432_532915_RSZAXPI000656-23_bin.23.faa_NGDACGNG_00660	-	322	lst_final_auto	-	373	1e-14	51.7	0.0	1	1	9.1e-18	1.9e-14	50.9	0.0	46	331	2	313	1	321	0.70	hypothetical	protein
PROKKA_ERR710425_532305_RSZAXPI000655-22_bin.30.faa_JABOADMJ_00858	-	381	lst_final_auto	-	373	1.7e-09	33.8	7.0	1	1	1.8e-12	2.1e-09	33.4	7.0	98	342	65	357	24	378	0.65	hypothetical	protein
PROKKA_ERR688620_530398_SZAXPI021948-16_bin.18.faa_ACKOKMAD_00688	-	128	lst_final_auto	-	373	0.0054	13.5	0.0	1	1	2.3e-06	0.0058	13.4	0.0	8	101	10	108	3	127	0.64	hypothetical	protein
PROKKA_ERR688520_31236_SZAXPI022067-33_bin.34.faa_JKNHENBN_02829	-	363	lst_final_auto	-	373	1.3e-16	58.8	20.6	1	1	4.5e-20	1.6e-16	58.5	20.6	49	350	1	349	1	361	0.67	hypothetical	protein
PROKKA_ERR688509_31071_SZAXPI022073-62_bin.21.faa_ACOCCFGM_02083	-	128	lst_final_auto	-	373	0.0055	13.5	0.0	1	1	2.3e-06	0.0059	13.4	0.0	8	101	10	108	3	127	0.64	hypothetical	protein
PROKKA_ERR688627_530623_SZAXPI021951-21_bin.19.faa_IELAICOC_01645	-	314	lst_final_auto	-	373	5.1e-12	42.7	0.0	1	1	3.5e-15	6.3e-12	42.4	0.0	51	331	3	303	1	313	0.72	hypothetical	protein
PROKKA_ERR688601_530168_SZAXPI021721-27_bin.41.faa_ADJJHKAG_03528	-	339	lst_final_auto	-	373	4.9e-23	80.0	6.6	1	1	1.6e-26	6.2e-23	79.6	6.6	48	339	15	327	4	338	0.71	hypothetical	protein
PROKKA_ERR688581_31880_SZAXPI021715-16_bin.19.faa_DMHBALNF_01414	-	322	lst_final_auto	-	373	7.8e-15	51.9	0.0	1	1	7.9e-18	1.4e-14	51.1	0.0	46	331	2	313	1	321	0.70	hypothetical	protein
PROKKA_ERR688600_530167_SZAXPI021958-36_bin.34.faa_KLBHGHOO_00754	-	322	lst_final_auto	-	373	7.9e-15	52.0	0.0	1	1	7.5e-18	1.5e-14	51.2	0.0	46	331	2	313	1	321	0.70	hypothetical	protein
PROKKA_ERR688521_31237_SZAXPI021649-102_bin.60.faa_JJNBGFII_00316	-	361	lst_final_auto	-	373	2.6e-33	112.7	7.1	1	1	2.4e-36	4.2e-33	112.0	7.1	47	332	3	341	1	360	0.73	hypothetical	protein
PROKKA_ERR688567_31884_SZAXPI021655-129_bin.53.faa_JLHNCHHL_00305	-	324	lst_final_auto	-	373	2.1e-20	69.6	9.1	1	1	2.1e-23	2.4e-20	69.4	9.1	52	329	5	299	1	319	0.67	hypothetical	protein
PROKKA_ERR688642_531352_SZAXPI021718-21_bin.5.faa_EODFHOCK_01519	-	324	lst_final_auto	-	373	5.8e-21	72.1	8.3	1	1	7.6e-24	6.8e-21	71.9	8.3	52	329	5	299	1	318	0.65	hypothetical	protein
PROKKA_ERR688642_531352_SZAXPI021718-21_bin.5.faa_EODFHOCK_01112	-	221	lst_final_auto	-	373	0.02	11.1	0.7	1	1	3.4e-05	0.031	10.5	0.7	6	66	4	74	1	95	0.82	hypothetical	protein
PROKKA_ERR688593_530055_SZAXPI022078-93_bin.41.faa_IFCDHCLL_00839	-	361	lst_final_auto	-	373	4.2e-33	112.4	7.3	1	1	3e-36	6.9e-33	111.7	7.3	47	332	3	341	1	360	0.73	hypothetical	protein
PROKKA_ERR688619_530394_SZAXPI022046-95_bin.77.faa_NCBKDFEK_00918	-	322	lst_final_auto	-	373	1.7e-14	50.9	0.0	1	1	1.6e-17	2.9e-14	50.1	0.0	46	331	2	313	1	321	0.70	hypothetical	protein
PROKKA_ERR688597_530142_SZAXPI021929-87_bin.19.faa_ENEPAIHC_01513	-	361	lst_final_auto	-	373	2.6e-33	112.7	7.1	1	1	2.4e-36	4.2e-33	112.0	7.1	47	332	3	341	1	360	0.73	hypothetical	protein
PROKKA_ERR688625_530558_SZAXPI021931-89_bin.32.faa_LEJFNDGL_00532	-	322	lst_final_auto	-	373	1e-14	51.7	0.0	1	1	9.1e-18	1.9e-14	50.9	0.0	46	331	2	313	1	321	0.70	hypothetical	protein
PROKKA_ERR688621_530403_SZAXPI022083-102_bin.39.faa_IJEICGAM_01859	-	314	lst_final_auto	-	373	3.5e-12	43.3	0.0	1	1	2.3e-15	4.4e-12	43.0	0.0	51	331	3	303	1	313	0.72	hypothetical	protein
PROKKA_ERR688586_530028_SZAXPI021939-113_bin.45.faa_FOMJPOKH_02527	-	361	lst_final_auto	-	373	9.1e-29	98.3	4.9	1	1	4.2e-32	1.1e-28	98.1	4.9	45	314	1	327	1	358	0.73	hypothetical	protein
PROKKA_ERR688606_530227_SZAXPI022045-94_bin.8.faa_LNBKFHGO_01979	-	314	lst_final_auto	-	373	3.3e-12	43.5	0.0	1	1	1.9e-15	4e-12	43.2	0.0	51	331	3	303	1	313	0.71	hypothetical	protein
PROKKA_ERR688538_31424_SZAXPI021925-43_bin.52.faa_MNCCJJIE_00746	-	324	lst_final_auto	-	373	7.4e-16	55.4	0.0	1	1	1.3e-18	1.2e-15	54.7	0.0	46	331	2	314	1	323	0.72	hypothetical	protein
PROKKA_ERR688538_31424_SZAXPI021925-43_bin.52.faa_MNCCJJIE_01101	-	224	lst_final_auto	-	373	0.025	10.8	0.0	1	1	2.8e-05	0.026	10.8	0.0	36	78	42	91	12	149	0.79	Immunity	protein	SdpI
PROKKA_ERR710428_532796_RSZAXPI000651-18_bin.33.faa_OAEPPAJB_01732	-	324	lst_final_auto	-	373	2.3e-14	50.4	0.0	1	1	2.5e-17	4.4e-14	49.4	0.0	46	322	2	308	1	322	0.68	hypothetical	protein
PROKKA_ERR710424_531663_RSZAXPI000657-24_bin.36.faa_DIFFNPGI_00908	-	361	lst_final_auto	-	373	3.4e-33	112.7	7.1	1	1	2.4e-36	5.5e-33	112.0	7.1	47	332	3	341	1	360	0.73	hypothetical	protein
PROKKA_ERR688641_531333_SZAXPI021645-90_bin.32.faa_AMLBLPEB_01385	-	314	lst_final_auto	-	373	1.8e-12	44.3	0.0	1	1	1.1e-15	2.2e-12	44.0	0.0	51	331	3	303	1	313	0.72	hypothetical	protein
PROKKA_ERR688590_530050_SZAXPI021960-39_bin.51.faa_GJHOPHPP_00759	-	361	lst_final_auto	-	373	8.6e-29	98.3	4.9	1	1	4.2e-32	1e-28	98.1	4.9	45	314	1	327	1	358	0.73	hypothetical	protein
PROKKA_ERR688539_31428_SZAXPI021957-33_bin.35.faa_ENMFFLBL_00424	-	314	lst_final_auto	-	373	2.8e-12	43.5	0.0	1	1	1.9e-15	3.5e-12	43.2	0.0	51	331	3	303	1	313	0.71	hypothetical	protein
PROKKA_ERR688646_531414_SZAXPI022072-47_bin.62.faa_IBKMEBEI_00867	-	361	lst_final_auto	-	373	2.7e-33	113.0	7.1	1	1	1.8e-36	4.1e-33	112.4	7.1	47	346	3	356	1	361	0.73	hypothetical	protein
PROKKA_ERR688636_531155_SZAXPI021635-32_bin.65.faa_LJAIFEIJ_00251	-	324	lst_final_auto	-	373	2.5e-16	54.6	0.0	1	1	1.1e-18	4e-16	53.9	0.0	46	331	2	314	1	323	0.72	hypothetical	protein
PROKKA_ERR688584_530018_SZAXPI021942-133_bin.11.faa_PLJGIHIP_01111	-	314	lst_final_auto	-	373	3.6e-12	43.2	0.0	1	1	2.6e-15	4.7e-12	42.8	0.0	50	331	2	303	1	313	0.70	hypothetical	protein
PROKKA_ERR688577_31876_SZAXPI021641-62_bin.69.faa_IGCJGMEP_00612	-	322	lst_final_auto	-	373	9.2e-15	51.8	0.0	1	1	8.7e-18	1.7e-14	50.9	0.0	46	331	2	313	1	321	0.70	hypothetical	protein
PROKKA_ERR688651_531775_SZAXPI021637-37_bin.59.faa_JPHABAJP_02011	-	361	lst_final_auto	-	373	1.9e-33	113.4	7.0	1	1	1.5e-36	3.1e-33	112.7	7.0	47	332	3	341	1	360	0.73	hypothetical	protein
PROKKA_ERR688647_531416_SZAXPI021642-84_bin.41.faa_BOIFHDKC_00800	-	314	lst_final_auto	-	373	6.3e-12	42.5	0.0	1	1	4.1e-15	8.1e-12	42.1	0.0	51	331	3	303	1	313	0.72	hypothetical	protein
PROKKA_ERR688610_530295_SZAXPI022047-102_bin.1.faa_KIGMJHCF_02204	-	361	lst_final_auto	-	373	1.5e-30	104.2	3.1	1	1	6.3e-34	1.7e-30	104.1	3.1	45	308	1	324	1	358	0.74	hypothetical	protein
PROKKA_ERR688578_31877_SZAXPI021633-26_bin.54.faa_LGPFBNAF_00938	-	361	lst_final_auto	-	373	6.2e-29	99.2	5.5	1	1	2.3e-32	7.2e-29	98.9	5.5	45	314	1	327	1	358	0.74	hypothetical	protein
PROKKA_ERR688558_31685_SZAXPI021691-140_bin.29.faa_OAOGIFIC_01127	-	380	lst_final_auto	-	373	4.1e-10	36.6	1.4	1	2	2e-13	4.1e-10	36.6	1.4	51	285	4	274	1	297	0.63	hypothetical	protein
PROKKA_ERR688558_31685_SZAXPI021691-140_bin.29.faa_OAOGIFIC_01127	-	380	lst_final_auto	-	373	4.1e-10	36.6	1.4	2	2	0.084	1.8e+02	-1.7	0.1	91	108	316	333	292	361	0.66	hypothetical	protein
PROKKA_ERR710428_532796_RSZAXPI000651-18_bin.30.faa_JOOAIFOF_01359	-	322	lst_final_auto	-	373	2.2e-15	53.8	0.0	1	1	2.1e-18	3.9e-15	53.0	0.0	46	331	2	313	1	321	0.70	hypothetical	protein
PROKKA_ERR688634_530890_SZAXPI021648-95_bin.21.faa_DHBEPINF_00583	-	361	lst_final_auto	-	373	2.9e-33	112.4	6.7	1	1	3.1e-36	4.7e-33	111.7	6.7	47	332	3	341	1	360	0.73	hypothetical	protein
PROKKA_ERR688565_31750_SZAXPI022062-21_bin.67.faa_KEPFFNEH_00012	-	322	lst_final_auto	-	373	1.8e-15	54.2	0.0	1	1	1.7e-18	3.4e-15	53.3	0.0	46	331	2	313	1	321	0.70	hypothetical	protein
PROKKA_ERR710429_532802_RSZAXPI000652-19_bin.28.faa_KMMHILAD_00675	-	324	lst_final_auto	-	373	8.7e-14	48.6	0.0	1	1	9.2e-17	1.8e-13	47.6	0.0	46	322	2	308	1	321	0.67	hypothetical	protein
PROKKA_ERR688520_31236_SZAXPI022067-33_bin.36.faa_CLMLCBAI_01301	-	322	lst_final_auto	-	373	1.5e-15	54.3	0.0	1	1	1.5e-18	2.5e-15	53.5	0.0	46	331	2	313	1	321	0.70	hypothetical	protein
PROKKA_ERR688558_31685_SZAXPI021691-140_bin.36.faa_INMAPEMD_00910	-	324	lst_final_auto	-	373	5.8e-21	72.1	8.3	1	1	3.8e-24	6.8e-21	71.9	8.3	52	329	5	299	1	318	0.65	hypothetical	protein
PROKKA_ERR688519_31233_SZAXPI021947-169_bin.15.faa_DIAJEPHK_00240	-	322	lst_final_auto	-	373	6.2e-15	51.7	0.0	1	1	9.7e-18	1.2e-14	50.8	0.0	46	331	2	313	1	321	0.67	hypothetical	protein
PROKKA_ERR688551_31519_SZAXPI022071-43_bin.48.faa_DJDIHIDI_01114	-	314	lst_final_auto	-	373	3.5e-12	43.3	0.0	1	1	2.3e-15	4.3e-12	43.0	0.0	51	331	3	303	1	313	0.72	hypothetical	protein
PROKKA_ERR688528_31300_SZAXPI022049-109_bin.77.faa_JAKAGIBJ_00995	-	314	lst_final_auto	-	373	3.7e-12	43.3	0.0	1	1	2.3e-15	4.6e-12	43.0	0.0	51	331	3	303	1	313	0.72	hypothetical	protein
PROKKA_ERR688631_530756_SZAXPI022085-39_bin.27.faa_CGPHHMGD_01022	-	362	lst_final_auto	-	373	1.1e-08	31.3	0.0	1	1	2.6e-11	3.3e-08	29.6	0.0	51	319	5	297	1	332	0.66	hypothetical	protein
PROKKA_ERR688642_531352_SZAXPI021718-21_bin.2.faa_GPDNANFA_01707	-	314	lst_final_auto	-	373	6e-12	42.7	0.0	1	1	3.5e-15	7.4e-12	42.4	0.0	51	331	3	303	1	313	0.72	hypothetical	protein
PROKKA_ERR688626_530600_SZAXPI022079-94_bin.16.faa_FCDPGDDG_00822	-	322	lst_final_auto	-	373	3.7e-15	53.1	0.0	1	1	3.3e-18	6.3e-15	52.3	0.0	46	331	2	313	1	321	0.70	hypothetical	protein
PROKKA_ERR688573_31872_SZAXPI021644-88_bin.27.faa_PFPGNGGA_00616	-	366	lst_final_auto	-	373	9.7e-15	51.9	13.6	1	1	7.1e-18	1.5e-14	51.2	13.6	49	331	1	324	1	349	0.61	hypothetical	protein
PROKKA_ERR688527_31285_SZAXPI021656-133_bin.79.faa_OBDNINOA_01763	-	128	lst_final_auto	-	373	0.0056	13.5	0.0	1	1	2.3e-06	0.006	13.4	0.0	8	101	10	108	3	127	0.64	hypothetical	protein
PROKKA_ERR688601_530168_SZAXPI021721-27_bin.57.faa_HLAFCEJL_01201	-	322	lst_final_auto	-	373	1.6e-15	54.0	0.0	1	1	1.9e-18	3.1e-15	53.1	0.0	46	331	2	313	1	321	0.70	hypothetical	protein
PROKKA_ERR688620_530398_SZAXPI021948-16_bin.49.faa_CAAMFBEN_00555	-	314	lst_final_auto	-	373	2.8e-12	43.5	0.0	1	1	1.9e-15	3.5e-12	43.2	0.0	51	331	3	303	1	313	0.71	hypothetical	protein
PROKKA_ERR688509_31071_SZAXPI022073-62_bin.25.faa_MMLGHEPH_01405	-	323	lst_final_auto	-	373	1.3e-15	54.5	0.0	1	1	2.4e-18	2.1e-15	53.8	0.0	46	331	2	314	1	322	0.72	hypothetical	protein
PROKKA_ERR688509_31071_SZAXPI022073-62_bin.25.faa_MMLGHEPH_01521	-	224	lst_final_auto	-	373	0.0043	13.3	0.0	1	1	5.1e-06	0.0046	13.2	0.0	36	78	42	96	12	150	0.77	Immunity	protein	SdpI
PROKKA_ERR688608_530258_SZAXPI022074-87_bin.3.faa_LJFBJDMF_01688	-	314	lst_final_auto	-	373	1.3e-11	41.4	0.0	1	1	8.7e-15	1.7e-11	41.1	0.0	51	331	3	303	1	313	0.72	hypothetical	protein
PROKKA_ERR688583_31883_SZAXPI021717-20_bin.21.faa_FPKKCJEJ_01328	-	322	lst_final_auto	-	373	1.1e-14	51.5	0.0	1	1	1.1e-17	2e-14	50.6	0.0	46	331	2	313	1	321	0.69	hypothetical	protein
PROKKA_ERR688553_31549_SZAXPI021663-23_bin.9.faa_PHCKECBJ_00672	-	396	lst_final_auto	-	373	5.9e-12	43.0	49.8	1	1	4.3e-15	1.1e-11	42.1	49.8	44	351	43	382	36	395	0.67	hypothetical	protein
PROKKA_ERR688593_530055_SZAXPI022078-93_bin.60.faa_ELHAAPAB_01022	-	314	lst_final_auto	-	373	2.6e-12	43.5	0.0	1	1	1.9e-15	3.2e-12	43.2	0.0	51	331	3	303	1	313	0.71	hypothetical	protein
PROKKA_ERR688566_31766_SZAXPI021955-26_bin.30.faa_NAFMAHLA_00756	-	128	lst_final_auto	-	373	0.0052	13.5	0.0	1	1	2.3e-06	0.0056	13.4	0.0	8	101	10	108	3	127	0.64	hypothetical	protein
PROKKA_ERR688576_31875_SZAXPI021654-123_bin.26.faa_FLBOIHOO_00101	-	128	lst_final_auto	-	373	0.0013	13.5	0.0	1	1	2.3e-06	0.0014	13.4	0.0	8	101	10	108	3	127	0.64	hypothetical	protein
PROKKA_ERR710425_532305_RSZAXPI000655-22_bin.23.faa_INJHEIDA_00725	-	314	lst_final_auto	-	373	8.5e-12	42.0	0.0	1	1	5.6e-15	1.1e-11	41.7	0.0	51	331	3	303	1	313	0.70	hypothetical	protein
PROKKA_ERR688550_31512_SZAXPI022066-32_bin.7.faa_JIGHJHMG_00459	-	322	lst_final_auto	-	373	8.3e-15	52.0	0.0	1	1	7.6e-18	1.5e-14	51.1	0.0	46	331	2	313	1	321	0.70	hypothetical	protein
PROKKA_ERR710431_532832_RSZAXPI000654-21_bin.36.faa_MPIIBDEB_00115	-	322	lst_final_auto	-	373	1.4e-15	54.2	0.0	1	1	1.7e-18	2.7e-15	53.3	0.0	46	331	2	313	1	321	0.70	hypothetical	protein
PROKKA_ERR688555_31582_SZAXPI021949-17_bin.47.faa_NJPOHBEA_00787	-	324	lst_final_auto	-	373	7.9e-14	48.7	0.0	1	1	2.1e-16	2.1e-13	47.4	0.0	46	322	2	308	1	321	0.67	hypothetical	protein
PROKKA_ERR688555_31582_SZAXPI021949-17_bin.47.faa_NJPOHBEA_01817	-	314	lst_final_auto	-	373	3.3e-12	43.4	0.0	1	1	4.1e-15	4e-12	43.1	0.0	51	331	3	303	1	313	0.72	hypothetical	protein
PROKKA_ERR688640_531281_SZAXPI021665-25_bin.23.faa_AOIKLNNO_00513	-	324	lst_final_auto	-	373	0.0067	12.4	2.1	1	1	6.1e-06	0.009	12.0	2.1	6	225	54	297	49	323	0.59	hypothetical	protein
PROKKA_ERR688650_531766_SZAXPI021716-17_bin.1.faa_BDKDHABD_01313	-	374	lst_final_auto	-	373	9.7e-13	46.1	12.6	1	1	3.1e-16	1.2e-12	45.8	12.6	49	351	1	356	1	374	0.59	hypothetical	protein
PROKKA_ERR688526_31282_SZAXPI021938-111_bin.47.faa_APOMNLMK_00409	-	219	lst_final_auto	-	373	1.6e-08	29.6	0.0	1	1	4e-11	2.5e-08	29.0	0.0	219	331	84	210	58	218	0.72	hypothetical	protein
PROKKA_ERR688525_31276_SZAXPI021668-89_bin.22.faa_PKCNCLKD_01454	-	371	lst_final_auto	-	373	2.7e-12	43.4	0.5	1	1	2.6e-15	4.2e-12	42.8	0.5	48	344	5	348	1	367	0.59	hypothetical	protein
PROKKA_ERR688650_531766_SZAXPI021716-17_bin.53.faa_LHEPAACL_00655	-	361	lst_final_auto	-	373	2.3e-30	103.0	3.8	1	1	1.5e-33	2.7e-30	102.8	3.8	45	308	1	324	1	358	0.74	hypothetical	protein
PROKKA_ERR688591_530052_SZAXPI022065-27_bin.20.faa_LANAALNM_00906	-	128	lst_final_auto	-	373	0.0048	13.5	0.0	1	1	2.3e-06	0.0051	13.4	0.0	8	101	10	108	3	127	0.64	hypothetical	protein
PROKKA_ERR688605_530215_SZAXPI022070-39_bin.38.faa_AELKJNNK_00060	-	128	lst_final_auto	-	373	0.0024	14.5	0.0	1	1	1.1e-06	0.0025	14.4	0.0	8	101	10	108	3	127	0.65	hypothetical	protein
PROKKA_ERR688608_530258_SZAXPI022074-87_bin.12.faa_ODOOOBJN_01247	-	128	lst_final_auto	-	373	0.005	13.5	0.0	1	1	2.3e-06	0.0054	13.4	0.0	8	101	10	108	3	127	0.64	hypothetical	protein
PROKKA_ERR688635_531128_SZAXPI021689-166_bin.61.faa_FMMPODCH_00180	-	324	lst_final_auto	-	373	1.7e-14	51.0	0.0	1	1	1.8e-17	3.5e-14	49.9	0.0	46	322	2	308	1	321	0.67	hypothetical	protein
PROKKA_ERR688595_530075_SZAXPI022052-129_bin.11.faa_LMFEAGKF_02430	-	128	lst_final_auto	-	373	0.0055	13.5	0.0	1	1	2.3e-06	0.006	13.4	0.0	8	101	10	108	3	127	0.64	hypothetical	protein
PROKKA_ERR688562_31714_SZAXPI021964-62_bin.22.faa_LNCOKKDN_01297	-	314	lst_final_auto	-	373	2.8e-12	43.5	0.0	1	1	1.9e-15	3.4e-12	43.2	0.0	51	331	3	303	1	313	0.72	hypothetical	protein
PROKKA_ERR710431_532832_RSZAXPI000654-21_bin.62.faa_FFEJGGDO_01498	-	329	lst_final_auto	-	373	6.5e-24	83.2	3.1	1	1	1.7e-27	8.1e-24	82.9	3.1	46	344	5	322	1	328	0.73	hypothetical	protein
PROKKA_ERR688623_530450_SZAXPI021950-20_bin.24.faa_MEAENCFK_00625	-	324	lst_final_auto	-	373	6.1e-20	68.7	10.1	1	1	3.9e-23	7.1e-20	68.5	10.1	52	329	5	299	1	320	0.66	hypothetical	protein
PROKKA_ERR688573_31872_SZAXPI021644-88_bin.48.faa_LFFDHKNP_00338	-	314	lst_final_auto	-	373	3.2e-12	42.9	0.0	1	1	3.1e-15	4.1e-12	42.5	0.0	51	331	3	303	1	313	0.72	hypothetical	protein
PROKKA_ERR688506_31009_SZAXPI022053-133_bin.27.faa_GJKGGKNJ_00036	-	367	lst_final_auto	-	373	1.2e-13	47.5	13.2	1	1	1.4e-16	1.8e-13	46.9	13.2	50	320	3	311	1	358	0.64	hypothetical	protein
PROKKA_ERR688544_31452_SZAXPI022050-111_bin.13.faa_JBIPCBKP_01030	-	314	lst_final_auto	-	373	5.7e-12	42.9	0.0	1	1	3.1e-15	7.1e-12	42.5	0.0	51	331	3	303	1	313	0.72	hypothetical	protein
PROKKA_ERR688535_31379_SZAXPI022061-17_bin.27.faa_KONOMKMN_03146	-	324	lst_final_auto	-	373	0.029	12.4	2.1	1	1	6.1e-06	0.039	12.0	2.1	6	225	54	297	49	323	0.59	hypothetical	protein
PROKKA_ERR688562_31714_SZAXPI021964-62_bin.26.faa_EFODJMMM_00016	-	322	lst_final_auto	-	373	7e-15	51.9	0.0	1	1	7.8e-18	1.2e-14	51.1	0.0	46	331	2	313	1	321	0.70	hypothetical	protein
PROKKA_ERR688635_531128_SZAXPI021689-166_bin.43.faa_OMFCKNPO_00165	-	327	lst_final_auto	-	373	4.1e-11	36.5	0.0	1	1	5.9e-12	1.2e-09	31.8	0.0	50	331	4	314	1	326	0.65	hypothetical	protein
PROKKA_ERR688564_31749_SZAXPI022057-158_bin.67.faa_GPKOFJFI_00811	-	128	lst_final_auto	-	373	0.0038	14.0	0.0	1	1	1.5e-06	0.004	13.9	0.0	8	101	10	108	3	127	0.65	hypothetical	protein
PROKKA_ERR688617_530368_SZAXPI022048-108_bin.33.faa_BJMLLBHO_00666	-	324	lst_final_auto	-	373	1.1e-14	51.7	0.0	1	1	1.1e-17	2.3e-14	50.6	0.0	46	322	2	308	1	321	0.69	hypothetical	protein
PROKKA_ERR688540_31431_SZAXPI021946-166_bin.41.faa_MDHHCJDI_01166	-	128	lst_final_auto	-	373	0.0068	13.3	0.0	1	1	2.6e-06	0.0073	13.2	0.0	8	101	10	108	3	127	0.64	hypothetical	protein
PROKKA_ERR688640_531281_SZAXPI021665-25_bin.56.faa_CHNNOFFG_00629	-	322	lst_final_auto	-	373	3.2e-15	53.6	0.0	1	1	2.3e-18	5.6e-15	52.8	0.0	46	331	2	313	1	321	0.71	hypothetical	protein
PROKKA_ERR688553_31549_SZAXPI021663-23_bin.43.faa_GMIMPJLH_01678	-	324	lst_final_auto	-	373	2.9e-13	46.8	0.0	1	1	2.8e-16	5.4e-13	46.0	0.0	46	331	2	315	1	322	0.68	hypothetical	protein
PROKKA_ERR688522_31256_SZAXPI021671-62_bin.3.faa_JOFLLHOM_01713	-	322	lst_final_auto	-	373	7.5e-15	52.3	0.0	1	1	5e-18	1.1e-14	51.7	0.0	46	331	2	313	1	321	0.72	hypothetical	protein
PROKKA_ERR688564_31749_SZAXPI022057-158_bin.36.faa_JBAOHLJE_02020	-	324	lst_final_auto	-	373	8.8e-14	48.7	0.0	1	1	1.1e-16	2.3e-13	47.4	0.0	46	322	2	308	1	321	0.67	hypothetical	protein
PROKKA_ERR688570_31868_SZAXPI021666-33_bin.12.faa_CBCFLFJI_00482	-	138	lst_final_auto	-	373	1.8e-15	53.4	2.2	1	1	1.6e-18	1.9e-15	53.3	2.2	218	329	5	113	1	133	0.83	hypothetical	protein
PROKKA_ERR688624_530451_SZAXPI022064-25_bin.80.faa_MEDMLKNE_01840	-	128	lst_final_auto	-	373	0.0053	13.5	0.0	1	1	2.3e-06	0.0057	13.4	0.0	8	101	10	108	3	127	0.64	hypothetical	protein
PROKKA_ERR688625_530558_SZAXPI021931-89_bin.24.faa_EEMPLBCJ_00647	-	355	lst_final_auto	-	373	2.9e-31	105.6	0.3	1	1	2.6e-34	3.5e-31	105.3	0.3	51	333	4	338	1	354	0.70	hypothetical	protein
PROKKA_ERR688574_31873_SZAXPI021690-169_bin.7.faa_AOIMNDCD_00245	-	322	lst_final_auto	-	373	1.5e-15	53.8	0.0	1	1	2.1e-18	2.6e-15	53.0	0.0	46	331	2	313	1	321	0.70	hypothetical	protein
PROKKA_ERR688525_31276_SZAXPI021668-89_bin.58.faa_BLDGPOPD_00801	-	322	lst_final_auto	-	373	7.1e-15	52.0	0.0	1	1	7.4e-18	1.3e-14	51.2	0.0	46	331	2	313	1	321	0.69	hypothetical	protein
PROKKA_ERR688577_31876_SZAXPI021641-62_bin.65.faa_PIIJNLMJ_00440	-	314	lst_final_auto	-	373	3.5e-12	43.3	0.0	1	1	2.3e-15	4.4e-12	43.0	0.0	51	331	3	303	1	313	0.72	hypothetical	protein
PROKKA_ERR688579_31878_SZAXPI021664-24_bin.6.faa_EAMNHAAG_01122	-	361	lst_final_auto	-	373	7.4e-29	98.3	4.9	1	1	4.2e-32	8.7e-29	98.1	4.9	45	314	1	327	1	358	0.73	hypothetical	protein
PROKKA_ERR688549_31501_SZAXPI021927-47_bin.34.faa_HPFDLBMO_00592	-	198	lst_final_auto	-	373	0.0011	14.7	0.3	1	1	1e-06	0.0012	14.5	0.3	120	249	4	148	1	172	0.69	hypothetical	protein
PROKKA_ERR688546_31477_SZAXPI022080-95_bin.82.faa_OPBHGMCK_00688	-	322	lst_final_auto	-	373	4.8e-15	51.6	0.0	1	1	1.1e-17	9.2e-15	50.7	0.0	46	331	2	313	1	321	0.68	hypothetical	protein
PROKKA_ERR688624_530451_SZAXPI022064-25_bin.39.faa_MOPHFGBA_00299	-	322	lst_final_auto	-	373	8.7e-15	52.0	0.0	1	1	7.6e-18	1.6e-14	51.1	0.0	46	331	2	313	1	321	0.70	hypothetical	protein
PROKKA_ERR688630_530743_SZAXPI021933-93_bin.79.faa_GJIPEJHD_00355	-	361	lst_final_auto	-	373	5.9e-31	105.1	1.7	1	1	3.6e-34	7.3e-31	104.9	1.7	49	312	4	328	1	360	0.73	hypothetical	protein
PROKKA_ERR688529_31328_SZAXPI022059-169_bin.62.faa_EJCBHBDG_00521	-	323	lst_final_auto	-	373	8.8e-16	54.6	0.0	1	1	1.1e-18	1.4e-15	53.9	0.0	46	331	2	314	1	322	0.71	hypothetical	protein
PROKKA_ERR688636_531155_SZAXPI021635-32_bin.25.faa_DIDDDFIN_02730	-	128	lst_final_auto	-	373	0.0069	13.3	0.0	1	1	2.6e-06	0.0074	13.2	0.0	8	101	10	108	3	127	0.64	hypothetical	protein
PROKKA_ERR688578_31877_SZAXPI021633-26_bin.57.faa_HPEJAGJG_01762	-	322	lst_final_auto	-	373	9.2e-15	51.7	0.0	1	1	9.1e-18	1.7e-14	50.9	0.0	46	331	2	313	1	321	0.70	hypothetical	protein
PROKKA_ERR688574_31873_SZAXPI021690-169_bin.12.faa_HMEAHNMC_00978	-	405	lst_final_auto	-	373	1.4e-09	34.4	27.5	1	2	3.9e-12	5.8e-09	32.3	26.6	49	332	1	361	1	384	0.66	hypothetical	protein
PROKKA_ERR688574_31873_SZAXPI021690-169_bin.12.faa_HMEAHNMC_00978	-	405	lst_final_auto	-	373	1.4e-09	34.4	27.5	2	2	0.0061	9.1	2.1	0.3	238	277	358	397	350	403	0.73	hypothetical	protein
PROKKA_ERR688575_31874_SZAXPI021632-21_bin.59.faa_IMBPEIFI_00337	-	322	lst_final_auto	-	373	2.5e-15	53.6	0.0	1	1	2.3e-18	4.4e-15	52.8	0.0	46	331	2	313	1	321	0.71	hypothetical	protein
PROKKA_ERR688606_530227_SZAXPI022045-94_bin.14.faa_FOGDGEEH_03904	-	356	lst_final_auto	-	373	1.4e-32	112.1	2.2	1	1	2.6e-36	1.5e-32	111.9	2.2	50	337	3	346	1	356	0.71	hypothetical	protein
PROKKA_ERR688607_530251_SZAXPI022054-136_bin.2.faa_NALDPBHN_01099	-	324	lst_final_auto	-	373	0.006	12.4	2.1	1	1	6.1e-06	0.0081	12.0	2.1	6	225	54	297	49	323	0.59	hypothetical	protein
PROKKA_ERR688566_31766_SZAXPI021955-26_bin.15.faa_KICJAEMH_01140	-	324	lst_final_auto	-	373	2.9e-14	50.2	0.0	1	1	3e-17	5.9e-14	49.2	0.0	46	322	2	308	1	322	0.67	hypothetical	protein
PROKKA_ERR688586_530028_SZAXPI021939-113_bin.16.faa_CKPLAGKI_01016	-	324	lst_final_auto	-	373	5.4e-16	55.8	0.0	1	1	9e-19	8.7e-16	55.2	0.0	46	331	2	314	1	323	0.73	hypothetical	protein
PROKKA_ERR688586_530028_SZAXPI021939-113_bin.16.faa_CKPLAGKI_00726	-	224	lst_final_auto	-	373	0.026	10.8	0.0	1	1	2.8e-05	0.027	10.8	0.0	36	78	42	91	12	149	0.79	Immunity	protein	SdpI
PROKKA_ERR688616_530364_SZAXPI022058-166_bin.38.faa_FGPDIOKH_00527	-	322	lst_final_auto	-	373	3.8e-15	52.0	0.0	1	1	7.4e-18	6.8e-15	51.2	0.0	46	331	2	313	1	321	0.69	hypothetical	protein
PROKKA_ERR688649_531469_SZAXPI021639-45_bin.68.faa_CMKMJJJD_02070	-	361	lst_final_auto	-	373	1e-28	98.1	5.2	1	1	4.7e-32	1.2e-28	97.9	5.2	45	314	1	327	1	358	0.74	hypothetical	protein
PROKKA_ERR688650_531766_SZAXPI021716-17_bin.46.faa_BGKDHHNP_00658	-	314	lst_final_auto	-	373	2.2e-12	43.5	0.0	1	1	1.9e-15	2.7e-12	43.2	0.0	51	331	3	303	1	313	0.71	hypothetical	protein
PROKKA_ERR688576_31875_SZAXPI021654-123_bin.89.faa_MAFEIJEN_00887	-	371	lst_final_auto	-	373	8.8e-12	42.2	2.1	1	1	5.5e-15	1.3e-11	41.7	2.1	48	344	5	348	1	367	0.59	hypothetical	protein
PROKKA_ERR688621_530403_SZAXPI022083-102_bin.13.faa_JONDKPPP_01558	-	361	lst_final_auto	-	373	3e-33	112.7	7.1	1	1	2.4e-36	4.9e-33	112.0	7.1	47	332	3	341	1	360	0.73	hypothetical	protein
PROKKA_ERR688650_531766_SZAXPI021716-17_bin.12.faa_MCBCKIPP_01182	-	322	lst_final_auto	-	373	1e-14	51.5	0.0	1	1	1.1e-17	1.9e-14	50.6	0.0	46	331	2	313	1	321	0.69	hypothetical	protein
PROKKA_ERR688604_530185_SZAXPI021722-32_bin.53.faa_LCGCBCDM_01641	-	128	lst_final_auto	-	373	0.0055	13.5	0.0	1	1	2.3e-06	0.0059	13.4	0.0	8	101	10	108	3	127	0.64	hypothetical	protein
PROKKA_ERR710430_532826_RSZAXPI000653-20_bin.32.faa_LCFFEBMN_00143	-	314	lst_final_auto	-	373	3.1e-12	43.5	0.0	1	1	1.9e-15	3.8e-12	43.2	0.0	51	331	3	303	1	313	0.71	hypothetical	protein
PROKKA_ERR688551_31519_SZAXPI022071-43_bin.44.faa_HPODIANH_02280	-	361	lst_final_auto	-	373	3.6e-33	112.6	7.3	1	1	2.5e-36	6e-33	111.9	7.3	47	332	3	341	1	360	0.73	hypothetical	protein
PROKKA_ERR688509_31071_SZAXPI022073-62_bin.39.faa_GDEOHEGD_00073	-	361	lst_final_auto	-	373	2.9e-33	112.6	7.3	1	1	2.5e-36	4.8e-33	111.9	7.3	47	332	3	341	1	360	0.73	hypothetical	protein
PROKKA_ERR688523_31267_SZAXPI022076-89_bin.26.faa_OCIPABHN_00531	-	314	lst_final_auto	-	373	3e-12	43.5	0.0	1	1	1.9e-15	3.7e-12	43.2	0.0	51	331	3	303	1	313	0.71	hypothetical	protein
PROKKA_ERR688624_530451_SZAXPI022064-25_bin.36.faa_JMOGODFA_00757	-	314	lst_final_auto	-	373	6.2e-12	42.5	0.0	1	1	4.1e-15	8e-12	42.1	0.0	51	331	3	303	1	313	0.72	hypothetical	protein
PROKKA_ERR688511_31129_SZAXPI022081-26_bin.26.faa_CICDODKI_01298	-	314	lst_final_auto	-	373	3.2e-12	43.3	0.0	1	1	2.3e-15	4e-12	43.0	0.0	51	331	3	303	1	313	0.72	hypothetical	protein
PROKKA_ERR688604_530185_SZAXPI021722-32_bin.44.faa_ACFBHBCB_00536	-	361	lst_final_auto	-	373	9.9e-34	113.4	7.0	1	1	1.5e-36	1.6e-33	112.7	7.0	47	332	3	341	1	360	0.73	hypothetical	protein
PROKKA_ERR688508_31030_SZAXPI021937-109_bin.4.faa_BCHMONAB_00838	-	361	lst_final_auto	-	373	3.9e-33	112.6	7.3	1	1	2.5e-36	6.4e-33	111.9	7.3	47	332	3	341	1	360	0.73	hypothetical	protein
PROKKA_ERR688637_531248_SZAXPI021692-142_bin.21.faa_MJJJNDII_00466	-	361	lst_final_auto	-	373	9.5e-29	98.3	4.9	1	1	4.2e-32	1.1e-28	98.1	4.9	45	314	1	327	1	358	0.73	hypothetical	protein
PROKKA_ERR688546_31477_SZAXPI022080-95_bin.72.faa_IGPDPOPK_00582	-	323	lst_final_auto	-	373	1.7e-15	54.1	0.0	1	1	1.6e-18	2.6e-15	53.4	0.0	46	331	2	314	1	322	0.72	hypothetical	protein
PROKKA_ERR688639_531277_SZAXPI021651-109_bin.22.faa_EHJEDOJG_19205	-	374	lst_final_auto	-	373	5.6e-11	42.9	14.7	1	1	6.4e-15	7.2e-11	42.5	14.7	49	350	1	355	1	374	0.56	hypothetical	protein
PROKKA_ERR688639_531277_SZAXPI021651-109_bin.22.faa_EHJEDOJG_03636	-	128	lst_final_auto	-	373	0.048	13.5	0.0	1	1	4.6e-06	0.052	13.4	0.0	8	101	10	108	3	127	0.64	hypothetical	protein
PROKKA_ERR688633_530867_SZAXPI021935-95_bin.38.faa_JACPCHFI_00035	-	271	lst_final_auto	-	373	4.4e-10	35.1	0.0	1	1	1.1e-12	8.7e-10	34.2	0.0	123	331	36	262	12	270	0.71	hypothetical	protein
PROKKA_ERR688564_31749_SZAXPI022057-158_bin.15.faa_IIAFMMEL_01569	-	361	lst_final_auto	-	373	2.6e-33	112.7	7.1	1	1	2.4e-36	4.2e-33	112.0	7.1	47	332	3	341	1	360	0.73	hypothetical	protein
PROKKA_ERR688527_31285_SZAXPI021656-133_bin.60.faa_DOJIBCNL_01610	-	322	lst_final_auto	-	373	1.2e-14	51.3	0.0	1	1	1.3e-17	2.4e-14	50.3	0.0	46	331	2	313	1	321	0.69	hypothetical	protein
PROKKA_ERR710427_532779_RSZAXPI000650-17_bin.53.faa_NHJNBJLE_00050	-	314	lst_final_auto	-	373	1.5e-12	43.5	0.0	1	1	1.9e-15	1.9e-12	43.2	0.0	51	331	3	303	1	313	0.71	hypothetical	protein
PROKKA_ERR688576_31875_SZAXPI021654-123_bin.23.faa_BLFGEANC_00634	-	314	lst_final_auto	-	373	3e-12	43.5	0.0	1	1	1.9e-15	3.7e-12	43.2	0.0	51	331	3	303	1	313	0.71	hypothetical	protein
PROKKA_ERR688538_31424_SZAXPI021925-43_bin.74.faa_MKPGBEMP_00694	-	314	lst_final_auto	-	373	2.7e-12	43.5	0.0	1	1	1.9e-15	3.3e-12	43.2	0.0	51	331	3	303	1	313	0.71	hypothetical	protein
PROKKA_ERR688601_530168_SZAXPI021721-27_bin.3.faa_LNPNPKFL_00675	-	314	lst_final_auto	-	373	3e-12	43.5	0.0	1	1	1.9e-15	3.6e-12	43.2	0.0	51	331	3	303	1	313	0.71	hypothetical	protein
PROKKA_ERR688559_31700_SZAXPI021963-47_bin.1.faa_CEECJLJP_02233	-	128	lst_final_auto	-	373	0.005	13.5	0.0	1	1	2.3e-06	0.0054	13.4	0.0	8	101	10	108	3	127	0.64	hypothetical	protein
PROKKA_ERR688647_531416_SZAXPI021642-84_bin.19.faa_LEJBPMLE_00741	-	322	lst_final_auto	-	373	1.1e-14	51.7	0.0	1	1	9.3e-18	2e-14	50.8	0.0	46	331	2	313	1	321	0.69	hypothetical	protein
PROKKA_ERR688506_31009_SZAXPI022053-133_bin.20.faa_AGBEGIBB_00214	-	322	lst_final_auto	-	373	2.1e-15	52.0	0.0	1	1	7.5e-18	3.8e-15	51.2	0.0	46	331	2	313	1	321	0.70	hypothetical	protein
PROKKA_ERR688646_531414_SZAXPI022072-47_bin.46.faa_HKLMLKBF_01525	-	324	lst_final_auto	-	373	7.9e-16	55.4	0.0	1	1	6.4e-19	1.3e-15	54.7	0.0	46	331	2	314	1	323	0.72	hypothetical	protein
PROKKA_ERR688606_530227_SZAXPI022045-94_bin.18.faa_IIKLMGCA_00978	-	362	lst_final_auto	-	373	6.3e-08	29.4	0.0	1	1	9.5e-11	1.9e-07	27.8	0.0	51	319	5	297	1	332	0.64	hypothetical	protein
PROKKA_ERR688603_530177_SZAXPI021962-45_bin.21.faa_BJLIDCFF_00081	-	314	lst_final_auto	-	373	3.2e-12	43.5	0.0	1	1	1.9e-15	4e-12	43.2	0.0	51	331	3	303	1	313	0.71	hypothetical	protein
PROKKA_ERR710431_532832_RSZAXPI000654-21_bin.25.faa_JNOMLEIO_00052	-	314	lst_final_auto	-	373	1.7e-12	43.5	0.0	1	1	1.9e-15	2.1e-12	43.2	0.0	51	331	3	303	1	313	0.71	hypothetical	protein
PROKKA_ERR688590_530050_SZAXPI021960-39_bin.26.faa_MHBHOLAO_01596	-	361	lst_final_auto	-	373	4.3e-33	112.4	6.7	1	1	3.1e-36	7.1e-33	111.7	6.7	47	332	3	341	1	360	0.73	hypothetical	protein
PROKKA_ERR688639_531277_SZAXPI021651-109_bin.13.faa_LBJCHFLA_01483	-	314	lst_final_auto	-	373	2.1e-12	43.9	0.0	1	1	1.4e-15	2.6e-12	43.6	0.0	51	331	3	303	1	313	0.72	hypothetical	protein
PROKKA_ERR688532_31343_SZAXPI022069-37_bin.33.faa_OKEGONKE_01329	-	314	lst_final_auto	-	373	1.8e-12	44.4	0.0	1	1	1.1e-15	2.2e-12	44.1	0.0	51	331	3	303	1	313	0.72	hypothetical	protein
PROKKA_ERR688507_31021_SZAXPI022043-90_bin.51.faa_NDLALPMN_00783	-	324	lst_final_auto	-	373	3.5e-14	50.0	0.0	1	1	3.4e-17	7.1e-14	49.0	0.0	46	322	2	308	1	321	0.67	hypothetical	protein
PROKKA_ERR688598_530154_SZAXPI021967-88_bin.3.faa_HJILOHKH_00710	-	324	lst_final_auto	-	373	0.0082	12.4	2.1	1	1	6.1e-06	0.011	12.0	2.1	6	225	54	297	49	323	0.59	hypothetical	protein
PROKKA_ERR688520_31236_SZAXPI022067-33_bin.24.faa_FIJBLLHI_00707	-	128	lst_final_auto	-	373	0.0024	13.5	0.0	1	1	2.3e-06	0.0026	13.4	0.0	8	101	10	108	3	127	0.64	hypothetical	protein
PROKKA_ERR688646_531414_SZAXPI022072-47_bin.37.faa_EOLIFHLN_00879	-	322	lst_final_auto	-	373	9.5e-15	51.7	0.0	1	1	9.1e-18	1.7e-14	50.9	0.0	46	331	2	313	1	321	0.70	hypothetical	protein
PROKKA_ERR688586_530028_SZAXPI021939-113_bin.75.faa_AICJNLKM_00127	-	138	lst_final_auto	-	373	1.1e-15	53.4	2.2	1	1	1.6e-18	1.1e-15	53.3	2.2	218	329	5	113	1	133	0.83	hypothetical	protein
PROKKA_ERR710428_532796_RSZAXPI000651-18_bin.26.faa_OHNMALJG_01698	-	361	lst_final_auto	-	373	2.8e-33	112.7	7.1	1	1	2.4e-36	4.6e-33	112.0	7.1	47	332	3	341	1	360	0.73	hypothetical	protein
PROKKA_ERR688617_530368_SZAXPI022048-108_bin.22.faa_AHHHHJOF_01360	-	314	lst_final_auto	-	373	3.1e-12	43.5	0.0	1	1	1.9e-15	3.8e-12	43.2	0.0	51	331	3	303	1	313	0.71	hypothetical	protein
PROKKA_ERR688507_31021_SZAXPI022043-90_bin.5.faa_FJCMKFIN_01136	-	323	lst_final_auto	-	373	9.1e-16	54.4	0.0	1	1	2.4e-18	1.4e-15	53.8	0.0	46	331	2	314	1	322	0.72	hypothetical	protein
PROKKA_ERR688507_31021_SZAXPI022043-90_bin.5.faa_FJCMKFIN_00295	-	224	lst_final_auto	-	373	0.016	10.9	0.0	1	1	2.7e-05	0.017	10.8	0.0	36	78	42	96	12	148	0.82	Immunity	protein	SdpI
PROKKA_ERR688576_31875_SZAXPI021654-123_bin.60.faa_MDBNHOHO_02047	-	361	lst_final_auto	-	373	3.5e-33	112.7	7.1	1	1	2.4e-36	5.8e-33	112.0	7.1	47	332	3	341	1	360	0.73	hypothetical	protein
PROKKA_ERR688559_31700_SZAXPI021963-47_bin.58.faa_MFAIMDOE_01111	-	262	lst_final_auto	-	373	1.4e-13	47.6	9.2	1	1	1.1e-16	1.6e-13	47.4	9.2	52	284	5	251	1	260	0.62	hypothetical	protein
PROKKA_ERR688518_31232_SZAXPI022077-90_bin.50.faa_JNACJIEK_00164	-	314	lst_final_auto	-	373	2.3e-12	43.3	0.0	1	1	2.3e-15	2.9e-12	43.0	0.0	51	331	3	303	1	313	0.72	hypothetical	protein
PROKKA_ERR688650_531766_SZAXPI021716-17_bin.40.faa_GPANDGPM_00131	-	371	lst_final_auto	-	373	6.8e-09	33.3	12.6	1	1	2.3e-12	8e-09	33.1	12.6	50	349	2	367	1	371	0.58	hypothetical	protein
PROKKA_ERR688587_530002_SZAXPI021723-33_bin.25.faa_PFBJKPMH_00653	-	322	lst_final_auto	-	373	6.8e-15	51.7	0.0	1	1	9.1e-18	1.2e-14	50.9	0.0	46	331	2	313	1	321	0.70	hypothetical	protein
PROKKA_ERR688505_31004_SZAXPI021650-108_bin.44.faa_NINEKEGA_01364	-	361	lst_final_auto	-	373	5.1e-29	98.3	4.9	1	1	4.2e-32	6e-29	98.1	4.9	45	314	1	327	1	358	0.73	hypothetical	protein
PROKKA_ERR688590_530050_SZAXPI021960-39_bin.17.faa_NCEIDBBI_00862	-	322	lst_final_auto	-	373	1.5e-15	54.2	0.0	1	1	1.7e-18	2.9e-15	53.3	0.0	46	331	2	313	1	321	0.70	hypothetical	protein
PROKKA_ERR688505_31004_SZAXPI021650-108_bin.37.faa_MFOPJDCJ_01549	-	322	lst_final_auto	-	373	8.1e-14	48.7	0.0	1	1	7.5e-17	1.5e-13	47.9	0.0	46	331	2	313	1	321	0.69	hypothetical	protein
PROKKA_ERR688523_31267_SZAXPI022076-89_bin.36.faa_OKHIPMEM_01428	-	322	lst_final_auto	-	373	9.3e-15	51.7	0.0	1	1	9.5e-18	1.7e-14	50.8	0.0	46	331	2	313	1	321	0.70	hypothetical	protein
PROKKA_ERR688531_31337_SZAXPI021672-108_bin.6.faa_LMIKIDDO_00151	-	357	lst_final_auto	-	373	6.4e-32	109.8	0.4	1	1	1.4e-35	7.8e-32	109.5	0.4	50	332	3	336	1	356	0.72	hypothetical	protein
PROKKA_ERR710432_532915_RSZAXPI000656-23_bin.26.faa_GJIEPOJH_00320	-	314	lst_final_auto	-	373	4.7e-12	42.8	0.0	1	1	3.4e-15	6.1e-12	42.4	0.0	51	331	3	303	1	313	0.71	hypothetical	protein
PROKKA_ERR688508_31030_SZAXPI021937-109_bin.7.faa_NCIAGMON_02167	-	361	lst_final_auto	-	373	7.9e-29	98.6	5.2	1	1	3.3e-32	9.3e-29	98.4	5.2	45	314	1	327	1	358	0.73	hypothetical	protein
PROKKA_ERR688509_31071_SZAXPI022073-62_bin.15.faa_FIJFPGHD_01309	-	314	lst_final_auto	-	373	9.5e-12	41.9	0.0	1	1	5.9e-15	1.2e-11	41.6	0.0	51	331	3	303	1	313	0.71	hypothetical	protein
PROKKA_ERR688644_531382_SZAXPI021646-93_bin.31.faa_PLLNNCIN_01232	-	329	lst_final_auto	-	373	4.8e-24	83.2	3.1	1	1	1.7e-27	5.9e-24	82.9	3.1	46	344	5	322	1	328	0.73	hypothetical	protein
PROKKA_ERR688600_530167_SZAXPI021958-36_bin.23.faa_MOJGFOLO_02453	-	361	lst_final_auto	-	373	6.4e-30	102.1	1.6	1	1	3e-33	7.8e-30	101.8	1.6	49	312	4	328	1	360	0.72	hypothetical	protein
PROKKA_ERR688580_31879_SZAXPI021647-94_bin.19.faa_GKBBGDII_01698	-	314	lst_final_auto	-	373	2.4e-12	43.9	0.0	1	1	1.4e-15	3e-12	43.6	0.0	51	331	3	303	1	313	0.72	hypothetical	protein
PROKKA_ERR688541_31446_SZAXPI021629-16_bin.52.faa_CILGPEAM_00067	-	322	lst_final_auto	-	373	5.1e-15	52.3	0.0	1	1	5e-18	7.8e-15	51.7	0.0	46	331	2	313	1	321	0.72	hypothetical	protein
PROKKA_ERR688524_31275_SZAXPI021941-129_bin.25.faa_BNDEFFMK_04489	-	356	lst_final_auto	-	373	6.1e-31	106.6	0.5	1	1	1.5e-34	8.4e-31	106.1	0.5	45	318	1	328	1	355	0.74	hypothetical	protein
PROKKA_ERR688542_31449_SZAXPI021940-123_bin.13.faa_IHPNDCFJ_00443	-	322	lst_final_auto	-	373	9.1e-14	48.3	0.0	1	1	9.5e-17	1.6e-13	47.5	0.0	46	331	2	313	1	321	0.71	hypothetical	protein
PROKKA_ERR688515_31188_SZAXPI021653-113_bin.39.faa_NJJDALJH_01563	-	361	lst_final_auto	-	373	2.9e-30	103.0	3.9	1	1	1.5e-33	3.4e-30	102.8	3.9	45	308	1	324	1	358	0.74	hypothetical	protein
PROKKA_ERR688601_530168_SZAXPI021721-27_bin.21.faa_HDIFCGOA_00912	-	128	lst_final_auto	-	373	0.005	13.5	0.0	1	1	2.3e-06	0.0054	13.4	0.0	8	101	10	108	3	127	0.64	hypothetical	protein
PROKKA_ERR688565_31750_SZAXPI022062-21_bin.22.faa_OLKEAMKK_00568	-	314	lst_final_auto	-	373	2.9e-12	43.6	0.0	1	1	1.8e-15	3.6e-12	43.3	0.0	51	331	3	303	1	313	0.71	hypothetical	protein
PROKKA_ERR688611_530297_SZAXPI021928-84_bin.52.faa_ABALCGAG_00012	-	324	lst_final_auto	-	373	1.2e-19	67.8	9.0	1	1	1.6e-22	1.4e-19	67.5	9.0	52	329	5	299	1	318	0.61	hypothetical	protein
PROKKA_ERR688611_530297_SZAXPI021928-84_bin.52.faa_ABALCGAG_01600	-	221	lst_final_auto	-	373	0.015	11.5	0.6	1	1	2.4e-05	0.022	11.0	0.6	6	68	4	76	1	99	0.81	hypothetical	protein
PROKKA_ERR688528_31300_SZAXPI022049-109_bin.28.faa_FPDIOKGE_00173	-	113	lst_final_auto	-	373	2.7e-11	41.2	0.9	1	1	9e-15	3e-11	41.0	0.9	218	321	5	102	1	108	0.81	hypothetical	protein
PROKKA_ERR688626_530600_SZAXPI022079-94_bin.46.faa_IAFONCGM_00259	-	324	lst_final_auto	-	373	4.9e-21	71.4	9.4	1	1	6.1e-24	5.6e-21	71.2	9.4	52	329	5	299	1	320	0.67	hypothetical	protein
PROKKA_ERR688536_31398_SZAXPI021670-25_bin.48.faa_GFPKFHJM_02284	-	128	lst_final_auto	-	373	0.0058	13.5	0.0	1	1	2.3e-06	0.0062	13.4	0.0	8	101	10	108	3	127	0.64	hypothetical	protein
PROKKA_ERR688634_530890_SZAXPI021648-95_bin.64.faa_KIJBBGJB_00283	-	329	lst_final_auto	-	373	2.4e-24	83.2	3.1	1	1	1.7e-27	3e-24	82.9	3.1	46	344	5	322	1	328	0.73	hypothetical	protein
PROKKA_ERR688569_31866_SZAXPI021631-20_bin.36.faa_EHNLMAEK_01029	-	314	lst_final_auto	-	373	3.3e-12	43.3	0.0	1	1	2.3e-15	4.1e-12	43.0	0.0	51	331	3	303	1	313	0.72	hypothetical	protein
PROKKA_ERR688565_31750_SZAXPI022062-21_bin.32.faa_DFNLIKDC_00542	-	128	lst_final_auto	-	373	0.0055	13.5	0.0	1	1	2.3e-06	0.0059	13.4	0.0	8	101	10	108	3	127	0.64	hypothetical	protein
PROKKA_ERR688505_31004_SZAXPI021650-108_bin.2.faa_NFNDAOOB_01992	-	323	lst_final_auto	-	373	1.2e-15	54.8	0.0	1	1	9.1e-19	1.9e-15	54.2	0.0	46	331	2	314	1	322	0.72	hypothetical	protein
PROKKA_ERR688609_530262_SZAXPI021943-136_bin.14.faa_APPOOBLA_00411	-	361	lst_final_auto	-	373	1.3e-29	100.8	3.8	1	1	7e-33	1.5e-29	100.6	3.8	45	308	1	324	1	358	0.74	hypothetical	protein
PROKKA_ERR688618_530373_SZAXPI021634-27_bin.19.faa_ENKCKBDG_01694	-	128	lst_final_auto	-	373	0.0058	13.5	0.0	1	1	2.3e-06	0.0062	13.4	0.0	8	101	10	108	3	127	0.64	hypothetical	protein
PROKKA_ERR688532_31343_SZAXPI022069-37_bin.47.faa_NKNJFKHN_01671	-	128	lst_final_auto	-	373	0.0061	13.5	0.0	1	1	2.3e-06	0.0065	13.4	0.0	8	101	10	108	3	127	0.64	hypothetical	protein
PROKKA_ERR688635_531128_SZAXPI021689-166_bin.2.faa_BLEIJKDN_00364	-	111	lst_final_auto	-	373	7.7e-09	31.4	0.1	1	1	7.4e-12	7.7e-09	31.4	0.1	239	314	2	77	1	110	0.85	hypothetical	protein
PROKKA_ERR688632_530840_SZAXPI021934-94_bin.23.faa_PLKDMMII_00319	-	371	lst_final_auto	-	373	7e-09	33.3	12.6	1	1	2.3e-12	8.2e-09	33.1	12.6	50	349	2	367	1	371	0.58	hypothetical	protein
PROKKA_ERR688527_31285_SZAXPI021656-133_bin.26.faa_MNDJEGNM_00148	-	329	lst_final_auto	-	373	4.8e-24	83.2	3.1	1	1	1.7e-27	6e-24	82.9	3.1	46	344	5	322	1	328	0.73	hypothetical	protein
PROKKA_ERR688505_31004_SZAXPI021650-108_bin.3.faa_OPLPPOCH_01858	-	314	lst_final_auto	-	373	2e-12	44.1	0.0	1	1	1.3e-15	2.5e-12	43.8	0.0	51	331	3	303	1	313	0.72	hypothetical	protein
PROKKA_ERR688647_531416_SZAXPI021642-84_bin.71.faa_FCFNNFHK_01773	-	128	lst_final_auto	-	373	0.0057	13.5	0.0	1	1	2.3e-06	0.0062	13.4	0.0	8	101	10	108	3	127	0.64	hypothetical	protein
PROKKA_ERR688598_530154_SZAXPI021967-88_bin.49.faa_PONANBBP_00167	-	361	lst_final_auto	-	373	2.6e-33	112.7	7.1	1	1	2.4e-36	4.2e-33	112.0	7.1	47	332	3	341	1	360	0.73	hypothetical	protein
PROKKA_ERR688574_31873_SZAXPI021690-169_bin.37.faa_DNOIEBBB_00269	-	356	lst_final_auto	-	373	8.3e-33	112.8	1.3	1	1	1.8e-36	1e-32	112.5	1.3	50	318	3	328	1	355	0.72	hypothetical	protein
PROKKA_ERR688579_31878_SZAXPI021664-24_bin.47.faa_CADGJBPE_00232	-	322	lst_final_auto	-	373	2.6e-15	53.7	0.0	1	1	2.2e-18	4.4e-15	52.9	0.0	46	331	2	313	1	321	0.70	hypothetical	protein
PROKKA_ERR688650_531766_SZAXPI021716-17_bin.24.faa_KMHKPNMH_00941	-	324	lst_final_auto	-	373	2e-15	54.0	0.0	1	1	1.6e-18	3.3e-15	53.3	0.0	46	331	2	314	1	323	0.71	hypothetical	protein
PROKKA_ERR688510_31112_SZAXPI022084-20_bin.38.faa_IOFAEDCM_01612	-	128	lst_final_auto	-	373	0.0048	13.5	0.0	1	1	2.3e-06	0.0052	13.4	0.0	8	101	10	108	3	127	0.64	hypothetical	protein
PROKKA_ERR688559_31700_SZAXPI021963-47_bin.28.faa_AHACEBEI_01936	-	314	lst_final_auto	-	373	3.6e-12	43.3	0.0	1	1	2.3e-15	4.4e-12	43.0	0.0	51	331	3	303	1	313	0.72	hypothetical	protein
PROKKA_ERR710426_532749_RSZAXPI000649-16_bin.34.faa_GNJFMLNP_02359	-	387	lst_final_auto	-	373	1.4e-11	43.7	19.4	1	1	2.4e-15	2.4e-11	42.9	19.4	46	337	2	332	1	367	0.64	hypothetical	protein
PROKKA_ERR688569_31866_SZAXPI021631-20_bin.56.faa_HPHGLJDB_00471	-	138	lst_final_auto	-	373	1.8e-15	53.4	2.2	1	1	1.6e-18	2e-15	53.3	2.2	218	329	5	113	1	133	0.83	hypothetical	protein
PROKKA_ERR710425_532305_RSZAXPI000655-22_bin.19.faa_HHAKDAGE_01518	-	128	lst_final_auto	-	373	0.0071	13.3	0.0	1	1	2.6e-06	0.0076	13.2	0.0	8	101	10	108	3	127	0.64	hypothetical	protein
PROKKA_ERR688628_530697_SZAXPI021724-36_bin.29.faa_ONIMLMGA_00470	-	128	lst_final_auto	-	373	0.0015	13.5	0.0	1	1	2.3e-06	0.0016	13.4	0.0	8	101	10	108	3	127	0.64	hypothetical	protein
PROKKA_ERR688587_530002_SZAXPI021723-33_bin.22.faa_JHPPGOGE_00314	-	314	lst_final_auto	-	373	3.7e-12	42.8	0.0	1	1	3.4e-15	4.8e-12	42.4	0.0	51	331	3	303	1	313	0.71	hypothetical	protein
PROKKA_ERR688529_31328_SZAXPI022059-169_bin.63.faa_AONOLKEJ_00724	-	128	lst_final_auto	-	373	0.0053	13.5	0.0	1	1	2.3e-06	0.0057	13.4	0.0	8	101	10	108	3	127	0.64	hypothetical	protein
PROKKA_ERR688569_31866_SZAXPI021631-20_bin.35.faa_CDMGPFHE_01971	-	324	lst_final_auto	-	373	1.3e-15	54.8	0.0	1	1	1.9e-18	2.1e-15	54.1	0.0	46	331	2	314	1	323	0.72	hypothetical	protein
PROKKA_ERR688569_31866_SZAXPI021631-20_bin.35.faa_CDMGPFHE_01271	-	224	lst_final_auto	-	373	0.017	11.6	0.0	1	1	1.7e-05	0.019	11.5	0.0	36	78	42	96	12	153	0.76	Immunity	protein	SdpI
PROKKA_ERR710424_531663_RSZAXPI000657-24_bin.26.faa_NKPAKKBP_01164	-	128	lst_final_auto	-	373	0.0056	13.5	0.0	1	1	2.3e-06	0.006	13.4	0.0	8	101	10	108	3	127	0.64	hypothetical	protein
PROKKA_ERR688567_31884_SZAXPI021655-129_bin.63.faa_LFKBJNJJ_00857	-	314	lst_final_auto	-	373	3.8e-12	43.3	0.0	1	1	2.3e-15	4.6e-12	43.0	0.0	51	331	3	303	1	313	0.72	hypothetical	protein
PROKKA_ERR688549_31501_SZAXPI021927-47_bin.24.faa_HOFANKNC_01638	-	104	lst_final_auto	-	373	5.4e-08	29.4	0.0	1	1	3e-11	5.4e-08	29.4	0.0	252	337	3	93	1	104	0.72	hypothetical	protein
PROKKA_ERR688564_31749_SZAXPI022057-158_bin.47.faa_GDEBPMHL_01689	-	361	lst_final_auto	-	373	1.7e-30	103.7	3.9	1	1	1.8e-33	1.9e-30	103.5	3.9	45	308	1	324	1	358	0.74	hypothetical	protein
PROKKA_ERR688564_31749_SZAXPI022057-158_bin.47.faa_GDEBPMHL_01107	-	219	lst_final_auto	-	373	6.6e-14	49.1	0.3	1	1	7e-17	7.3e-14	48.9	0.3	158	314	1	185	1	217	0.75	hypothetical	protein
PROKKA_ERR688568_31865_SZAXPI021667-39_bin.13.faa_PAGGHFOE_00759	-	338	lst_final_auto	-	373	5.7e-30	101.7	0.0	1	1	3.9e-33	7e-30	101.5	0.0	50	325	2	320	1	332	0.74	hypothetical	protein
PROKKA_ERR688636_531155_SZAXPI021635-32_bin.13.faa_PNNJBKLB_00166	-	322	lst_final_auto	-	373	7.6e-15	52.0	0.0	1	1	7.6e-18	1.4e-14	51.1	0.0	46	331	2	313	1	321	0.70	hypothetical	protein
PROKKA_ERR688626_530600_SZAXPI022079-94_bin.66.faa_MHEJHMOK_00672	-	128	lst_final_auto	-	373	0.0068	13.5	0.0	1	1	2.3e-06	0.0073	13.4	0.0	8	101	10	108	3	127	0.64	hypothetical	protein
PROKKA_ERR688548_31493_SZAXPI021643-87_bin.16.faa_MBMNMKMG_01263	-	314	lst_final_auto	-	373	1.4e-12	44.1	0.0	1	1	1.2e-15	1.7e-12	43.8	0.0	51	331	3	303	1	313	0.71	hypothetical	protein
PROKKA_ERR688605_530215_SZAXPI022070-39_bin.14.faa_BHKFEIGL_00267	-	297	lst_final_auto	-	373	3.2e-20	69.7	8.0	1	1	2.1e-23	3.9e-20	69.4	8.0	113	331	39	274	2	293	0.68	hypothetical	protein
PROKKA_ERR688633_530867_SZAXPI021935-95_bin.42.faa_FJOLDILK_01089	-	371	lst_final_auto	-	373	7.2e-12	42.4	2.3	1	1	4.7e-15	1e-11	41.9	2.3	48	344	5	348	1	367	0.59	hypothetical	protein
PROKKA_ERR688547_31489_SZAXPI021694-136_bin.23.faa_PLEAOJED_01321	-	373	lst_final_auto	-	373	2e-09	33.9	6.9	1	1	1.6e-12	2.5e-09	33.6	6.9	99	342	58	349	21	370	0.65	hypothetical	protein
PROKKA_ERR688507_31021_SZAXPI022043-90_bin.13.faa_JOEHHAEJ_00916	-	314	lst_final_auto	-	373	2.5e-12	43.2	0.0	1	1	2.5e-15	3.1e-12	42.8	0.0	51	331	3	303	1	313	0.72	hypothetical	protein
PROKKA_ERR688521_31237_SZAXPI021649-102_bin.39.faa_INABGPPL_01069	-	314	lst_final_auto	-	373	5.8e-12	42.5	0.0	1	1	4.1e-15	7.5e-12	42.1	0.0	51	331	3	303	1	313	0.72	hypothetical	protein
PROKKA_ERR688618_530373_SZAXPI021634-27_bin.7.faa_KPOBLOOC_00009	-	314	lst_final_auto	-	373	3.9e-12	43.1	0.0	1	1	2.7e-15	4.9e-12	42.8	0.0	51	331	3	303	1	313	0.70	hypothetical	protein
PROKKA_ERR688525_31276_SZAXPI021668-89_bin.2.faa_MLFLIGHK_00061	-	314	lst_final_auto	-	373	3e-12	43.3	0.0	1	1	2.3e-15	3.7e-12	43.0	0.0	51	331	3	303	1	313	0.72	hypothetical	protein
PROKKA_ERR688570_31868_SZAXPI021666-33_bin.6.faa_ANJEJMGE_00751	-	314	lst_final_auto	-	373	3.4e-12	43.3	0.0	1	1	2.3e-15	4.2e-12	43.0	0.0	51	331	3	303	1	313	0.72	hypothetical	protein
PROKKA_ERR688595_530075_SZAXPI022052-129_bin.32.faa_FCMBCNGK_01830	-	322	lst_final_auto	-	373	2.7e-14	51.1	0.0	1	1	2.9e-17	4.9e-14	50.2	0.0	46	331	2	313	1	321	0.69	hypothetical	protein
PROKKA_ERR688595_530075_SZAXPI022052-129_bin.32.faa_FCMBCNGK_01814	-	324	lst_final_auto	-	373	1.4e-13	48.7	0.0	1	1	2.1e-16	3.6e-13	47.4	0.0	46	322	2	308	1	321	0.67	hypothetical	protein
PROKKA_ERR688589_530041_SZAXPI021954-25_bin.7.faa_MNMAMOAK_00904	-	256	lst_final_auto	-	373	9.2e-10	34.9	0.0	1	1	1.2e-12	1.8e-09	34.0	0.0	125	331	23	247	5	255	0.71	hypothetical	protein
PROKKA_ERR688596_530119_SZAXPI022056-142_bin.45.faa_PECAIIMM_02571	-	128	lst_final_auto	-	373	0.0057	13.5	0.0	1	1	2.3e-06	0.0061	13.4	0.0	8	101	10	108	3	127	0.64	hypothetical	protein
PROKKA_ERR688608_530258_SZAXPI022074-87_bin.33.faa_FONPJFLG_00007	-	322	lst_final_auto	-	373	6e-15	52.3	0.0	1	1	5e-18	9.1e-15	51.7	0.0	46	331	2	313	1	321	0.72	hypothetical	protein
PROKKA_ERR688578_31877_SZAXPI021633-26_bin.61.faa_JBOBOMBN_00569	-	128	lst_final_auto	-	373	0.0025	13.5	0.0	1	1	2.3e-06	0.0027	13.4	0.0	8	101	10	108	3	127	0.64	hypothetical	protein
PROKKA_ERR688602_530172_SZAXPI021944-142_bin.17.faa_KDDAJCFG_00941	-	322	lst_final_auto	-	373	2e-15	53.8	0.0	1	1	2.1e-18	3.5e-15	53.0	0.0	46	331	2	313	1	321	0.70	hypothetical	protein
PROKKA_ERR688540_31431_SZAXPI021946-166_bin.35.faa_FBHENFJJ_00437	-	219	lst_final_auto	-	373	7.8e-15	49.9	0.3	1	1	2e-17	8.6e-15	49.8	0.3	158	314	1	185	1	217	0.76	hypothetical	protein
PROKKA_ERR688533_31360_SZAXPI022068-36_bin.30.faa_IFDJCNFB_01006	-	324	lst_final_auto	-	373	2.3e-13	46.8	0.0	1	1	2.8e-16	4.1e-13	46.0	0.0	46	331	2	315	1	322	0.70	hypothetical	protein
PROKKA_ERR688627_530623_SZAXPI021951-21_bin.14.faa_MLLFDPPB_00753	-	361	lst_final_auto	-	373	1e-28	98.3	4.9	1	1	4.2e-32	1.2e-28	98.1	4.9	45	314	1	327	1	358	0.73	hypothetical	protein
PROKKA_ERR688603_530177_SZAXPI021962-45_bin.36.faa_APNIDGPF_02028	-	128	lst_final_auto	-	373	0.0042	13.5	0.0	1	1	2.3e-06	0.0045	13.4	0.0	8	101	10	108	3	127	0.64	hypothetical	protein
PROKKA_ERR688508_31030_SZAXPI021937-109_bin.19.faa_DIKGPENI_02402	-	128	lst_final_auto	-	373	0.014	13.5	0.0	1	1	2.3e-06	0.015	13.4	0.0	8	101	10	108	3	127	0.64	hypothetical	protein
PROKKA_ERR688524_31275_SZAXPI021941-129_bin.37.faa_PHAKNBOK_00219	-	324	lst_final_auto	-	373	8.2e-21	71.4	9.4	1	1	1.2e-23	9.4e-21	71.2	9.4	52	329	5	299	1	320	0.67	hypothetical	protein
PROKKA_ERR688524_31275_SZAXPI021941-129_bin.37.faa_PHAKNBOK_00486	-	221	lst_final_auto	-	373	0.013	11.5	0.6	1	1	2.4e-05	0.019	11.0	0.6	6	68	4	76	1	99	0.81	hypothetical	protein
PROKKA_ERR688576_31875_SZAXPI021654-123_bin.48.faa_HCBGMGBF_01577	-	361	lst_final_auto	-	373	1.4e-28	97.9	5.3	1	1	5.6e-32	1.6e-28	97.7	5.3	45	311	1	327	1	358	0.74	hypothetical	protein
PROKKA_ERR688536_31398_SZAXPI021670-25_bin.62.faa_PBELOPGI_01733	-	314	lst_final_auto	-	373	3.2e-12	43.5	0.0	1	1	1.9e-15	3.9e-12	43.2	0.0	51	331	3	303	1	313	0.71	hypothetical	protein
PROKKA_ERR688539_31428_SZAXPI021957-33_bin.46.faa_MMJIKDAG_00252	-	361	lst_final_auto	-	373	1e-33	112.7	7.1	1	1	2.4e-36	1.7e-33	112.0	7.1	47	332	3	341	1	360	0.73	hypothetical	protein
PROKKA_ERR688507_31021_SZAXPI022043-90_bin.26.faa_IMBPJNPI_01457	-	361	lst_final_auto	-	373	9e-29	98.3	4.9	1	1	4.2e-32	1.1e-28	98.1	4.9	45	314	1	327	1	358	0.73	hypothetical	protein
PROKKA_ERR688526_31282_SZAXPI021938-111_bin.19.faa_APAJOMMO_02082	-	128	lst_final_auto	-	373	0.0069	13.5	0.0	1	1	2.3e-06	0.0075	13.4	0.0	8	101	10	108	3	127	0.64	hypothetical	protein
PROKKA_ERR688573_31872_SZAXPI021644-88_bin.2.faa_DNFJNCNK_00432	-	322	lst_final_auto	-	373	3.6e-15	53.1	0.0	1	1	3.5e-18	6.6e-15	52.3	0.0	46	331	2	313	1	321	0.70	hypothetical	protein
PROKKA_ERR710429_532802_RSZAXPI000652-19_bin.30.faa_FIIJNGJB_05856	-	128	lst_final_auto	-	373	0.021	13.5	0.0	1	1	2.3e-06	0.022	13.4	0.0	8	101	10	108	3	127	0.64	hypothetical	protein
PROKKA_ERR688536_31398_SZAXPI021670-25_bin.16.faa_ILMFKJNB_01446	-	366	lst_final_auto	-	373	1.1e-14	51.9	13.6	1	1	7.1e-18	1.7e-14	51.2	13.6	49	331	1	324	1	349	0.61	hypothetical	protein
PROKKA_ERR688506_31009_SZAXPI022053-133_bin.52.faa_DBGNLAFG_00603	-	314	lst_final_auto	-	373	3.6e-12	43.3	0.0	1	1	2.3e-15	4.4e-12	43.0	0.0	51	331	3	303	1	313	0.72	hypothetical	protein
PROKKA_ERR688524_31275_SZAXPI021941-129_bin.5.faa_LNMJPNMK_00382	-	324	lst_final_auto	-	373	3.3e-14	50.1	0.0	1	1	3.2e-17	6.7e-14	49.1	0.0	46	322	2	308	1	322	0.67	hypothetical	protein
PROKKA_ERR688558_31685_SZAXPI021691-140_bin.20.faa_JEKLFOGN_00527	-	69	lst_final_auto	-	373	0.011	11.0	0.5	1	1	1.2e-05	0.011	11.0	0.5	20	64	18	64	2	68	0.84	hypothetical	protein
PROKKA_ERR688613_530323_SZAXPI021952-23_bin.74.faa_MCFOHAEG_01336	-	323	lst_final_auto	-	373	3.4e-15	53.2	0.0	1	1	5.8e-18	5.7e-15	52.5	0.0	46	331	2	314	1	322	0.72	hypothetical	protein
PROKKA_ERR688613_530323_SZAXPI021952-23_bin.74.faa_MCFOHAEG_01559	-	224	lst_final_auto	-	373	0.015	11.6	0.0	1	1	1.7e-05	0.016	11.5	0.0	36	78	42	96	12	153	0.77	Immunity	protein	SdpI
PROKKA_ERR688643_531361_SZAXPI021636-36_bin.19.faa_HNHJDPKD_00757	-	361	lst_final_auto	-	373	3.2e-33	112.7	7.1	1	1	2.4e-36	5.3e-33	112.0	7.1	47	332	3	341	1	360	0.73	hypothetical	protein
PROKKA_ERR688528_31300_SZAXPI022049-109_bin.53.faa_JDPFKCBB_01849	-	128	lst_final_auto	-	373	0.005	13.5	0.0	1	1	2.3e-06	0.0054	13.4	0.0	8	101	10	108	3	127	0.64	hypothetical	protein
PROKKA_ERR688623_530450_SZAXPI021950-20_bin.22.faa_HHBDBFGJ_00900	-	128	lst_final_auto	-	373	0.0041	13.5	0.0	1	1	2.3e-06	0.0044	13.4	0.0	8	101	10	108	3	127	0.64	hypothetical	protein
PROKKA_ERR688519_31233_SZAXPI021947-169_bin.24.faa_NDPAENML_00792	-	314	lst_final_auto	-	373	2.8e-12	43.5	0.0	1	1	1.9e-15	3.4e-12	43.2	0.0	51	331	3	303	1	313	0.71	hypothetical	protein
PROKKA_ERR688602_530172_SZAXPI021944-142_bin.47.faa_ENDPCCEB_00734	-	314	lst_final_auto	-	373	2.5e-12	43.3	0.0	1	1	2.3e-15	3.1e-12	43.0	0.0	51	331	3	303	1	313	0.72	hypothetical	protein
PROKKA_ERR688518_31232_SZAXPI022077-90_bin.1.faa_CJAOLGBE_01083	-	128	lst_final_auto	-	373	0.0085	12.6	0.0	1	1	4.1e-06	0.0092	12.5	0.0	8	81	10	81	3	126	0.63	hypothetical	protein
PROKKA_ERR710431_532832_RSZAXPI000654-21_bin.9.faa_ONMOLCAL_00175	-	128	lst_final_auto	-	373	0.0054	13.5	0.0	1	1	2.3e-06	0.0058	13.4	0.0	8	101	10	108	3	127	0.64	hypothetical	protein
PROKKA_ERR688625_530558_SZAXPI021931-89_bin.59.faa_KKGKKIOG_01572	-	128	lst_final_auto	-	373	0.0059	13.5	0.0	1	1	2.3e-06	0.0064	13.4	0.0	8	101	10	108	3	127	0.64	hypothetical	protein
PROKKA_ERR688556_31600_SZAXPI022086-32_bin.59.faa_GJPOHBHJ_00450	-	322	lst_final_auto	-	373	2.2e-15	51.7	0.0	1	1	9.1e-18	4e-15	50.9	0.0	46	331	2	313	1	321	0.70	hypothetical	protein
PROKKA_ERR688627_530623_SZAXPI021951-21_bin.37.faa_EMDLIHOE_01277	-	138	lst_final_auto	-	373	2e-15	53.7	1.9	1	1	1.3e-18	2.1e-15	53.7	1.9	218	329	5	113	1	134	0.82	hypothetical	protein
PROKKA_ERR688595_530075_SZAXPI022052-129_bin.42.faa_ALPJPBAK_00709	-	339	lst_final_auto	-	373	8.7e-24	82.1	6.3	1	1	3.8e-27	1.1e-23	81.7	6.3	48	340	15	328	4	338	0.71	hypothetical	protein
PROKKA_ERR710430_532826_RSZAXPI000653-20_bin.1.faa_DOLBJMMK_01044	-	324	lst_final_auto	-	373	1.6e-15	54.0	0.0	1	1	3.3e-18	2.7e-15	53.3	0.0	46	331	2	314	1	323	0.71	hypothetical	protein
PROKKA_ERR710430_532826_RSZAXPI000653-20_bin.1.faa_DOLBJMMK_00470	-	224	lst_final_auto	-	373	0.013	11.6	0.0	1	1	1.7e-05	0.014	11.5	0.0	36	78	42	96	12	152	0.76	Immunity	protein	SdpI
PROKKA_ERR688545_31455_SZAXPI021725-37_bin.3.faa_EBMAGCAH_01830	-	373	lst_final_auto	-	373	2.7e-09	33.9	6.9	1	1	1.6e-12	3.5e-09	33.6	6.9	99	342	58	349	21	370	0.65	hypothetical	protein
PROKKA_ERR688508_31030_SZAXPI021937-109_bin.33.faa_MOPHBJNA_00480	-	314	lst_final_auto	-	373	3.7e-25	85.5	2.6	1	1	3.4e-28	4.5e-25	85.2	2.6	45	322	2	298	1	307	0.71	hypothetical	protein
PROKKA_ERR688550_31512_SZAXPI022066-32_bin.37.faa_HGFFKFOP_00582	-	314	lst_final_auto	-	373	2.9e-12	43.5	0.0	1	1	1.9e-15	3.5e-12	43.2	0.0	51	331	3	303	1	313	0.71	hypothetical	protein
PROKKA_ERR688612_530315_SZAXPI021959-37_bin.24.faa_PJDBFHCB_01907	-	324	lst_final_auto	-	373	3.4e-14	50.0	0.0	1	1	3.1e-17	6e-14	49.1	0.0	46	331	2	315	1	322	0.71	hypothetical	protein
PROKKA_ERR688636_531155_SZAXPI021635-32_bin.62.faa_BBJIOPJC_00196	-	361	lst_final_auto	-	373	2e-33	112.3	6.8	1	1	3.3e-36	3.3e-33	111.5	6.8	47	332	3	341	1	360	0.73	hypothetical	protein
PROKKA_ERR688580_31879_SZAXPI021647-94_bin.44.faa_PDOAPJPO_01913	-	324	lst_final_auto	-	373	2e-14	51.0	0.0	1	1	1.8e-17	4.1e-14	49.9	0.0	46	322	2	308	1	321	0.67	hypothetical	protein
PROKKA_ERR688604_530185_SZAXPI021722-32_bin.74.faa_EBNNDEMC_00423	-	339	lst_final_auto	-	373	1e-23	82.1	6.3	1	1	3.8e-27	1.3e-23	81.7	6.3	48	340	15	328	4	338	0.71	hypothetical	protein
PROKKA_ERR688625_530558_SZAXPI021931-89_bin.10.faa_DPOEEEGD_00702	-	127	lst_final_auto	-	373	0.00037	17.7	0.2	1	1	1.5e-07	0.00053	17.2	0.2	244	297	65	119	60	125	0.92	hypothetical	protein
PROKKA_ERR688637_531248_SZAXPI021692-142_bin.2.faa_EEFFELLG_00825	-	361	lst_final_auto	-	373	1.9e-30	103.3	2.8	1	1	1.3e-33	2.2e-30	103.0	2.8	45	314	1	327	1	359	0.74	hypothetical	protein
PROKKA_ERR688545_31455_SZAXPI021725-37_bin.14.faa_ICAGHDCK_00230	-	128	lst_final_auto	-	373	0.0055	13.5	0.0	1	1	2.3e-06	0.0059	13.4	0.0	8	101	10	108	3	127	0.64	hypothetical	protein
PROKKA_ERR688634_530890_SZAXPI021648-95_bin.40.faa_KCEJCFIP_00343	-	314	lst_final_auto	-	373	6.1e-12	42.5	0.0	1	1	4e-15	7.8e-12	42.2	0.0	51	331	3	303	1	313	0.71	hypothetical	protein
PROKKA_ERR710427_532779_RSZAXPI000650-17_bin.50.faa_LJOFHPDO_00592	-	128	lst_final_auto	-	373	0.0069	13.5	0.0	1	1	2.3e-06	0.0074	13.4	0.0	8	101	10	108	3	127	0.64	hypothetical	protein
PROKKA_ERR688633_530867_SZAXPI021935-95_bin.87.faa_BDLJGNFC_00741	-	361	lst_final_auto	-	373	1.8e-31	107.0	3.8	1	1	9.3e-35	2.2e-31	106.8	3.8	45	314	1	327	1	359	0.74	hypothetical	protein
PROKKA_ERR688614_530331_SZAXPI022431-84_bin.21.faa_MAILJBEN_02128	-	361	lst_final_auto	-	373	3.7e-33	112.7	7.1	1	1	2.4e-36	6.1e-33	112.0	7.1	47	332	3	341	1	360	0.73	hypothetical	protein
PROKKA_ERR688569_31866_SZAXPI021631-20_bin.11.faa_COEOGJCC_00050	-	322	lst_final_auto	-	373	7.8e-15	51.9	0.0	1	1	7.9e-18	1.4e-14	51.1	0.0	46	331	2	313	1	321	0.70	hypothetical	protein
PROKKA_ERR688585_530026_SZAXPI021930-88_bin.72.faa_EIALFNKI_01370	-	314	lst_final_auto	-	373	4.9e-12	42.9	0.0	1	1	3.1e-15	6.2e-12	42.5	0.0	51	331	3	303	1	313	0.72	hypothetical	protein
PROKKA_ERR688516_31219_SZAXPI021965-84_bin.28.faa_HDOFOEGB_01245	-	361	lst_final_auto	-	373	3.6e-33	112.5	7.1	1	1	2.8e-36	5.9e-33	111.8	7.1	47	332	3	341	1	360	0.73	hypothetical	protein
PROKKA_ERR688644_531382_SZAXPI021646-93_bin.14.faa_ABFNLDJF_01630	-	334	lst_final_auto	-	373	2e-12	44.1	0.0	1	1	1.6e-15	3e-12	43.5	0.0	50	331	3	323	1	332	0.72	hypothetical	protein
PROKKA_ERR710425_532305_RSZAXPI000655-22_bin.21.faa_DHMOJALK_00439	-	361	lst_final_auto	-	373	1.8e-30	103.7	3.9	1	1	9.2e-34	2.1e-30	103.5	3.9	45	308	1	324	1	358	0.74	hypothetical	protein
PROKKA_ERR688536_31398_SZAXPI021670-25_bin.59.faa_DGDBAKPA_00143	-	333	lst_final_auto	-	373	0.0036	12.4	2.3	1	1	6e-06	0.0049	12.0	2.3	6	225	63	306	58	332	0.60	hypothetical	protein
PROKKA_ERR688629_530705_SZAXPI021936-102_bin.43.faa_NJLMHLAN_02919	-	361	lst_final_auto	-	373	1.2e-28	98.1	5.4	1	1	4.8e-32	1.4e-28	97.9	5.4	45	314	1	327	1	358	0.73	hypothetical	protein
PROKKA_ERR688573_31872_SZAXPI021644-88_bin.9.faa_KOKGOKMC_01092	-	324	lst_final_auto	-	373	6.6e-16	55.5	0.0	1	1	1.1e-18	1.1e-15	54.9	0.0	46	331	2	314	1	323	0.72	hypothetical	protein
PROKKA_ERR688573_31872_SZAXPI021644-88_bin.9.faa_KOKGOKMC_00683	-	224	lst_final_auto	-	373	0.025	10.8	0.0	1	1	2.8e-05	0.026	10.8	0.0	36	78	42	91	12	149	0.79	Immunity	protein	SdpI
PROKKA_ERR688650_531766_SZAXPI021716-17_bin.35.faa_LGGKADOF_00283	-	361	lst_final_auto	-	373	4.3e-29	99.3	4.9	1	1	2.1e-32	5.1e-29	99.1	4.9	45	314	1	327	1	358	0.74	hypothetical	protein
PROKKA_ERR688573_31872_SZAXPI021644-88_bin.20.faa_BJINODGK_00114	-	128	lst_final_auto	-	373	0.0045	13.5	0.0	1	1	2.3e-06	0.0049	13.4	0.0	8	101	10	108	3	127	0.64	hypothetical	protein
PROKKA_ERR688575_31874_SZAXPI021632-21_bin.39.faa_JKKNHJPP_00722	-	361	lst_final_auto	-	373	3.3e-33	112.7	7.1	1	1	2.4e-36	5.4e-33	112.0	7.1	47	332	3	341	1	360	0.73	hypothetical	protein
PROKKA_ERR688522_31256_SZAXPI021671-62_bin.49.faa_AKGEECHA_00643	-	314	lst_final_auto	-	373	6.4e-12	42.5	0.0	1	1	4.1e-15	8.2e-12	42.1	0.0	51	331	3	303	1	313	0.72	hypothetical	protein
PROKKA_ERR688561_31711_SZAXPI022063-23_bin.16.faa_MBGLMFHF_00645	-	333	lst_final_auto	-	373	0.006	12.3	2.1	1	1	6.7e-06	0.0081	11.8	2.1	6	225	63	306	58	332	0.59	hypothetical	protein
PROKKA_ERR688630_530743_SZAXPI021933-93_bin.23.faa_DFOJABEJ_00802	-	314	lst_final_auto	-	373	3.8e-12	43.3	0.0	1	1	2.3e-15	4.7e-12	43.0	0.0	51	331	3	303	1	313	0.72	hypothetical	protein
PROKKA_ERR688593_530055_SZAXPI022078-93_bin.50.faa_IKBJLHKL_01245	-	128	lst_final_auto	-	373	0.0038	13.5	0.0	1	1	2.3e-06	0.004	13.4	0.0	8	101	10	108	3	127	0.64	hypothetical	protein
PROKKA_ERR688566_31766_SZAXPI021955-26_bin.25.faa_PPGCDHFG_00595	-	314	lst_final_auto	-	373	2.4e-12	43.9	0.0	1	1	1.4e-15	2.9e-12	43.6	0.0	51	331	3	303	1	313	0.72	hypothetical	protein
PROKKA_ERR688582_31881_SZAXPI021630-17_bin.2.faa_CNCHKEBF_01390	-	322	lst_final_auto	-	373	1.4e-14	51.2	0.0	1	1	1.3e-17	2.6e-14	50.4	0.0	46	331	2	313	1	321	0.69	hypothetical	protein
PROKKA_ERR688538_31424_SZAXPI021925-43_bin.1.faa_PMCFDADF_01022	-	322	lst_final_auto	-	373	9.8e-16	54.8	0.0	1	1	9.9e-19	1.7e-15	54.0	0.0	46	331	2	313	1	321	0.71	hypothetical	protein
PROKKA_ERR688622_530444_SZAXPI022087-89_bin.42.faa_PAKHJOAF_01144	-	322	lst_final_auto	-	373	9.9e-15	51.6	0.0	1	1	9.4e-18	1.8e-14	50.8	0.0	46	331	2	313	1	321	0.70	hypothetical	protein
PROKKA_ERR688533_31360_SZAXPI022068-36_bin.43.faa_EFJFILGL_01448	-	128	lst_final_auto	-	373	0.0047	13.5	0.0	1	1	2.3e-06	0.0051	13.4	0.0	8	101	10	108	3	127	0.64	hypothetical	protein
PROKKA_ERR688577_31876_SZAXPI021641-62_bin.6.faa_GGBPLJHN_00104	-	339	lst_final_auto	-	373	2.9e-24	82.1	6.3	1	1	3.8e-27	3.7e-24	81.7	6.3	48	340	15	328	4	338	0.71	hypothetical	protein
PROKKA_ERR688526_31282_SZAXPI021938-111_bin.56.faa_JEHCJAJH_00134	-	361	lst_final_auto	-	373	3.4e-33	112.6	7.3	1	1	2.5e-36	5.6e-33	111.9	7.3	47	332	3	341	1	360	0.73	hypothetical	protein
PROKKA_ERR688617_530368_SZAXPI022048-108_bin.12.faa_PCFHIMNC_00771	-	128	lst_final_auto	-	373	0.0018	13.5	0.0	1	1	2.3e-06	0.0019	13.4	0.0	8	101	10	108	3	127	0.64	hypothetical	protein
PROKKA_ERR688536_31398_SZAXPI021670-25_bin.1.faa_JLPJAJLB_00060	-	361	lst_final_auto	-	373	3.2e-29	98.2	5.5	1	1	4.4e-32	3.8e-29	98.0	5.5	45	311	1	327	1	358	0.74	hypothetical	protein
PROKKA_ERR688568_31865_SZAXPI021667-39_bin.3.faa_OJIFLHCP_01138	-	322	lst_final_auto	-	373	5.5e-15	52.0	0.0	1	1	7.6e-18	1e-14	51.1	0.0	46	331	2	313	1	321	0.70	hypothetical	protein
PROKKA_ERR688625_530558_SZAXPI021931-89_bin.20.faa_IOJKACFL_01679	-	361	lst_final_auto	-	373	3.5e-30	103.0	4.1	1	1	1.6e-33	4.1e-30	102.7	4.1	45	308	1	324	1	358	0.74	hypothetical	protein
PROKKA_ERR688622_530444_SZAXPI022087-89_bin.19.faa_OKAEKJMG_00799	-	314	lst_final_auto	-	373	4.9e-12	42.8	0.0	1	1	3.4e-15	6.3e-12	42.4	0.0	51	331	3	303	1	313	0.71	hypothetical	protein
PROKKA_ERR688534_31367_SZAXPI021640-47_bin.14.faa_PHGGKLHF_01346	-	314	lst_final_auto	-	373	3e-12	43.5	0.0	1	1	1.9e-15	3.7e-12	43.2	0.0	51	331	3	303	1	313	0.71	hypothetical	protein
PROKKA_ERR688529_31328_SZAXPI022059-169_bin.19.faa_FHJEOIEF_00645	-	322	lst_final_auto	-	373	3.7e-15	51.6	0.0	1	1	1.1e-17	7.4e-15	50.6	0.0	46	331	2	313	1	321	0.67	hypothetical	protein
PROKKA_ERR688512_31137_SZAXPI021945-158_bin.20.faa_DCLDJJBP_05663	-	356	lst_final_auto	-	373	7.2e-33	113.0	1.5	1	1	1.4e-36	8.9e-33	112.7	1.5	50	318	3	328	1	355	0.72	hypothetical	protein
PROKKA_ERR688592_530054_SZAXPI021932-90_bin.77.faa_LPCBPMCG_01549	-	314	lst_final_auto	-	373	3.2e-12	43.5	0.0	1	1	1.9e-15	3.9e-12	43.2	0.0	51	331	3	303	1	313	0.71	hypothetical	protein
PROKKA_ERR688577_31876_SZAXPI021641-62_bin.1.faa_IAFCHMPJ_02442	-	128	lst_final_auto	-	373	0.0054	13.5	0.0	1	1	2.3e-06	0.0058	13.4	0.0	8	101	10	108	3	127	0.64	hypothetical	protein
PROKKA_ERR688640_531281_SZAXPI021665-25_bin.26.faa_LJBBOIJN_00463	-	366	lst_final_auto	-	373	3.5e-15	52.1	14.0	1	1	6.2e-18	5.4e-15	51.4	14.0	49	331	1	324	1	349	0.60	hypothetical	protein
PROKKA_ERR688528_31300_SZAXPI022049-109_bin.64.faa_BIIAPCKM_00790	-	361	lst_final_auto	-	373	3.2e-33	112.7	7.1	1	1	2.4e-36	5.3e-33	112.0	7.1	47	332	3	341	1	360	0.73	hypothetical	protein
PROKKA_ERR688622_530444_SZAXPI022087-89_bin.37.faa_IIJDDCLA_00287	-	323	lst_final_auto	-	373	2.5e-16	55.1	0.0	1	1	1.4e-18	3.8e-16	54.6	0.0	46	331	2	314	1	322	0.72	hypothetical	protein
PROKKA_ERR688622_530444_SZAXPI022087-89_bin.37.faa_IIJDDCLA_00343	-	224	lst_final_auto	-	373	0.0043	11.6	0.0	1	1	1.7e-05	0.0046	11.5	0.0	36	78	42	96	12	153	0.76	Immunity	protein	SdpI
PROKKA_ERR688649_531469_SZAXPI021639-45_bin.66.faa_JJLPMMGF_01542	-	128	lst_final_auto	-	373	0.0037	13.5	0.0	1	1	2.3e-06	0.004	13.4	0.0	8	101	10	108	3	127	0.64	hypothetical	protein
PROKKA_ERR688534_31367_SZAXPI021640-47_bin.35.faa_CEKOACBL_00879	-	322	lst_final_auto	-	373	6.9e-15	52.0	0.0	1	1	7.6e-18	1.2e-14	51.1	0.0	46	331	2	313	1	321	0.70	hypothetical	protein
PROKKA_ERR688572_31871_SZAXPI021652-111_bin.39.faa_PBEDPDBN_00818	-	314	lst_final_auto	-	373	5.4e-12	42.5	0.0	1	1	4.1e-15	7e-12	42.1	0.0	51	331	3	303	1	313	0.72	hypothetical	protein
PROKKA_ERR688516_31219_SZAXPI021965-84_bin.15.faa_MIEOCDMM_01605	-	322	lst_final_auto	-	373	9.3e-15	51.7	0.0	1	1	9e-18	1.6e-14	50.9	0.0	46	331	2	313	1	321	0.70	hypothetical	protein
PROKKA_ERR688563_31723_SZAXPI022051-113_bin.34.faa_CGEANBPN_00614	-	314	lst_final_auto	-	373	2.5e-12	42.6	0.0	1	1	3.9e-15	3.2e-12	42.2	0.0	51	331	3	303	1	313	0.72	hypothetical	protein
PROKKA_ERR688629_530705_SZAXPI021936-102_bin.21.faa_GIMADHBI_00478	-	361	lst_final_auto	-	373	1.3e-33	112.6	7.3	1	1	2.5e-36	2.2e-33	111.9	7.3	47	332	3	341	1	360	0.73	hypothetical	protein
PROKKA_ERR688578_31877_SZAXPI021633-26_bin.6.faa_KNKNDJLI_00920	-	314	lst_final_auto	-	373	1.6e-12	44.4	0.0	1	1	1.1e-15	1.9e-12	44.1	0.0	51	331	3	303	1	313	0.72	hypothetical	protein
PROKKA_ERR688585_530026_SZAXPI021930-88_bin.33.faa_LIHNADKA_01579	-	324	lst_final_auto	-	373	9.4e-21	71.4	9.4	1	1	1.2e-23	1.1e-20	71.2	9.4	52	329	5	299	1	320	0.67	hypothetical	protein
PROKKA_ERR688585_530026_SZAXPI021930-88_bin.33.faa_LIHNADKA_00651	-	221	lst_final_auto	-	373	0.02	11.1	0.7	1	1	3.4e-05	0.03	10.5	0.7	6	66	4	74	1	95	0.82	hypothetical	protein
PROKKA_ERR688629_530705_SZAXPI021936-102_bin.50.faa_FFGAEDPA_00878	-	324	lst_final_auto	-	373	0.0087	12.4	2.1	1	1	6.1e-06	0.012	12.0	2.1	6	225	54	297	49	323	0.59	hypothetical	protein
PROKKA_ERR688589_530041_SZAXPI021954-25_bin.14.faa_KBLHJBIC_00127	-	324	lst_final_auto	-	373	1.9e-20	70.4	10.1	1	1	2.5e-23	2.2e-20	70.2	10.1	52	331	5	301	1	320	0.67	hypothetical	protein
PROKKA_ERR688589_530041_SZAXPI021954-25_bin.14.faa_KBLHJBIC_01479	-	221	lst_final_auto	-	373	0.024	10.8	0.5	1	1	4e-05	0.035	10.3	0.5	6	66	4	74	1	98	0.80	hypothetical	protein
PROKKA_ERR688632_530840_SZAXPI021934-94_bin.46.faa_CLFAPNCE_01075	-	322	lst_final_auto	-	373	4.7e-15	52.4	0.0	1	1	5.8e-18	8.5e-15	51.5	0.0	46	331	2	313	1	321	0.70	hypothetical	protein
PROKKA_ERR688542_31449_SZAXPI021940-123_bin.22.faa_DEKICICF_01815	-	361	lst_final_auto	-	373	3.7e-33	112.7	7.1	1	1	2.4e-36	6.2e-33	112.0	7.1	47	332	3	341	1	360	0.73	hypothetical	protein
PROKKA_ERR688604_530185_SZAXPI021722-32_bin.38.faa_ILOFDIOB_01911	-	314	lst_final_auto	-	373	5.6e-12	42.7	0.0	1	1	3.4e-15	7e-12	42.4	0.0	51	331	3	303	1	313	0.68	hypothetical	protein
PROKKA_ERR688628_530697_SZAXPI021724-36_bin.58.faa_FPOMJDHM_00119	-	322	lst_final_auto	-	373	7.8e-15	51.9	0.0	1	1	7.9e-18	1.4e-14	51.1	0.0	46	331	2	313	1	321	0.70	hypothetical	protein
PROKKA_ERR688629_530705_SZAXPI021936-102_bin.65.faa_HGCAPOFB_01368	-	314	lst_final_auto	-	373	2.1e-12	43.5	0.0	1	1	1.9e-15	2.6e-12	43.2	0.0	51	331	3	303	1	313	0.71	hypothetical	protein
PROKKA_ERR688637_531248_SZAXPI021692-142_bin.25.faa_OHHIBODE_02624	-	128	lst_final_auto	-	373	0.0095	13.5	0.0	1	1	2.3e-06	0.01	13.4	0.0	8	101	10	108	3	127	0.64	hypothetical	protein
PROKKA_ERR688540_31431_SZAXPI021946-166_bin.19.faa_CHFNLFDG_01441	-	314	lst_final_auto	-	373	2.3e-12	43.9	0.0	1	1	1.4e-15	2.8e-12	43.6	0.0	51	331	3	303	1	313	0.72	hypothetical	protein
PROKKA_ERR688568_31865_SZAXPI021667-39_bin.23.faa_JFLIGLOI_01226	-	314	lst_final_auto	-	373	5.8e-12	42.5	0.0	1	1	4e-15	7.4e-12	42.2	0.0	51	331	3	303	1	313	0.71	hypothetical	protein
PROKKA_ERR688565_31750_SZAXPI022062-21_bin.11.faa_CEKAFHOB_01994	-	199	lst_final_auto	-	373	6.9e-17	60.7	0.2	1	1	1e-20	7.6e-17	60.6	0.2	216	344	59	192	10	198	0.83	hypothetical	protein
PROKKA_ERR710424_531663_RSZAXPI000657-24_bin.33.faa_CKMLKAML_00595	-	314	lst_final_auto	-	373	5.2e-13	44.7	0.0	1	1	8.3e-16	6.2e-13	44.4	0.0	51	331	3	303	1	313	0.73	hypothetical	protein
PROKKA_ERR688546_31477_SZAXPI022080-95_bin.27.faa_OEOCMPAD_00703	-	314	lst_final_auto	-	373	2.1e-12	43.5	0.0	1	1	1.9e-15	2.5e-12	43.2	0.0	51	331	3	303	1	313	0.71	hypothetical	protein
PROKKA_ERR688533_31360_SZAXPI022068-36_bin.41.faa_PBNLCCPP_01230	-	314	lst_final_auto	-	373	2.9e-12	43.5	0.0	1	1	1.9e-15	3.5e-12	43.2	0.0	51	331	3	303	1	313	0.71	hypothetical	protein
PROKKA_ERR688536_31398_SZAXPI021670-25_bin.32.faa_NCEDDKDP_00291	-	322	lst_final_auto	-	373	3.9e-15	53.0	0.0	1	1	3.9e-18	7.2e-15	52.1	0.0	46	331	2	313	1	321	0.70	hypothetical	protein
PROKKA_ERR688579_31878_SZAXPI021664-24_bin.31.faa_DNIEFHEP_00900	-	314	lst_final_auto	-	373	5.2e-12	42.9	0.0	1	1	3.2e-15	6.6e-12	42.5	0.0	51	331	3	303	1	313	0.70	hypothetical	protein
PROKKA_ERR710424_531663_RSZAXPI000657-24_bin.24.faa_CDPJDHJO_00181	-	324	lst_final_auto	-	373	9.8e-21	68.7	10.1	1	1	3.9e-23	1.1e-20	68.5	10.1	52	329	5	299	1	320	0.66	hypothetical	protein
PROKKA_ERR688512_31137_SZAXPI021945-158_bin.29.faa_IGKNJDLJ_02849	-	357	lst_final_auto	-	373	5.3e-32	109.7	0.3	1	1	1.5e-35	6.5e-32	109.4	0.3	50	332	3	336	1	356	0.72	hypothetical	protein
PROKKA_ERR688644_531382_SZAXPI021646-93_bin.17.faa_GDKFJODH_03704	-	309	lst_final_auto	-	373	5.6e-16	56.9	18.5	1	1	1.7e-19	7.2e-16	56.5	18.5	74	333	31	288	13	307	0.68	hypothetical	protein
PROKKA_ERR688614_530331_SZAXPI022431-84_bin.30.faa_INEPJBMJ_00631	-	314	lst_final_auto	-	373	2.9e-12	43.5	0.0	1	1	1.9e-15	3.6e-12	43.2	0.0	51	331	3	303	1	313	0.71	hypothetical	protein
PROKKA_ERR688546_31477_SZAXPI022080-95_bin.56.faa_KGLCGPCE_00996	-	354	lst_final_auto	-	373	1.4e-07	28.2	0.0	1	1	1.4e-10	2.7e-07	27.3	0.0	49	285	7	262	1	306	0.59	hypothetical	protein
PROKKA_ERR688544_31452_SZAXPI022050-111_bin.17.faa_KNMNDOMA_00873	-	361	lst_final_auto	-	373	2.6e-33	112.6	7.3	1	1	2.5e-36	4.3e-33	111.9	7.3	47	332	3	341	1	360	0.73	hypothetical	protein
PROKKA_ERR688583_31883_SZAXPI021717-20_bin.51.faa_EJNFMCMC_00787	-	323	lst_final_auto	-	373	1e-15	55.0	0.0	1	1	1.6e-18	1.6e-15	54.4	0.0	46	331	2	314	1	322	0.72	hypothetical	protein
PROKKA_ERR688583_31883_SZAXPI021717-20_bin.51.faa_EJNFMCMC_01068	-	224	lst_final_auto	-	373	0.016	11.6	0.0	1	1	1.7e-05	0.017	11.5	0.0	36	78	42	96	12	152	0.76	Immunity	protein	SdpI
PROKKA_ERR688639_531277_SZAXPI021651-109_bin.35.faa_COAPOAHE_01647	-	361	lst_final_auto	-	373	4.5e-33	112.4	6.7	1	1	3.1e-36	7.4e-33	111.7	6.7	47	332	3	341	1	360	0.73	hypothetical	protein
PROKKA_ERR688632_530840_SZAXPI021934-94_bin.17.faa_BDADMCKB_01550	-	314	lst_final_auto	-	373	1.3e-11	41.4	0.0	1	1	8.7e-15	1.7e-11	41.1	0.0	51	331	3	303	1	313	0.72	hypothetical	protein
PROKKA_ERR688564_31749_SZAXPI022057-158_bin.28.faa_PAANINHC_00411	-	324	lst_final_auto	-	373	5.2e-21	72.1	8.3	1	1	7.6e-24	6e-21	71.9	8.3	52	329	5	299	1	318	0.65	hypothetical	protein
PROKKA_ERR688564_31749_SZAXPI022057-158_bin.28.faa_PAANINHC_01555	-	221	lst_final_auto	-	373	0.021	10.8	0.5	1	1	4e-05	0.031	10.3	0.5	6	66	4	74	1	98	0.80	hypothetical	protein
PROKKA_ERR688610_530295_SZAXPI022047-102_bin.78.faa_EOCPLJIP_00388	-	324	lst_final_auto	-	373	1.2e-14	51.7	0.0	1	1	1.1e-17	2.5e-14	50.6	0.0	46	322	2	308	1	321	0.69	hypothetical	protein
PROKKA_ERR688511_31129_SZAXPI022081-26_bin.3.faa_DHAFGKHN_08099	-	324	lst_final_auto	-	373	0.072	12.4	2.1	1	1	6.1e-06	0.097	12.0	2.1	6	225	54	297	49	323	0.59	hypothetical	protein
PROKKA_ERR688553_31549_SZAXPI021663-23_bin.19.faa_PHMALGHD_00132	-	367	lst_final_auto	-	373	3.9e-33	112.3	0.0	1	1	2.3e-36	4.7e-33	112.1	0.0	49	316	3	332	1	357	0.77	hypothetical	protein
PROKKA_ERR710429_532802_RSZAXPI000652-19_bin.60.faa_FAEPAFLD_00197	-	324	lst_final_auto	-	373	6.3e-16	54.6	0.0	1	1	2.2e-18	1e-15	53.9	0.0	46	331	2	314	1	323	0.72	hypothetical	protein
PROKKA_ERR710429_532802_RSZAXPI000652-19_bin.60.faa_FAEPAFLD_00836	-	322	lst_final_auto	-	373	4e-15	52.0	0.0	1	1	1.5e-17	7.2e-15	51.1	0.0	46	331	2	313	1	321	0.70	hypothetical	protein
PROKKA_ERR688597_530142_SZAXPI021929-87_bin.33.faa_ALKCDOMP_01287	-	314	lst_final_auto	-	373	3e-12	43.5	0.0	1	1	1.9e-15	3.6e-12	43.2	0.0	51	331	3	303	1	313	0.71	hypothetical	protein
PROKKA_ERR688551_31519_SZAXPI022071-43_bin.6.faa_NOALJOEJ_01525	-	324	lst_final_auto	-	373	1.4e-15	54.5	0.0	1	1	1.2e-18	2.3e-15	53.8	0.0	46	331	2	314	1	323	0.72	hypothetical	protein
PROKKA_ERR688585_530026_SZAXPI021930-88_bin.37.faa_PGIDJEAK_03104	-	324	lst_final_auto	-	373	1.2e-13	48.8	0.0	1	1	1.6e-16	2.5e-13	47.7	0.0	46	322	2	308	1	321	0.69	hypothetical	protein
PROKKA_ERR688585_530026_SZAXPI021930-88_bin.37.faa_PGIDJEAK_01560	-	271	lst_final_auto	-	373	1.6e-09	35.2	0.0	1	1	2.1e-12	3.2e-09	34.2	0.0	123	331	36	262	14	270	0.70	hypothetical	protein
PROKKA_ERR688510_31112_SZAXPI022084-20_bin.31.faa_PDBDJNFO_00807	-	324	lst_final_auto	-	373	0.0054	12.4	2.1	1	1	6.1e-06	0.0073	12.0	2.1	6	225	54	297	49	323	0.59	hypothetical	protein
PROKKA_ERR688575_31874_SZAXPI021632-21_bin.7.faa_MBFNHEJI_00512	-	128	lst_final_auto	-	373	0.0058	13.5	0.0	1	1	2.3e-06	0.0063	13.4	0.0	8	101	10	108	3	127	0.64	hypothetical	protein
PROKKA_ERR688581_31880_SZAXPI021715-16_bin.34.faa_EOKFBHDL_00491	-	361	lst_final_auto	-	373	5.6e-33	112.3	6.8	1	1	3.3e-36	9.3e-33	111.5	6.8	47	332	3	341	1	360	0.73	hypothetical	protein
PROKKA_ERR688643_531361_SZAXPI021636-36_bin.16.faa_FKECECCK_01185	-	361	lst_final_auto	-	373	3.6e-30	103.0	3.9	1	1	1.5e-33	4.2e-30	102.8	3.9	45	308	1	324	1	358	0.74	hypothetical	protein
PROKKA_ERR688600_530167_SZAXPI021958-36_bin.17.faa_HANBDKMJ_00997	-	314	lst_final_auto	-	373	6.2e-12	42.6	0.0	1	1	3.9e-15	8e-12	42.2	0.0	51	331	3	303	1	313	0.72	hypothetical	protein
PROKKA_ERR688628_530697_SZAXPI021724-36_bin.60.faa_NCMJOEEF_00657	-	324	lst_final_auto	-	373	7.1e-16	55.5	0.0	1	1	1.1e-18	1.1e-15	54.9	0.0	46	331	2	314	1	323	0.72	hypothetical	protein
PROKKA_ERR688628_530697_SZAXPI021724-36_bin.60.faa_NCMJOEEF_01651	-	224	lst_final_auto	-	373	0.027	10.8	0.0	1	1	2.8e-05	0.028	10.8	0.0	36	78	42	91	12	149	0.79	Immunity	protein	SdpI
PROKKA_ERR688601_530168_SZAXPI021721-27_bin.40.faa_CJMOOJAH_00368	-	323	lst_final_auto	-	373	4.2e-16	54.3	0.0	1	1	1.3e-18	6.5e-16	53.6	0.0	46	331	2	314	1	322	0.72	hypothetical	protein
PROKKA_ERR688538_31424_SZAXPI021925-43_bin.49.faa_CIHGKGLP_00484	-	46	lst_final_auto	-	373	0.005	13.1	1.0	1	1	2.6e-06	0.0047	13.2	1.0	32	62	2	31	1	43	0.78	hypothetical	protein
PROKKA_ERR688649_531469_SZAXPI021639-45_bin.64.faa_DDPOODCI_00735	-	361	lst_final_auto	-	373	3.3e-33	112.7	7.1	1	1	2.4e-36	5.4e-33	112.0	7.1	47	332	3	341	1	360	0.73	hypothetical	protein
PROKKA_ERR710427_532779_RSZAXPI000650-17_bin.2.faa_MLPOAAHB_05790	-	374	lst_final_auto	-	373	3.7e-11	42.9	14.7	1	1	3.2e-15	4.8e-11	42.5	14.7	49	350	1	355	1	374	0.56	hypothetical	protein
PROKKA_ERR688518_31232_SZAXPI022077-90_bin.37.faa_NLBLDDEK_01786	-	361	lst_final_auto	-	373	3.1e-33	112.6	7.3	1	1	2.5e-36	5.1e-33	111.9	7.3	47	332	3	341	1	360	0.73	hypothetical	protein
PROKKA_ERR688527_31285_SZAXPI021656-133_bin.77.faa_ICJMLEEF_02110	-	369	lst_final_auto	-	373	6.8e-09	32.7	0.0	1	1	7.1e-12	1.5e-08	31.5	0.0	51	319	5	297	1	335	0.65	hypothetical	protein
PROKKA_ERR688553_31549_SZAXPI021663-23_bin.72.faa_NICMPDOF_00887	-	315	lst_final_auto	-	373	3.4e-12	43.0	0.0	1	1	2.9e-15	4.4e-12	42.7	0.0	51	331	4	304	1	314	0.72	hypothetical	protein
PROKKA_ERR688622_530444_SZAXPI022087-89_bin.24.faa_OELFECMK_01187	-	324	lst_final_auto	-	373	1.4e-12	44.6	0.0	1	1	1.5e-15	2.7e-12	43.6	0.0	46	331	2	315	1	322	0.67	hypothetical	protein
PROKKA_ERR688621_530403_SZAXPI022083-102_bin.67.faa_DMJCCLKC_00262	-	322	lst_final_auto	-	373	1.1e-15	54.8	0.0	1	1	9.9e-19	1.8e-15	54.0	0.0	46	331	2	313	1	321	0.71	hypothetical	protein
PROKKA_ERR688619_530394_SZAXPI022046-95_bin.66.faa_BGIFLJHP_02867	-	128	lst_final_auto	-	373	0.0062	13.5	0.0	1	1	2.3e-06	0.0067	13.4	0.0	8	101	10	108	3	127	0.64	hypothetical	protein
PROKKA_ERR688535_31379_SZAXPI022061-17_bin.44.faa_KFACNNGH_01374	-	361	lst_final_auto	-	373	2.4e-33	112.7	7.1	1	1	2.4e-36	4e-33	112.0	7.1	47	332	3	341	1	360	0.73	hypothetical	protein
PROKKA_ERR688637_531248_SZAXPI021692-142_bin.23.faa_JNAMDNFN_01375	-	322	lst_final_auto	-	373	6.9e-15	52.0	0.0	1	1	7.6e-18	1.3e-14	51.1	0.0	46	331	2	313	1	321	0.70	hypothetical	protein
PROKKA_ERR688646_531414_SZAXPI022072-47_bin.10.faa_ENFHCBKI_00966	-	361	lst_final_auto	-	373	7.2e-29	98.3	4.9	1	1	4.2e-32	8.5e-29	98.1	4.9	45	314	1	327	1	358	0.73	hypothetical	protein
PROKKA_ERR688573_31872_SZAXPI021644-88_bin.13.faa_AAPNPNCK_00562	-	324	lst_final_auto	-	373	1.1e-14	51.7	0.0	1	1	1.1e-17	2.3e-14	50.6	0.0	46	322	2	308	1	321	0.69	hypothetical	protein
PROKKA_ERR688514_31160_SZAXPI021961-43_bin.50.faa_EMHCEDDF_00057	-	314	lst_final_auto	-	373	5.2e-12	42.7	0.0	1	1	3.5e-15	6.7e-12	42.4	0.0	51	331	3	303	1	313	0.69	hypothetical	protein
PROKKA_ERR688564_31749_SZAXPI022057-158_bin.38.faa_IOBDNFMO_01132	-	322	lst_final_auto	-	373	7.9e-15	52.0	0.0	1	1	7.6e-18	1.4e-14	51.1	0.0	46	331	2	313	1	321	0.70	hypothetical	protein
PROKKA_ERR688634_530890_SZAXPI021648-95_bin.52.faa_NMGEPAIJ_02074	-	361	lst_final_auto	-	373	8.2e-29	98.3	4.9	1	1	4.2e-32	9.7e-29	98.1	4.9	45	314	1	327	1	358	0.73	hypothetical	protein
PROKKA_ERR688630_530743_SZAXPI021933-93_bin.9.faa_FAJMONCF_02143	-	361	lst_final_auto	-	373	1e-28	98.3	4.9	1	1	4.2e-32	1.2e-28	98.1	4.9	45	314	1	327	1	358	0.73	hypothetical	protein
PROKKA_ERR688650_531766_SZAXPI021716-17_bin.49.faa_OJEPENJF_02280	-	309	lst_final_auto	-	373	3.8e-16	56.9	18.5	1	1	1.7e-19	4.9e-16	56.5	18.5	74	333	31	288	13	307	0.68	hypothetical	protein
PROKKA_ERR688648_531424_SZAXPI021673-123_bin.13.faa_DDDECHPL_00291	-	333	lst_final_auto	-	373	0.012	12.5	1.8	1	1	5.5e-06	0.017	12.1	1.8	6	225	63	306	58	332	0.59	hypothetical	protein
PROKKA_ERR688612_530315_SZAXPI021959-37_bin.21.faa_AOOEJJGE_01507	-	314	lst_final_auto	-	373	6.5e-12	42.5	0.0	1	1	4.1e-15	8.4e-12	42.1	0.0	51	331	3	303	1	313	0.72	hypothetical	protein
PROKKA_ERR688596_530119_SZAXPI022056-142_bin.16.faa_BFFGMONL_00295	-	322	lst_final_auto	-	373	8.9e-15	51.9	0.0	1	1	8.2e-18	1.6e-14	51.0	0.0	46	331	2	313	1	321	0.69	hypothetical	protein
PROKKA_ERR688533_31360_SZAXPI022068-36_bin.78.faa_MIHKNDOF_01709	-	322	lst_final_auto	-	373	5.1e-15	52.6	0.0	1	1	4.8e-18	9e-15	51.8	0.0	46	331	2	313	1	321	0.70	hypothetical	protein
PROKKA_ERR688505_31004_SZAXPI021650-108_bin.46.faa_GONGJFCE_00747	-	361	lst_final_auto	-	373	3.6e-33	112.6	7.3	1	1	2.5e-36	6e-33	111.9	7.3	47	332	3	341	1	360	0.73	hypothetical	protein
PROKKA_ERR688604_530185_SZAXPI021722-32_bin.64.faa_MDJKGCPN_00164	-	262	lst_final_auto	-	373	1.5e-13	47.6	9.2	1	1	1.1e-16	1.8e-13	47.4	9.2	52	284	5	251	1	260	0.62	hypothetical	protein
PROKKA_ERR688626_530600_SZAXPI022079-94_bin.78.faa_HEMBAECD_01746	-	323	lst_final_auto	-	373	2e-14	51.0	0.0	1	1	3.2e-17	3.8e-14	50.0	0.0	46	331	2	314	1	322	0.69	hypothetical	protein
PROKKA_ERR688626_530600_SZAXPI022079-94_bin.78.faa_HEMBAECD_02151	-	224	lst_final_auto	-	373	0.018	11.6	0.0	1	1	1.6e-05	0.019	11.5	0.0	36	78	42	96	12	153	0.77	Immunity	protein	SdpI
PROKKA_ERR688514_31160_SZAXPI021961-43_bin.32.faa_PHKBIAKJ_01303	-	324	lst_final_auto	-	373	1.9e-12	44.1	0.0	1	1	2.2e-15	4e-12	43.0	0.0	46	331	2	315	1	322	0.70	hypothetical	protein
PROKKA_ERR688507_31021_SZAXPI022043-90_bin.49.faa_JBJFIHCD_00569	-	322	lst_final_auto	-	373	1.2e-14	51.2	0.0	1	1	1.3e-17	2.1e-14	50.4	0.0	46	331	2	313	1	321	0.70	hypothetical	protein
PROKKA_ERR688633_530867_SZAXPI021935-95_bin.69.faa_BMNLIIPE_00717	-	128	lst_final_auto	-	373	0.0019	13.5	0.0	1	1	2.3e-06	0.002	13.4	0.0	8	101	10	108	3	127	0.64	hypothetical	protein
PROKKA_ERR688506_31009_SZAXPI022053-133_bin.57.faa_KPGNGDME_00238	-	324	lst_final_auto	-	373	1.9e-20	70.2	10.5	1	1	3e-23	2.3e-20	69.9	10.5	52	331	5	301	1	320	0.66	hypothetical	protein
PROKKA_ERR688506_31009_SZAXPI022053-133_bin.57.faa_KPGNGDME_01129	-	221	lst_final_auto	-	373	0.017	11.1	0.7	1	1	3.4e-05	0.026	10.5	0.7	6	66	4	74	1	95	0.82	hypothetical	protein
PROKKA_ERR688551_31519_SZAXPI022071-43_bin.3.faa_LKFKMPHC_00716	-	322	lst_final_auto	-	373	6.3e-16	55.5	0.0	1	1	6.2e-19	1.1e-15	54.7	0.0	46	331	2	313	1	321	0.71	hypothetical	protein
PROKKA_ERR688620_530398_SZAXPI021948-16_bin.38.faa_LBFAOPED_00083	-	324	lst_final_auto	-	373	3.2e-14	50.0	0.0	1	1	3.4e-17	6.6e-14	49.0	0.0	46	322	2	308	1	321	0.67	hypothetical	protein
PROKKA_ERR688611_530297_SZAXPI021928-84_bin.27.faa_OACAGIAN_00604	-	322	lst_final_auto	-	373	3.3e-15	53.1	0.0	1	1	3.5e-18	6.1e-15	52.2	0.0	46	331	2	313	1	321	0.70	hypothetical	protein
PROKKA_ERR688589_530041_SZAXPI021954-25_bin.52.faa_GJAIGHMJ_01014	-	307	lst_final_auto	-	373	2.1e-23	79.6	3.3	1	1	2e-26	2.5e-23	79.4	3.3	87	314	15	273	6	304	0.75	hypothetical	protein
PROKKA_ERR688637_531248_SZAXPI021692-142_bin.28.faa_HCBOFJOP_01047	-	157	lst_final_auto	-	373	4.7e-06	24.1	6.6	1	1	1.4e-09	5.2e-06	23.9	6.6	46	175	5	137	1	156	0.61	hypothetical	protein
PROKKA_ERR688509_31071_SZAXPI022073-62_bin.59.faa_AFPFPNBP_01067	-	322	lst_final_auto	-	373	9.8e-15	51.6	0.0	1	1	9.4e-18	1.7e-14	50.8	0.0	46	331	2	313	1	321	0.70	hypothetical	protein
PROKKA_ERR688511_31129_SZAXPI022081-26_bin.22.faa_CKANKFDO_01949	-	322	lst_final_auto	-	373	9.3e-15	51.9	0.0	1	1	7.9e-18	1.7e-14	51.1	0.0	46	331	2	313	1	321	0.70	hypothetical	protein
PROKKA_ERR688581_31880_SZAXPI021715-16_bin.61.faa_NLLCBGPG_01648	-	314	lst_final_auto	-	373	3e-12	43.5	0.0	1	1	1.9e-15	3.7e-12	43.2	0.0	51	331	3	303	1	313	0.71	hypothetical	protein
PROKKA_ERR688626_530600_SZAXPI022079-94_bin.75.faa_MIGGLIBP_01337	-	314	lst_final_auto	-	373	5.2e-12	42.8	0.0	1	1	3.4e-15	6.6e-12	42.4	0.0	51	331	3	303	1	313	0.71	hypothetical	protein
PROKKA_ERR688590_530050_SZAXPI021960-39_bin.74.faa_LLOGILAO_00882	-	128	lst_final_auto	-	373	0.0026	13.5	0.0	1	1	2.3e-06	0.0028	13.4	0.0	8	101	10	108	3	127	0.64	hypothetical	protein
PROKKA_ERR688540_31431_SZAXPI021946-166_bin.42.faa_IMNNHIHD_00222	-	322	lst_final_auto	-	373	7.1e-15	52.0	0.0	1	1	7.6e-18	1.3e-14	51.1	0.0	46	331	2	313	1	321	0.70	hypothetical	protein
PROKKA_ERR688597_530142_SZAXPI021929-87_bin.8.faa_MKLPDMDC_01637	-	323	lst_final_auto	-	373	1.4e-15	54.4	0.0	1	1	1.2e-18	2.3e-15	53.7	0.0	46	331	2	314	1	322	0.72	hypothetical	protein
PROKKA_ERR688644_531382_SZAXPI021646-93_bin.20.faa_CGFIEJOM_00974	-	324	lst_final_auto	-	373	9.4e-20	67.8	9.0	1	1	7.9e-23	1.1e-19	67.5	9.0	52	329	5	299	1	318	0.61	hypothetical	protein
PROKKA_ERR688520_31236_SZAXPI022067-33_bin.57.faa_FONNEMPP_00141	-	314	lst_final_auto	-	373	3.5e-12	43.3	0.0	1	1	2.3e-15	4.3e-12	43.0	0.0	51	331	3	303	1	313	0.72	hypothetical	protein
PROKKA_ERR688545_31455_SZAXPI021725-37_bin.42.faa_LBADGPNF_00786	-	314	lst_final_auto	-	373	1.3e-11	41.4	0.0	1	1	8.7e-15	1.7e-11	41.1	0.0	51	331	3	303	1	313	0.72	hypothetical	protein
PROKKA_ERR688605_530215_SZAXPI022070-39_bin.16.faa_CALGEFBI_01049	-	314	lst_final_auto	-	373	3.2e-12	43.6	0.0	1	1	1.8e-15	3.9e-12	43.3	0.0	51	331	3	303	1	313	0.71	hypothetical	protein
PROKKA_ERR710429_532802_RSZAXPI000652-19_bin.42.faa_BLNGDAOJ_00415	-	361	lst_final_auto	-	373	1.8e-33	113.6	7.4	1	1	1.3e-36	3e-33	112.9	7.4	47	332	3	341	1	360	0.73	hypothetical	protein
PROKKA_ERR688526_31282_SZAXPI021938-111_bin.58.faa_GENCNPLG_01680	-	314	lst_final_auto	-	373	2.1e-12	44.0	0.0	1	1	1.3e-15	2.6e-12	43.7	0.0	51	331	3	303	1	313	0.71	hypothetical	protein
PROKKA_ERR688600_530167_SZAXPI021958-36_bin.29.faa_GPDIMJAI_00175	-	128	lst_final_auto	-	373	0.0037	13.5	0.0	1	1	2.3e-06	0.0039	13.4	0.0	8	101	10	108	3	127	0.64	hypothetical	protein
PROKKA_ERR688529_31328_SZAXPI022059-169_bin.51.faa_HOGMBJEM_00393	-	314	lst_final_auto	-	373	3.1e-12	43.5	0.0	1	1	1.9e-15	3.8e-12	43.2	0.0	51	331	3	303	1	313	0.71	hypothetical	protein
PROKKA_ERR688633_530867_SZAXPI021935-95_bin.40.faa_EKGHGFLH_00837	-	361	lst_final_auto	-	373	1.3e-33	112.7	7.1	1	1	2.4e-36	2.1e-33	112.0	7.1	47	332	3	341	1	360	0.73	hypothetical	protein
PROKKA_ERR688596_530119_SZAXPI022056-142_bin.25.faa_HOEDGICG_00279	-	314	lst_final_auto	-	373	3.6e-12	43.3	0.0	1	1	2.3e-15	4.4e-12	43.0	0.0	51	331	3	303	1	313	0.72	hypothetical	protein
PROKKA_ERR710428_532796_RSZAXPI000651-18_bin.54.faa_ODOBOJAM_00270	-	324	lst_final_auto	-	373	8.7e-16	54.0	0.0	1	1	1.6e-18	1.4e-15	53.3	0.0	46	331	2	314	1	323	0.71	hypothetical	protein
PROKKA_ERR688586_530028_SZAXPI021939-113_bin.38.faa_NIOIALKN_00660	-	322	lst_final_auto	-	373	4.9e-15	52.0	0.0	1	1	7.6e-18	8.9e-15	51.1	0.0	46	331	2	313	1	321	0.70	hypothetical	protein
PROKKA_ERR688597_530142_SZAXPI021929-87_bin.34.faa_JPGPLGFP_00744	-	322	lst_final_auto	-	373	5.7e-15	52.0	0.0	1	1	7.6e-18	1e-14	51.1	0.0	46	331	2	313	1	321	0.70	hypothetical	protein
PROKKA_ERR688530_31333_SZAXPI022075-88_bin.46.faa_KMDFPOJF_01376	-	314	lst_final_auto	-	373	3.3e-12	43.3	0.0	1	1	2.3e-15	4.1e-12	43.0	0.0	51	331	3	303	1	313	0.72	hypothetical	protein
PROKKA_ERR688591_530052_SZAXPI022065-27_bin.25.faa_CGHJGCED_00469	-	324	lst_final_auto	-	373	0.0085	12.4	2.1	1	1	6.1e-06	0.011	12.0	2.1	6	225	54	297	49	323	0.59	hypothetical	protein
PROKKA_ERR688540_31431_SZAXPI021946-166_bin.40.faa_KGDBLFPC_00300	-	324	lst_final_auto	-	373	1e-20	70.4	10.1	1	1	1.3e-23	1.2e-20	70.2	10.1	52	331	5	301	1	320	0.67	hypothetical	protein
PROKKA_ERR710429_532802_RSZAXPI000652-19_bin.11.faa_OHDIOKHK_00119	-	314	lst_final_auto	-	373	9.4e-13	42.5	0.0	1	1	4.1e-15	1.2e-12	42.1	0.0	51	331	3	303	1	313	0.72	hypothetical	protein
PROKKA_ERR688608_530258_SZAXPI022074-87_bin.9.faa_CLPNEOJB_01798	-	323	lst_final_auto	-	373	1.3e-15	54.5	0.0	1	1	1.1e-18	2.1e-15	53.9	0.0	46	331	2	314	1	322	0.71	hypothetical	protein
PROKKA_ERR688589_530041_SZAXPI021954-25_bin.9.faa_BPBDIMDE_00919	-	314	lst_final_auto	-	373	3.8e-12	43.3	0.0	1	1	2.3e-15	4.6e-12	43.0	0.0	51	331	3	303	1	313	0.72	hypothetical	protein
PROKKA_ERR688556_31600_SZAXPI022086-32_bin.23.faa_HHLMELPO_00116	-	324	lst_final_auto	-	373	1e-15	54.7	0.0	1	1	2.1e-18	1.6e-15	54.0	0.0	46	331	2	314	1	323	0.72	hypothetical	protein
PROKKA_ERR688556_31600_SZAXPI022086-32_bin.23.faa_HHLMELPO_00065	-	224	lst_final_auto	-	373	0.013	11.6	0.0	1	1	1.7e-05	0.013	11.5	0.0	36	78	42	96	12	152	0.77	Immunity	protein	SdpI
PROKKA_ERR688610_530295_SZAXPI022047-102_bin.80.faa_GOELPGLM_00299	-	314	lst_final_auto	-	373	3.7e-12	42.8	0.0	1	1	3.3e-15	4.6e-12	42.4	0.0	51	331	3	303	1	313	0.72	hypothetical	protein
PROKKA_ERR688590_530050_SZAXPI021960-39_bin.44.faa_NNEMBACE_01031	-	314	lst_final_auto	-	373	6.3e-12	42.5	0.0	1	1	4.1e-15	8.1e-12	42.1	0.0	51	331	3	303	1	313	0.72	hypothetical	protein
PROKKA_ERR688567_31884_SZAXPI021655-129_bin.20.faa_ALIAODCA_00199	-	322	lst_final_auto	-	373	3.7e-16	53.7	0.0	1	1	2.2e-18	6.4e-16	52.9	0.0	46	331	2	313	1	321	0.70	hypothetical	protein
PROKKA_ERR688547_31489_SZAXPI021694-136_bin.35.faa_GJMCOFGD_00060	-	314	lst_final_auto	-	373	5.2e-12	42.8	0.0	1	1	3.4e-15	6.6e-12	42.4	0.0	51	331	3	303	1	313	0.71	hypothetical	protein
PROKKA_ERR688517_31223_SZAXPI021638-43_bin.71.faa_JMDMEHFE_00676	-	324	lst_final_auto	-	373	3.2e-13	46.8	0.0	1	1	2.8e-16	5.6e-13	46.0	0.0	46	331	2	315	1	322	0.70	hypothetical	protein
PROKKA_ERR688525_31276_SZAXPI021668-89_bin.75.faa_LANGCADM_01039	-	324	lst_final_auto	-	373	1.3e-20	70.4	9.4	1	1	2.5e-23	1.5e-20	70.2	9.4	52	330	5	300	1	320	0.65	hypothetical	protein
PROKKA_ERR688525_31276_SZAXPI021668-89_bin.75.faa_LANGCADM_00336	-	221	lst_final_auto	-	373	0.01	11.5	0.6	1	1	2.4e-05	0.015	11.0	0.6	6	68	4	76	1	99	0.81	hypothetical	protein
PROKKA_ERR688628_530697_SZAXPI021724-36_bin.39.faa_EFMLOCDC_10622	-	46	lst_final_auto	-	373	0.034	13.1	1.0	1	1	2.6e-06	0.032	13.2	1.0	32	62	2	31	1	43	0.78	hypothetical	protein
PROKKA_ERR688587_530002_SZAXPI021723-33_bin.69.faa_MKMMNELO_00222	-	324	lst_final_auto	-	373	4.8e-16	55.4	0.0	1	1	6.4e-19	7.7e-16	54.7	0.0	46	331	2	314	1	323	0.72	hypothetical	protein
PROKKA_ERR710430_532826_RSZAXPI000653-20_bin.18.faa_HPHEEMCG_00623	-	324	lst_final_auto	-	373	0.016	12.4	2.1	1	1	6.1e-06	0.022	12.0	2.1	6	225	54	297	49	323	0.59	hypothetical	protein
PROKKA_ERR688560_31705_SZAXPI021926-45_bin.34.faa_IHPACKLC_01483	-	367	lst_final_auto	-	373	1.6e-13	47.5	13.2	1	1	1.4e-16	2.4e-13	46.9	13.2	50	320	3	311	1	358	0.64	hypothetical	protein
PROKKA_ERR688547_31489_SZAXPI021694-136_bin.18.faa_LIJIBKCI_00592	-	324	lst_final_auto	-	373	2.4e-20	70.0	9.5	1	1	3.2e-23	2.7e-20	69.8	9.5	53	330	6	300	1	322	0.60	hypothetical	protein
PROKKA_ERR688547_31489_SZAXPI021694-136_bin.18.faa_LIJIBKCI_01429	-	221	lst_final_auto	-	373	0.023	10.8	0.5	1	1	4e-05	0.034	10.3	0.5	6	66	4	74	1	98	0.80	hypothetical	protein
PROKKA_ERR688516_31219_SZAXPI021965-84_bin.11.faa_BOKPAJJD_00499	-	314	lst_final_auto	-	373	3e-12	43.5	0.0	1	1	1.9e-15	3.7e-12	43.2	0.0	51	331	3	303	1	313	0.71	hypothetical	protein
PROKKA_ERR710430_532826_RSZAXPI000653-20_bin.29.faa_MKEOBMEK_02128	-	128	lst_final_auto	-	373	0.0054	13.5	0.0	1	1	2.3e-06	0.0058	13.4	0.0	8	101	10	108	3	127	0.64	hypothetical	protein
PROKKA_ERR688526_31282_SZAXPI021938-111_bin.48.faa_OOEFKDML_01686	-	324	lst_final_auto	-	373	3e-14	50.1	0.0	1	1	3.2e-17	6.2e-14	49.1	0.0	46	322	2	308	1	322	0.67	hypothetical	protein
PROKKA_ERR688507_31021_SZAXPI022043-90_bin.25.faa_FHLPABHM_00358	-	361	lst_final_auto	-	373	3.9e-33	112.6	7.3	1	1	2.5e-36	6.4e-33	111.9	7.3	47	332	3	341	1	360	0.73	hypothetical	protein
PROKKA_ERR688568_31865_SZAXPI021667-39_bin.42.faa_KJNEEMBF_00782	-	128	lst_final_auto	-	373	0.0044	13.5	0.0	1	1	2.3e-06	0.0047	13.4	0.0	8	101	10	108	3	127	0.64	hypothetical	protein
PROKKA_ERR688623_530450_SZAXPI021950-20_bin.8.faa_NAJGIGHF_00100	-	369	lst_final_auto	-	373	9.5e-09	31.5	0.0	1	1	1.7e-11	2.3e-08	30.2	0.0	51	319	5	297	1	335	0.64	hypothetical	protein
PROKKA_ERR688535_31379_SZAXPI022061-17_bin.48.faa_JDMBIIFC_01390	-	314	lst_final_auto	-	373	3.6e-12	43.0	0.0	1	1	2.7e-15	4.5e-12	42.7	0.0	51	331	3	303	1	313	0.70	hypothetical	protein
PROKKA_ERR688579_31878_SZAXPI021664-24_bin.73.faa_ODJGCBFH_00185	-	128	lst_final_auto	-	373	0.0051	13.5	0.0	1	1	2.3e-06	0.0055	13.4	0.0	8	101	10	108	3	127	0.64	hypothetical	protein
PROKKA_ERR710428_532796_RSZAXPI000651-18_bin.24.faa_BJNMAICE_01098	-	314	lst_final_auto	-	373	2.4e-12	43.5	0.0	1	1	1.9e-15	3e-12	43.2	0.0	51	331	3	303	1	313	0.71	hypothetical	protein
PROKKA_ERR710430_532826_RSZAXPI000653-20_bin.10.faa_EJOFPLBK_02070	-	337	lst_final_auto	-	373	7.3e-27	91.9	13.5	1	1	3.8e-30	8.9e-27	91.6	13.5	78	354	50	327	3	336	0.72	hypothetical	protein
PROKKA_ERR688571_31870_SZAXPI021693-158_bin.14.faa_ICBFGGFC_00493	-	324	lst_final_auto	-	373	0.0045	12.4	2.1	1	1	6.1e-06	0.0061	12.0	2.1	6	225	54	297	49	323	0.59	hypothetical	protein
PROKKA_ERR688627_530623_SZAXPI021951-21_bin.16.faa_HGJNAEHC_00033	-	173	lst_final_auto	-	373	3e-14	48.5	0.5	1	1	5.7e-17	3.7e-14	48.2	0.5	203	333	20	155	3	172	0.72	hypothetical	protein
PROKKA_ERR688570_31868_SZAXPI021666-33_bin.34.faa_BHONPCDN_00779	-	361	lst_final_auto	-	373	3.2e-30	103.0	3.9	1	1	1.5e-33	3.7e-30	102.8	3.9	45	308	1	324	1	358	0.74	hypothetical	protein
PROKKA_ERR688634_530890_SZAXPI021648-95_bin.22.faa_ODCHAGCL_00102	-	128	lst_final_auto	-	373	0.0056	13.5	0.0	1	1	2.3e-06	0.006	13.4	0.0	8	101	10	108	3	127	0.64	hypothetical	protein
PROKKA_ERR688530_31333_SZAXPI022075-88_bin.1.faa_LDONOPFG_00779	-	322	lst_final_auto	-	373	8.7e-16	54.8	0.0	1	1	9.9e-19	1.5e-15	54.0	0.0	46	331	2	313	1	321	0.71	hypothetical	protein
