PROKKA_ERR688636_531155_SZAXPI021635-32_bin.43.faa_LODFEIOG_00820	1125066e906c39bddb7b5d63132a7a4d	368	Pfam	PF07388	Alpha-2,8-polysialyltransferase (POLYST)	3	300	0.003	T	12-02-2026	IPR010866	Alpha-2,8-polysialyltransferase	-	-
PROKKA_ERR688518_31232_SZAXPI022077-90_bin.15.faa_DMMCKCEB_00299	1125066e906c39bddb7b5d63132a7a4d	368	Pfam	PF07388	Alpha-2,8-polysialyltransferase (POLYST)	3	300	0.003	T	12-02-2026	IPR010866	Alpha-2,8-polysialyltransferase	-	-
PROKKA_ERR688610_530295_SZAXPI022047-102_bin.62.faa_HEBMEJML_02326	1125066e906c39bddb7b5d63132a7a4d	368	Pfam	PF07388	Alpha-2,8-polysialyltransferase (POLYST)	3	300	0.003	T	12-02-2026	IPR010866	Alpha-2,8-polysialyltransferase	-	-
PROKKA_ERR688574_31873_SZAXPI021690-169_bin.41.faa_HBNIKFDM_00400	1125066e906c39bddb7b5d63132a7a4d	368	Pfam	PF07388	Alpha-2,8-polysialyltransferase (POLYST)	3	300	0.003	T	12-02-2026	IPR010866	Alpha-2,8-polysialyltransferase	-	-
PROKKA_ERR688614_530331_SZAXPI022431-84_bin.14.faa_BOJOAAIF_04386	1125066e906c39bddb7b5d63132a7a4d	368	Pfam	PF07388	Alpha-2,8-polysialyltransferase (POLYST)	3	300	0.003	T	12-02-2026	IPR010866	Alpha-2,8-polysialyltransferase	-	-
PROKKA_ERR688535_31379_SZAXPI022061-17_bin.29.faa_MJACCNHC_00805	1125066e906c39bddb7b5d63132a7a4d	368	Pfam	PF07388	Alpha-2,8-polysialyltransferase (POLYST)	3	300	0.003	T	12-02-2026	IPR010866	Alpha-2,8-polysialyltransferase	-	-
PROKKA_ERR688536_31398_SZAXPI021670-25_bin.60.faa_FNBFKLOE_01785	1125066e906c39bddb7b5d63132a7a4d	368	Pfam	PF07388	Alpha-2,8-polysialyltransferase (POLYST)	3	300	0.003	T	12-02-2026	IPR010866	Alpha-2,8-polysialyltransferase	-	-
PROKKA_ERR688642_531352_SZAXPI021718-21_bin.61.faa_BDFIMOPA_02467	ab9a69aea5b2d81f7f935a0603b38504	373	Pfam	PF07388	Alpha-2,8-polysialyltransferase (POLYST)	16	319	2.0E-8	T	12-02-2026	IPR010866	Alpha-2,8-polysialyltransferase	-	-
PROKKA_ERR688571_31870_SZAXPI021693-158_bin.43.faa_DIIMJDNM_00340	c9526934b218982602284768af3310ce	369	Pfam	PF07388	Alpha-2,8-polysialyltransferase (POLYST)	26	324	7.0E-10	T	12-02-2026	IPR010866	Alpha-2,8-polysialyltransferase	-	-
PROKKA_ERR688637_531248_SZAXPI021692-142_bin.2.faa_EEFFELLG_00825	2927a3b9d540e46bd4b79282fd9b90f5	361	Pfam	PF07922	Glycosyltransferase family 52	115	326	5.1E-8	T	12-02-2026	IPR012477	Glycosyltransferase family 52	-	-
PROKKA_ERR688639_531277_SZAXPI021651-109_bin.34.faa_KPBEIJMK_00963	179a2d59a32cf2a78076301e6d828bc9	359	Pfam	PF07388	Alpha-2,8-polysialyltransferase (POLYST)	4	260	0.11	T	12-02-2026	IPR010866	Alpha-2,8-polysialyltransferase	-	-
PROKKA_ERR688585_530026_SZAXPI021930-88_bin.49.faa_MJEFDGEK_00201	179a2d59a32cf2a78076301e6d828bc9	359	Pfam	PF07388	Alpha-2,8-polysialyltransferase (POLYST)	4	260	0.11	T	12-02-2026	IPR010866	Alpha-2,8-polysialyltransferase	-	-
PROKKA_ERR688525_31276_SZAXPI021668-89_bin.26.faa_LCJGHJDC_00681	179a2d59a32cf2a78076301e6d828bc9	359	Pfam	PF07388	Alpha-2,8-polysialyltransferase (POLYST)	4	260	0.11	T	12-02-2026	IPR010866	Alpha-2,8-polysialyltransferase	-	-
PROKKA_ERR688536_31398_SZAXPI021670-25_bin.39.faa_GEMGOPBF_01175	179a2d59a32cf2a78076301e6d828bc9	359	Pfam	PF07388	Alpha-2,8-polysialyltransferase (POLYST)	4	260	0.11	T	12-02-2026	IPR010866	Alpha-2,8-polysialyltransferase	-	-
PROKKA_ERR688545_31455_SZAXPI021725-37_bin.4.faa_FCABFFFJ_02983	179a2d59a32cf2a78076301e6d828bc9	359	Pfam	PF07388	Alpha-2,8-polysialyltransferase (POLYST)	4	260	0.11	T	12-02-2026	IPR010866	Alpha-2,8-polysialyltransferase	-	-
PROKKA_ERR688506_31009_SZAXPI022053-133_bin.96.faa_FKIGMDBI_01607	45f30d596ac86d173b6b9779d9791e91	408	Pfam	PF07388	Alpha-2,8-polysialyltransferase (POLYST)	93	323	6.9E-11	T	12-02-2026	IPR010866	Alpha-2,8-polysialyltransferase	-	-
PROKKA_ERR688511_31129_SZAXPI022081-26_bin.20.faa_ADBNLNCD_02937	45f30d596ac86d173b6b9779d9791e91	408	Pfam	PF07388	Alpha-2,8-polysialyltransferase (POLYST)	93	323	6.9E-11	T	12-02-2026	IPR010866	Alpha-2,8-polysialyltransferase	-	-
PROKKA_ERR688522_31256_SZAXPI021671-62_bin.32.faa_GPMFOLIH_00796	45f30d596ac86d173b6b9779d9791e91	408	Pfam	PF07388	Alpha-2,8-polysialyltransferase (POLYST)	93	323	6.9E-11	T	12-02-2026	IPR010866	Alpha-2,8-polysialyltransferase	-	-
PROKKA_ERR688650_531766_SZAXPI021716-17_bin.53.faa_LHEPAACL_00655	c70afd97c931252e2ecf8920976d9d1c	361	Coils	Coil	Coil	226	246	-	T	12-02-2026	-	-	-	-
PROKKA_ERR688650_531766_SZAXPI021716-17_bin.53.faa_LHEPAACL_00655	c70afd97c931252e2ecf8920976d9d1c	361	Gene3D	G3DSA:3.40.50.11110	-	218	329	1.8E-5	T	12-02-2026	-	-	-	-
PROKKA_ERR688650_531766_SZAXPI021716-17_bin.53.faa_LHEPAACL_00655	c70afd97c931252e2ecf8920976d9d1c	361	Pfam	PF07922	Glycosyltransferase family 52	114	313	4.8E-10	T	12-02-2026	IPR012477	Glycosyltransferase family 52	-	-
PROKKA_ERR688545_31455_SZAXPI021725-37_bin.34.faa_EABNKJOD_02591	0bb1df4b02ee0184fa9ffee1f20a8954	352	Gene3D	G3DSA:3.40.50.11110	-	205	350	1.3E-5	T	12-02-2026	-	-	-	-
PROKKA_ERR688545_31455_SZAXPI021725-37_bin.34.faa_EABNKJOD_02591	0bb1df4b02ee0184fa9ffee1f20a8954	352	Pfam	PF07388	Alpha-2,8-polysialyltransferase (POLYST)	124	310	3.2E-5	T	12-02-2026	IPR010866	Alpha-2,8-polysialyltransferase	-	-
PROKKA_ERR688586_530028_SZAXPI021939-113_bin.45.faa_FOMJPOKH_02527	0c2805edaaed26a48f229bcb06ec6432	361	Coils	Coil	Coil	219	246	-	T	12-02-2026	-	-	-	-
PROKKA_ERR688586_530028_SZAXPI021939-113_bin.45.faa_FOMJPOKH_02527	0c2805edaaed26a48f229bcb06ec6432	361	Pfam	PF07922	Glycosyltransferase family 52	102	326	3.2E-9	T	12-02-2026	IPR012477	Glycosyltransferase family 52	-	-
PROKKA_ERR688579_31878_SZAXPI021664-24_bin.6.faa_EAMNHAAG_01122	0c2805edaaed26a48f229bcb06ec6432	361	Coils	Coil	Coil	219	246	-	T	12-02-2026	-	-	-	-
PROKKA_ERR688579_31878_SZAXPI021664-24_bin.6.faa_EAMNHAAG_01122	0c2805edaaed26a48f229bcb06ec6432	361	Pfam	PF07922	Glycosyltransferase family 52	102	326	3.2E-9	T	12-02-2026	IPR012477	Glycosyltransferase family 52	-	-
PROKKA_ERR688646_531414_SZAXPI022072-47_bin.10.faa_ENFHCBKI_00966	0c2805edaaed26a48f229bcb06ec6432	361	Coils	Coil	Coil	219	246	-	T	12-02-2026	-	-	-	-
PROKKA_ERR688646_531414_SZAXPI022072-47_bin.10.faa_ENFHCBKI_00966	0c2805edaaed26a48f229bcb06ec6432	361	Pfam	PF07922	Glycosyltransferase family 52	102	326	3.2E-9	T	12-02-2026	IPR012477	Glycosyltransferase family 52	-	-
PROKKA_ERR688507_31021_SZAXPI022043-90_bin.26.faa_IMBPJNPI_01457	0c2805edaaed26a48f229bcb06ec6432	361	Coils	Coil	Coil	219	246	-	T	12-02-2026	-	-	-	-
PROKKA_ERR688507_31021_SZAXPI022043-90_bin.26.faa_IMBPJNPI_01457	0c2805edaaed26a48f229bcb06ec6432	361	Pfam	PF07922	Glycosyltransferase family 52	102	326	3.2E-9	T	12-02-2026	IPR012477	Glycosyltransferase family 52	-	-
PROKKA_ERR688505_31004_SZAXPI021650-108_bin.44.faa_NINEKEGA_01364	0c2805edaaed26a48f229bcb06ec6432	361	Coils	Coil	Coil	219	246	-	T	12-02-2026	-	-	-	-
PROKKA_ERR688505_31004_SZAXPI021650-108_bin.44.faa_NINEKEGA_01364	0c2805edaaed26a48f229bcb06ec6432	361	Pfam	PF07922	Glycosyltransferase family 52	102	326	3.2E-9	T	12-02-2026	IPR012477	Glycosyltransferase family 52	-	-
PROKKA_ERR688590_530050_SZAXPI021960-39_bin.51.faa_GJHOPHPP_00759	0c2805edaaed26a48f229bcb06ec6432	361	Coils	Coil	Coil	219	246	-	T	12-02-2026	-	-	-	-
PROKKA_ERR688590_530050_SZAXPI021960-39_bin.51.faa_GJHOPHPP_00759	0c2805edaaed26a48f229bcb06ec6432	361	Pfam	PF07922	Glycosyltransferase family 52	102	326	3.2E-9	T	12-02-2026	IPR012477	Glycosyltransferase family 52	-	-
PROKKA_ERR688630_530743_SZAXPI021933-93_bin.9.faa_FAJMONCF_02143	0c2805edaaed26a48f229bcb06ec6432	361	Coils	Coil	Coil	219	246	-	T	12-02-2026	-	-	-	-
PROKKA_ERR688630_530743_SZAXPI021933-93_bin.9.faa_FAJMONCF_02143	0c2805edaaed26a48f229bcb06ec6432	361	Pfam	PF07922	Glycosyltransferase family 52	102	326	3.2E-9	T	12-02-2026	IPR012477	Glycosyltransferase family 52	-	-
PROKKA_ERR688634_530890_SZAXPI021648-95_bin.52.faa_NMGEPAIJ_02074	0c2805edaaed26a48f229bcb06ec6432	361	Coils	Coil	Coil	219	246	-	T	12-02-2026	-	-	-	-
PROKKA_ERR688634_530890_SZAXPI021648-95_bin.52.faa_NMGEPAIJ_02074	0c2805edaaed26a48f229bcb06ec6432	361	Pfam	PF07922	Glycosyltransferase family 52	102	326	3.2E-9	T	12-02-2026	IPR012477	Glycosyltransferase family 52	-	-
PROKKA_ERR688627_530623_SZAXPI021951-21_bin.14.faa_MLLFDPPB_00753	0c2805edaaed26a48f229bcb06ec6432	361	Coils	Coil	Coil	219	246	-	T	12-02-2026	-	-	-	-
PROKKA_ERR688627_530623_SZAXPI021951-21_bin.14.faa_MLLFDPPB_00753	0c2805edaaed26a48f229bcb06ec6432	361	Pfam	PF07922	Glycosyltransferase family 52	102	326	3.2E-9	T	12-02-2026	IPR012477	Glycosyltransferase family 52	-	-
PROKKA_ERR688637_531248_SZAXPI021692-142_bin.21.faa_MJJJNDII_00466	0c2805edaaed26a48f229bcb06ec6432	361	Coils	Coil	Coil	219	246	-	T	12-02-2026	-	-	-	-
PROKKA_ERR688637_531248_SZAXPI021692-142_bin.21.faa_MJJJNDII_00466	0c2805edaaed26a48f229bcb06ec6432	361	Pfam	PF07922	Glycosyltransferase family 52	102	326	3.2E-9	T	12-02-2026	IPR012477	Glycosyltransferase family 52	-	-
PROKKA_ERR688573_31872_SZAXPI021644-88_bin.27.faa_PFPGNGGA_00616	572e51b5663c1c3a2be783fcae73b652	366	Pfam	PF07388	Alpha-2,8-polysialyltransferase (POLYST)	3	318	6.2E-5	T	12-02-2026	IPR010866	Alpha-2,8-polysialyltransferase	-	-
PROKKA_ERR688640_531281_SZAXPI021665-25_bin.49.faa_OCFCLGLL_02865	25760e5e9fd9d987c316e1f3ba120c65	335	Gene3D	G3DSA:3.40.50.11110	-	199	304	1.0E-7	T	12-02-2026	-	-	-	-
PROKKA_ERR688640_531281_SZAXPI021665-25_bin.49.faa_OCFCLGLL_02865	25760e5e9fd9d987c316e1f3ba120c65	335	Pfam	PF07388	Alpha-2,8-polysialyltransferase (POLYST)	4	295	4.4E-6	T	12-02-2026	IPR010866	Alpha-2,8-polysialyltransferase	-	-
PROKKA_ERR688640_531281_SZAXPI021665-25_bin.49.faa_OCFCLGLL_02865	25760e5e9fd9d987c316e1f3ba120c65	335	Coils	Coil	Coil	238	258	-	T	12-02-2026	-	-	-	-
PROKKA_ERR688527_31285_SZAXPI021656-133_bin.9.faa_ODMJHMNH_00400	25760e5e9fd9d987c316e1f3ba120c65	335	Gene3D	G3DSA:3.40.50.11110	-	199	304	1.0E-7	T	12-02-2026	-	-	-	-
PROKKA_ERR688527_31285_SZAXPI021656-133_bin.9.faa_ODMJHMNH_00400	25760e5e9fd9d987c316e1f3ba120c65	335	Pfam	PF07388	Alpha-2,8-polysialyltransferase (POLYST)	4	295	4.4E-6	T	12-02-2026	IPR010866	Alpha-2,8-polysialyltransferase	-	-
PROKKA_ERR688527_31285_SZAXPI021656-133_bin.9.faa_ODMJHMNH_00400	25760e5e9fd9d987c316e1f3ba120c65	335	Coils	Coil	Coil	238	258	-	T	12-02-2026	-	-	-	-
PROKKA_ERR688575_31874_SZAXPI021632-21_bin.24.faa_DDDEOJBF_00753	25760e5e9fd9d987c316e1f3ba120c65	335	Gene3D	G3DSA:3.40.50.11110	-	199	304	1.0E-7	T	12-02-2026	-	-	-	-
PROKKA_ERR688575_31874_SZAXPI021632-21_bin.24.faa_DDDEOJBF_00753	25760e5e9fd9d987c316e1f3ba120c65	335	Pfam	PF07388	Alpha-2,8-polysialyltransferase (POLYST)	4	295	4.4E-6	T	12-02-2026	IPR010866	Alpha-2,8-polysialyltransferase	-	-
PROKKA_ERR688575_31874_SZAXPI021632-21_bin.24.faa_DDDEOJBF_00753	25760e5e9fd9d987c316e1f3ba120c65	335	Coils	Coil	Coil	238	258	-	T	12-02-2026	-	-	-	-
PROKKA_ERR688646_531414_SZAXPI022072-47_bin.3.faa_OPIOJIML_00325	25760e5e9fd9d987c316e1f3ba120c65	335	Gene3D	G3DSA:3.40.50.11110	-	199	304	1.0E-7	T	12-02-2026	-	-	-	-
PROKKA_ERR688646_531414_SZAXPI022072-47_bin.3.faa_OPIOJIML_00325	25760e5e9fd9d987c316e1f3ba120c65	335	Pfam	PF07388	Alpha-2,8-polysialyltransferase (POLYST)	4	295	4.4E-6	T	12-02-2026	IPR010866	Alpha-2,8-polysialyltransferase	-	-
PROKKA_ERR688646_531414_SZAXPI022072-47_bin.3.faa_OPIOJIML_00325	25760e5e9fd9d987c316e1f3ba120c65	335	Coils	Coil	Coil	238	258	-	T	12-02-2026	-	-	-	-
PROKKA_ERR688600_530167_SZAXPI021958-36_bin.27.faa_ANANBKJJ_01640	c5b79ae4b5d18be283407b14de1fd5e5	531	Pfam	PF07388	Alpha-2,8-polysialyltransferase (POLYST)	23	261	0.0045	T	12-02-2026	IPR010866	Alpha-2,8-polysialyltransferase	-	-
PROKKA_ERR688600_530167_SZAXPI021958-36_bin.27.faa_ANANBKJJ_01640	c5b79ae4b5d18be283407b14de1fd5e5	531	Coils	Coil	Coil	496	523	-	T	12-02-2026	-	-	-	-
PROKKA_ERR688589_530041_SZAXPI021954-25_bin.11.faa_HFICCOCH_00681	eb7a59aae7a79f611b0b51a54c787376	531	Pfam	PF07388	Alpha-2,8-polysialyltransferase (POLYST)	23	261	0.0023	T	12-02-2026	IPR010866	Alpha-2,8-polysialyltransferase	-	-
PROKKA_ERR688589_530041_SZAXPI021954-25_bin.11.faa_HFICCOCH_00681	eb7a59aae7a79f611b0b51a54c787376	531	Coils	Coil	Coil	496	523	-	T	12-02-2026	-	-	-	-
PROKKA_ERR688520_31236_SZAXPI022067-33_bin.34.faa_JKNHENBN_02829	13d5123369b7aa596d29b3379ab83c83	363	Gene3D	G3DSA:3.40.50.11110	-	207	349	2.4E-6	T	12-02-2026	-	-	-	-
PROKKA_ERR688520_31236_SZAXPI022067-33_bin.34.faa_JKNHENBN_02829	13d5123369b7aa596d29b3379ab83c83	363	Pfam	PF07388	Alpha-2,8-polysialyltransferase (POLYST)	3	321	2.9E-10	T	12-02-2026	IPR010866	Alpha-2,8-polysialyltransferase	-	-
PROKKA_ERR688535_31379_SZAXPI022061-17_bin.60.faa_ILFFAPCN_00177	a399dc615f7f3ed3a788d1145c0834ee	366	Pfam	PF07388	Alpha-2,8-polysialyltransferase (POLYST)	3	293	4.1E-6	T	12-02-2026	IPR010866	Alpha-2,8-polysialyltransferase	-	-
PROKKA_ERR688639_531277_SZAXPI021651-109_bin.22.faa_EHJEDOJG_19205	ac1d86696a1afa97817a759daf14139a	374	Pfam	PF07388	Alpha-2,8-polysialyltransferase (POLYST)	3	336	3.7E-12	T	12-02-2026	IPR010866	Alpha-2,8-polysialyltransferase	-	-
PROKKA_ERR710427_532779_RSZAXPI000650-17_bin.2.faa_MLPOAAHB_05790	ac1d86696a1afa97817a759daf14139a	374	Pfam	PF07388	Alpha-2,8-polysialyltransferase (POLYST)	3	336	3.7E-12	T	12-02-2026	IPR010866	Alpha-2,8-polysialyltransferase	-	-
PROKKA_ERR688633_530867_SZAXPI021935-95_bin.87.faa_BDLJGNFC_00741	8e2a77e14d3c41d05f6d6995ef08b481	361	Coils	Coil	Coil	226	246	-	T	12-02-2026	-	-	-	-
PROKKA_ERR688633_530867_SZAXPI021935-95_bin.87.faa_BDLJGNFC_00741	8e2a77e14d3c41d05f6d6995ef08b481	361	Pfam	PF07922	Glycosyltransferase family 52	115	326	1.9E-10	T	12-02-2026	IPR012477	Glycosyltransferase family 52	-	-
PROKKA_ERR688515_31188_SZAXPI021653-113_bin.39.faa_NJJDALJH_01563	453a511f1751992c97b0b4d4492a278c	361	Coils	Coil	Coil	226	246	-	T	12-02-2026	-	-	-	-
PROKKA_ERR688515_31188_SZAXPI021653-113_bin.39.faa_NJJDALJH_01563	453a511f1751992c97b0b4d4492a278c	361	Pfam	PF07922	Glycosyltransferase family 52	114	313	4.9E-10	T	12-02-2026	IPR012477	Glycosyltransferase family 52	-	-
PROKKA_ERR688515_31188_SZAXPI021653-113_bin.39.faa_NJJDALJH_01563	453a511f1751992c97b0b4d4492a278c	361	Gene3D	G3DSA:3.40.50.11110	-	218	329	3.9E-5	T	12-02-2026	-	-	-	-
PROKKA_ERR688570_31868_SZAXPI021666-33_bin.34.faa_BHONPCDN_00779	453a511f1751992c97b0b4d4492a278c	361	Coils	Coil	Coil	226	246	-	T	12-02-2026	-	-	-	-
PROKKA_ERR688570_31868_SZAXPI021666-33_bin.34.faa_BHONPCDN_00779	453a511f1751992c97b0b4d4492a278c	361	Pfam	PF07922	Glycosyltransferase family 52	114	313	4.9E-10	T	12-02-2026	IPR012477	Glycosyltransferase family 52	-	-
PROKKA_ERR688570_31868_SZAXPI021666-33_bin.34.faa_BHONPCDN_00779	453a511f1751992c97b0b4d4492a278c	361	Gene3D	G3DSA:3.40.50.11110	-	218	329	3.9E-5	T	12-02-2026	-	-	-	-
PROKKA_ERR688643_531361_SZAXPI021636-36_bin.16.faa_FKECECCK_01185	453a511f1751992c97b0b4d4492a278c	361	Coils	Coil	Coil	226	246	-	T	12-02-2026	-	-	-	-
PROKKA_ERR688643_531361_SZAXPI021636-36_bin.16.faa_FKECECCK_01185	453a511f1751992c97b0b4d4492a278c	361	Pfam	PF07922	Glycosyltransferase family 52	114	313	4.9E-10	T	12-02-2026	IPR012477	Glycosyltransferase family 52	-	-
PROKKA_ERR688643_531361_SZAXPI021636-36_bin.16.faa_FKECECCK_01185	453a511f1751992c97b0b4d4492a278c	361	Gene3D	G3DSA:3.40.50.11110	-	218	329	3.9E-5	T	12-02-2026	-	-	-	-
PROKKA_ERR688612_530315_SZAXPI021959-37_bin.49.faa_EKNCNPDN_01358	b3531a43679f1ddfad8be9b411ea271d	359	Pfam	PF07388	Alpha-2,8-polysialyltransferase (POLYST)	4	260	0.11	T	12-02-2026	IPR010866	Alpha-2,8-polysialyltransferase	-	-
PROKKA_ERR688513_31159_SZAXPI021669-24_bin.34.faa_BHAHOHNO_01029	b3531a43679f1ddfad8be9b411ea271d	359	Pfam	PF07388	Alpha-2,8-polysialyltransferase (POLYST)	4	260	0.11	T	12-02-2026	IPR010866	Alpha-2,8-polysialyltransferase	-	-
PROKKA_ERR688511_31129_SZAXPI022081-26_bin.42.faa_EPNCOBDH_01465	b3531a43679f1ddfad8be9b411ea271d	359	Pfam	PF07388	Alpha-2,8-polysialyltransferase (POLYST)	4	260	0.11	T	12-02-2026	IPR010866	Alpha-2,8-polysialyltransferase	-	-
PROKKA_ERR688610_530295_SZAXPI022047-102_bin.17.faa_FAFAIACI_00207	b3531a43679f1ddfad8be9b411ea271d	359	Pfam	PF07388	Alpha-2,8-polysialyltransferase (POLYST)	4	260	0.11	T	12-02-2026	IPR010866	Alpha-2,8-polysialyltransferase	-	-
PROKKA_ERR688533_31360_SZAXPI022068-36_bin.63.faa_FLJKLPCG_00504	b3531a43679f1ddfad8be9b411ea271d	359	Pfam	PF07388	Alpha-2,8-polysialyltransferase (POLYST)	4	260	0.11	T	12-02-2026	IPR010866	Alpha-2,8-polysialyltransferase	-	-
PROKKA_ERR688616_530364_SZAXPI022058-166_bin.48.faa_DMPLOPPK_01075	b3531a43679f1ddfad8be9b411ea271d	359	Pfam	PF07388	Alpha-2,8-polysialyltransferase (POLYST)	4	260	0.11	T	12-02-2026	IPR010866	Alpha-2,8-polysialyltransferase	-	-
PROKKA_ERR688643_531361_SZAXPI021636-36_bin.21.faa_DKLDPBIM_00923	b3531a43679f1ddfad8be9b411ea271d	359	Pfam	PF07388	Alpha-2,8-polysialyltransferase (POLYST)	4	260	0.11	T	12-02-2026	IPR010866	Alpha-2,8-polysialyltransferase	-	-
PROKKA_ERR688570_31868_SZAXPI021666-33_bin.3.faa_OKHIIHLC_00109	b3531a43679f1ddfad8be9b411ea271d	359	Pfam	PF07388	Alpha-2,8-polysialyltransferase (POLYST)	4	260	0.11	T	12-02-2026	IPR010866	Alpha-2,8-polysialyltransferase	-	-
PROKKA_ERR688641_531333_SZAXPI021645-90_bin.2.faa_BKGGEHEE_00267	b3531a43679f1ddfad8be9b411ea271d	359	Pfam	PF07388	Alpha-2,8-polysialyltransferase (POLYST)	4	260	0.11	T	12-02-2026	IPR010866	Alpha-2,8-polysialyltransferase	-	-
PROKKA_ERR688564_31749_SZAXPI022057-158_bin.28.faa_PAANINHC_00411	e6d090ff6ce30724179a4c7519e83dc2	324	Pfam	PF07922	Glycosyltransferase family 52	101	295	2.2E-18	T	12-02-2026	IPR012477	Glycosyltransferase family 52	-	-
PROKKA_ERR688564_31749_SZAXPI022057-158_bin.28.faa_PAANINHC_00411	e6d090ff6ce30724179a4c7519e83dc2	324	Gene3D	G3DSA:3.40.50.11110	-	189	322	1.0E-11	T	12-02-2026	-	-	-	-
PROKKA_ERR688642_531352_SZAXPI021718-21_bin.5.faa_EODFHOCK_01519	e6d090ff6ce30724179a4c7519e83dc2	324	Pfam	PF07922	Glycosyltransferase family 52	101	295	2.2E-18	T	12-02-2026	IPR012477	Glycosyltransferase family 52	-	-
PROKKA_ERR688642_531352_SZAXPI021718-21_bin.5.faa_EODFHOCK_01519	e6d090ff6ce30724179a4c7519e83dc2	324	Gene3D	G3DSA:3.40.50.11110	-	189	322	1.0E-11	T	12-02-2026	-	-	-	-
PROKKA_ERR688558_31685_SZAXPI021691-140_bin.36.faa_INMAPEMD_00910	e6d090ff6ce30724179a4c7519e83dc2	324	Pfam	PF07922	Glycosyltransferase family 52	101	295	2.2E-18	T	12-02-2026	IPR012477	Glycosyltransferase family 52	-	-
PROKKA_ERR688558_31685_SZAXPI021691-140_bin.36.faa_INMAPEMD_00910	e6d090ff6ce30724179a4c7519e83dc2	324	Gene3D	G3DSA:3.40.50.11110	-	189	322	1.0E-11	T	12-02-2026	-	-	-	-
PROKKA_ERR688570_31868_SZAXPI021666-33_bin.12.faa_CBCFLFJI_00482	d15ca1647f874a2ce084bd1301832311	138	Gene3D	G3DSA:3.40.50.11110	-	3	136	2.0E-12	T	12-02-2026	-	-	-	-
PROKKA_ERR688570_31868_SZAXPI021666-33_bin.12.faa_CBCFLFJI_00482	d15ca1647f874a2ce084bd1301832311	138	Pfam	PF07922	Glycosyltransferase family 52	4	109	2.2E-11	T	12-02-2026	IPR012477	Glycosyltransferase family 52	-	-
PROKKA_ERR688569_31866_SZAXPI021631-20_bin.56.faa_HPHGLJDB_00471	d15ca1647f874a2ce084bd1301832311	138	Gene3D	G3DSA:3.40.50.11110	-	3	136	2.0E-12	T	12-02-2026	-	-	-	-
PROKKA_ERR688569_31866_SZAXPI021631-20_bin.56.faa_HPHGLJDB_00471	d15ca1647f874a2ce084bd1301832311	138	Pfam	PF07922	Glycosyltransferase family 52	4	109	2.2E-11	T	12-02-2026	IPR012477	Glycosyltransferase family 52	-	-
PROKKA_ERR710426_532749_RSZAXPI000649-16_bin.7.faa_AOHONHFJ_00681	f0d566bb36bb9c8730089de2c3300608	369	Pfam	PF07388	Alpha-2,8-polysialyltransferase (POLYST)	26	324	7.0E-10	T	12-02-2026	IPR010866	Alpha-2,8-polysialyltransferase	-	-
PROKKA_ERR688556_31600_SZAXPI022086-32_bin.22.faa_JIOBBLPH_00506	7743215c5927cddbeaf72005f9cb7ee0	531	Pfam	PF07388	Alpha-2,8-polysialyltransferase (POLYST)	23	261	0.0049	T	12-02-2026	IPR010866	Alpha-2,8-polysialyltransferase	-	-
PROKKA_ERR688556_31600_SZAXPI022086-32_bin.22.faa_JIOBBLPH_00506	7743215c5927cddbeaf72005f9cb7ee0	531	Coils	Coil	Coil	496	523	-	T	12-02-2026	-	-	-	-
PROKKA_ERR688558_31685_SZAXPI021691-140_bin.29.faa_OAOGIFIC_01123	a80bd9a1f3389218710f8d8f685b46b2	372	Pfam	PF07388	Alpha-2,8-polysialyltransferase (POLYST)	108	279	0.0076	T	12-02-2026	IPR010866	Alpha-2,8-polysialyltransferase	-	-
PROKKA_ERR688627_530623_SZAXPI021951-21_bin.37.faa_EMDLIHOE_01277	e16d86d01d51936bd0a9ca0948f28821	138	Gene3D	G3DSA:3.40.50.11110	-	3	137	1.4E-12	T	12-02-2026	-	-	-	-
PROKKA_ERR688627_530623_SZAXPI021951-21_bin.37.faa_EMDLIHOE_01277	e16d86d01d51936bd0a9ca0948f28821	138	Pfam	PF07922	Glycosyltransferase family 52	4	109	2.2E-11	T	12-02-2026	IPR012477	Glycosyltransferase family 52	-	-
PROKKA_ERR688525_31276_SZAXPI021668-89_bin.75.faa_LANGCADM_01039	d496826d0125d7013e482d1b608be077	324	Gene3D	G3DSA:3.40.50.11110	-	189	322	2.1E-11	T	12-02-2026	-	-	-	-
PROKKA_ERR688525_31276_SZAXPI021668-89_bin.75.faa_LANGCADM_01039	d496826d0125d7013e482d1b608be077	324	Pfam	PF07922	Glycosyltransferase family 52	101	298	3.2E-18	T	12-02-2026	IPR012477	Glycosyltransferase family 52	-	-
PROKKA_ERR688605_530215_SZAXPI022070-39_bin.36.faa_AGNAJDJE_03371	35ea4cd800938648137e97a6013297dc	381	Pfam	PF07388	Alpha-2,8-polysialyltransferase (POLYST)	124	337	3.8E-11	T	12-02-2026	IPR010866	Alpha-2,8-polysialyltransferase	-	-
PROKKA_ERR688605_530215_SZAXPI022070-39_bin.36.faa_AGNAJDJE_03371	35ea4cd800938648137e97a6013297dc	381	Gene3D	G3DSA:3.40.50.11110	-	208	340	5.3E-7	T	12-02-2026	-	-	-	-
PROKKA_ERR688568_31865_SZAXPI021667-39_bin.26.faa_OOOJBMKM_01798	0db40dbcef76269f38ba1aae9d060098	363	Pfam	PF07388	Alpha-2,8-polysialyltransferase (POLYST)	4	258	0.0036	T	12-02-2026	IPR010866	Alpha-2,8-polysialyltransferase	-	-
PROKKA_ERR688613_530323_SZAXPI021952-23_bin.21.faa_BNNGKBCN_00394	0db40dbcef76269f38ba1aae9d060098	363	Pfam	PF07388	Alpha-2,8-polysialyltransferase (POLYST)	4	258	0.0036	T	12-02-2026	IPR010866	Alpha-2,8-polysialyltransferase	-	-
PROKKA_ERR688605_530215_SZAXPI022070-39_bin.18.faa_JBHODFNF_00553	0db40dbcef76269f38ba1aae9d060098	363	Pfam	PF07388	Alpha-2,8-polysialyltransferase (POLYST)	4	258	0.0036	T	12-02-2026	IPR010866	Alpha-2,8-polysialyltransferase	-	-
PROKKA_ERR688623_530450_SZAXPI021950-20_bin.62.faa_DONFLHDA_00697	162be4a23f4d825a28a68aa15e4f9fe5	382	Pfam	PF07388	Alpha-2,8-polysialyltransferase (POLYST)	7	306	0.013	T	12-02-2026	IPR010866	Alpha-2,8-polysialyltransferase	-	-
PROKKA_ERR688606_530227_SZAXPI022045-94_bin.23.faa_PNDAGMAG_01231	162be4a23f4d825a28a68aa15e4f9fe5	382	Pfam	PF07388	Alpha-2,8-polysialyltransferase (POLYST)	7	306	0.013	T	12-02-2026	IPR010866	Alpha-2,8-polysialyltransferase	-	-
PROKKA_ERR688520_31236_SZAXPI022067-33_bin.49.faa_BMEFGIDL_00917	5bfe2d20da52c152b24a578f6b24e0ba	368	Pfam	PF07388	Alpha-2,8-polysialyltransferase (POLYST)	3	300	0.036	T	12-02-2026	IPR010866	Alpha-2,8-polysialyltransferase	-	-
PROKKA_ERR688525_31276_SZAXPI021668-89_bin.38.faa_NDGKIEND_01945	5bfe2d20da52c152b24a578f6b24e0ba	368	Pfam	PF07388	Alpha-2,8-polysialyltransferase (POLYST)	3	300	0.036	T	12-02-2026	IPR010866	Alpha-2,8-polysialyltransferase	-	-
PROKKA_ERR688566_31766_SZAXPI021955-26_bin.35.faa_LCGAIGBK_00297	5bfe2d20da52c152b24a578f6b24e0ba	368	Pfam	PF07388	Alpha-2,8-polysialyltransferase (POLYST)	3	300	0.036	T	12-02-2026	IPR010866	Alpha-2,8-polysialyltransferase	-	-
PROKKA_ERR688524_31275_SZAXPI021941-129_bin.30.faa_LJCHOCBI_03540	c35a7366b5dd07f9981d237546da8fd2	341	Pfam	PF07388	Alpha-2,8-polysialyltransferase (POLYST)	16	312	4.9E-7	T	12-02-2026	IPR010866	Alpha-2,8-polysialyltransferase	-	-
PROKKA_ERR688548_31493_SZAXPI021643-87_bin.29.faa_CADCJKHM_00460	d2a7016aba45aa262baac51b1bfe6991	363	Pfam	PF07388	Alpha-2,8-polysialyltransferase (POLYST)	4	258	0.0021	T	12-02-2026	IPR010866	Alpha-2,8-polysialyltransferase	-	-
PROKKA_ERR688632_530840_SZAXPI021934-94_bin.23.faa_PLKDMMII_00319	6a66935ecf276e5ce691f40b1eed8968	371	Pfam	PF07388	Alpha-2,8-polysialyltransferase (POLYST)	4	339	7.2E-4	T	12-02-2026	IPR010866	Alpha-2,8-polysialyltransferase	-	-
PROKKA_ERR688650_531766_SZAXPI021716-17_bin.40.faa_GPANDGPM_00131	6a66935ecf276e5ce691f40b1eed8968	371	Pfam	PF07388	Alpha-2,8-polysialyltransferase (POLYST)	4	339	7.2E-4	T	12-02-2026	IPR010866	Alpha-2,8-polysialyltransferase	-	-
PROKKA_ERR688506_31009_SZAXPI022053-133_bin.61.faa_IIFJHILK_00222	e176b75c1ea2bf89601c2b5597d5ba43	346	Pfam	PF07388	Alpha-2,8-polysialyltransferase (POLYST)	63	316	0.052	T	12-02-2026	IPR010866	Alpha-2,8-polysialyltransferase	-	-
PROKKA_ERR688582_31881_SZAXPI021630-17_bin.1.faa_KCINCAKM_03534	e176b75c1ea2bf89601c2b5597d5ba43	346	Pfam	PF07388	Alpha-2,8-polysialyltransferase (POLYST)	63	316	0.052	T	12-02-2026	IPR010866	Alpha-2,8-polysialyltransferase	-	-
PROKKA_ERR710430_532826_RSZAXPI000653-20_bin.14.faa_FDCLNINP_01394	31bc16330e4c91bb18532579d6acaaf5	409	Pfam	PF07388	Alpha-2,8-polysialyltransferase (POLYST)	46	348	4.5E-34	T	12-02-2026	IPR010866	Alpha-2,8-polysialyltransferase	-	-
PROKKA_ERR688638_531274_SZAXPI021719-23_bin.9.faa_MOCDIJLH_00008	31bc16330e4c91bb18532579d6acaaf5	409	Pfam	PF07388	Alpha-2,8-polysialyltransferase (POLYST)	46	348	4.5E-34	T	12-02-2026	IPR010866	Alpha-2,8-polysialyltransferase	-	-
PROKKA_ERR688508_31030_SZAXPI021937-109_bin.7.faa_NCIAGMON_02167	1bdcc22d13da026a7684b7d30c017109	361	Coils	Coil	Coil	219	246	-	T	12-02-2026	-	-	-	-
PROKKA_ERR688508_31030_SZAXPI021937-109_bin.7.faa_NCIAGMON_02167	1bdcc22d13da026a7684b7d30c017109	361	Pfam	PF07922	Glycosyltransferase family 52	102	326	4.3E-9	T	12-02-2026	IPR012477	Glycosyltransferase family 52	-	-
PROKKA_ERR710429_532802_RSZAXPI000652-19_bin.42.faa_BLNGDAOJ_00415	a87350fbb307b4f9c5f17a7982b80185	361	Pfam	PF07922	Glycosyltransferase family 52	114	313	1.0E-9	T	12-02-2026	IPR012477	Glycosyltransferase family 52	-	-
PROKKA_ERR688623_530450_SZAXPI021950-20_bin.8.faa_NAJGIGHF_00100	8be3be6c3d3004ac6f41cc82bf99883a	369	Pfam	PF07388	Alpha-2,8-polysialyltransferase (POLYST)	64	258	0.025	T	12-02-2026	IPR010866	Alpha-2,8-polysialyltransferase	-	-
PROKKA_ERR688514_31160_SZAXPI021961-43_bin.3.faa_ILACCPLM_00068	28695ff6d8628c12c6c141455a8169f6	324	Pfam	PF07388	Alpha-2,8-polysialyltransferase (POLYST)	124	295	0.017	T	12-02-2026	IPR010866	Alpha-2,8-polysialyltransferase	-	-
PROKKA_ERR688512_31137_SZAXPI021945-158_bin.29.faa_IGKNJDLJ_02849	b0b149365084128aa77c64da74f721d7	357	Pfam	PF07922	Glycosyltransferase family 52	104	309	1.3E-7	T	12-02-2026	IPR012477	Glycosyltransferase family 52	-	-
PROKKA_ERR688524_31275_SZAXPI021941-129_bin.25.faa_BNDEFFMK_04489	af1d39aff02d0bdcbc30ec45f3ae4302	356	Pfam	PF07922	Glycosyltransferase family 52	109	328	1.2E-6	T	12-02-2026	IPR012477	Glycosyltransferase family 52	-	-
PROKKA_ERR688623_530450_SZAXPI021950-20_bin.24.faa_MEAENCFK_00625	ec07aa4a65ca83f1a690243703740fb2	324	Pfam	PF07922	Glycosyltransferase family 52	101	295	3.0E-18	T	12-02-2026	IPR012477	Glycosyltransferase family 52	-	-
PROKKA_ERR688623_530450_SZAXPI021950-20_bin.24.faa_MEAENCFK_00625	ec07aa4a65ca83f1a690243703740fb2	324	Gene3D	G3DSA:3.40.50.11110	-	189	322	1.1E-11	T	12-02-2026	-	-	-	-
PROKKA_ERR688547_31489_SZAXPI021694-136_bin.18.faa_LIJIBKCI_00592	7c6e695c3956091baed791c43917e60a	324	Pfam	PF07922	Glycosyltransferase family 52	101	296	1.2E-18	T	12-02-2026	IPR012477	Glycosyltransferase family 52	-	-
PROKKA_ERR688547_31489_SZAXPI021694-136_bin.18.faa_LIJIBKCI_00592	7c6e695c3956091baed791c43917e60a	324	Gene3D	G3DSA:3.40.50.11110	-	189	322	7.6E-12	T	12-02-2026	-	-	-	-
PROKKA_ERR688568_31865_SZAXPI021667-39_bin.13.faa_PAGGHFOE_00759	e54cd4eb711a685dbf7063ae574ff187	338	Pfam	PF07922	Glycosyltransferase family 52	37	319	6.8E-9	T	12-02-2026	IPR012477	Glycosyltransferase family 52	-	-
PROKKA_ERR688568_31865_SZAXPI021667-39_bin.13.faa_PAGGHFOE_00759	e54cd4eb711a685dbf7063ae574ff187	338	Gene3D	G3DSA:3.40.50.11110	-	216	329	6.8E-6	T	12-02-2026	-	-	-	-
PROKKA_ERR688586_530028_SZAXPI021939-113_bin.27.faa_KOPJJPBG_00962	46e5daae0ede844eb5c1b58a6617a739	531	Coils	Coil	Coil	496	523	-	T	12-02-2026	-	-	-	-
PROKKA_ERR688586_530028_SZAXPI021939-113_bin.27.faa_KOPJJPBG_00962	46e5daae0ede844eb5c1b58a6617a739	531	Pfam	PF07388	Alpha-2,8-polysialyltransferase (POLYST)	23	261	0.051	T	12-02-2026	IPR010866	Alpha-2,8-polysialyltransferase	-	-
PROKKA_ERR688626_530600_SZAXPI022079-94_bin.74.faa_OCDLEHKI_00229	dd5855995b31c1f6dc55ea3a34460f26	531	Pfam	PF07388	Alpha-2,8-polysialyltransferase (POLYST)	23	261	0.0011	T	12-02-2026	IPR010866	Alpha-2,8-polysialyltransferase	-	-
PROKKA_ERR688626_530600_SZAXPI022079-94_bin.74.faa_OCDLEHKI_00229	dd5855995b31c1f6dc55ea3a34460f26	531	Coils	Coil	Coil	496	523	-	T	12-02-2026	-	-	-	-
PROKKA_ERR688560_31705_SZAXPI021926-45_bin.34.faa_IHPACKLC_01483	bcb3b4057190726c28eee77623704a80	367	Pfam	PF07388	Alpha-2,8-polysialyltransferase (POLYST)	4	310	1.4E-11	T	12-02-2026	IPR010866	Alpha-2,8-polysialyltransferase	-	-
PROKKA_ERR688506_31009_SZAXPI022053-133_bin.27.faa_GJKGGKNJ_00036	bcb3b4057190726c28eee77623704a80	367	Pfam	PF07388	Alpha-2,8-polysialyltransferase (POLYST)	4	310	1.4E-11	T	12-02-2026	IPR010866	Alpha-2,8-polysialyltransferase	-	-
PROKKA_ERR688559_31700_SZAXPI021963-47_bin.58.faa_MFAIMDOE_01111	3ade40d173da69f57f8268d0cec0bc68	262	Pfam	PF07922	Glycosyltransferase family 52	100	259	3.2E-11	T	12-02-2026	IPR012477	Glycosyltransferase family 52	-	-
PROKKA_ERR688604_530185_SZAXPI021722-32_bin.64.faa_MDJKGCPN_00164	3ade40d173da69f57f8268d0cec0bc68	262	Pfam	PF07922	Glycosyltransferase family 52	100	259	3.2E-11	T	12-02-2026	IPR012477	Glycosyltransferase family 52	-	-
PROKKA_ERR688564_31749_SZAXPI022057-158_bin.47.faa_GDEBPMHL_01689	45ac7397bdd0bd2962e1a259bdb24a05	361	Coils	Coil	Coil	226	246	-	T	12-02-2026	-	-	-	-
PROKKA_ERR688564_31749_SZAXPI022057-158_bin.47.faa_GDEBPMHL_01689	45ac7397bdd0bd2962e1a259bdb24a05	361	Gene3D	G3DSA:3.40.50.11110	-	218	329	1.8E-5	T	12-02-2026	-	-	-	-
PROKKA_ERR688564_31749_SZAXPI022057-158_bin.47.faa_GDEBPMHL_01689	45ac7397bdd0bd2962e1a259bdb24a05	361	Pfam	PF07922	Glycosyltransferase family 52	115	313	7.4E-10	T	12-02-2026	IPR012477	Glycosyltransferase family 52	-	-
PROKKA_ERR710425_532305_RSZAXPI000655-22_bin.21.faa_DHMOJALK_00439	45ac7397bdd0bd2962e1a259bdb24a05	361	Coils	Coil	Coil	226	246	-	T	12-02-2026	-	-	-	-
PROKKA_ERR710425_532305_RSZAXPI000655-22_bin.21.faa_DHMOJALK_00439	45ac7397bdd0bd2962e1a259bdb24a05	361	Gene3D	G3DSA:3.40.50.11110	-	218	329	1.8E-5	T	12-02-2026	-	-	-	-
PROKKA_ERR710425_532305_RSZAXPI000655-22_bin.21.faa_DHMOJALK_00439	45ac7397bdd0bd2962e1a259bdb24a05	361	Pfam	PF07922	Glycosyltransferase family 52	115	313	7.4E-10	T	12-02-2026	IPR012477	Glycosyltransferase family 52	-	-
PROKKA_ERR688649_531469_SZAXPI021639-45_bin.9.faa_IICKCMBA_01214	44077ddffa10151e20196c5b3a0e6c68	531	Pfam	PF07388	Alpha-2,8-polysialyltransferase (POLYST)	23	261	0.0016	T	12-02-2026	IPR010866	Alpha-2,8-polysialyltransferase	-	-
PROKKA_ERR688649_531469_SZAXPI021639-45_bin.9.faa_IICKCMBA_01214	44077ddffa10151e20196c5b3a0e6c68	531	Coils	Coil	Coil	496	523	-	T	12-02-2026	-	-	-	-
PROKKA_ERR688650_531766_SZAXPI021716-17_bin.1.faa_BDKDHABD_01313	7fbb5baae28f1262922858abafc24d71	374	Pfam	PF07388	Alpha-2,8-polysialyltransferase (POLYST)	3	336	1.0E-12	T	12-02-2026	IPR010866	Alpha-2,8-polysialyltransferase	-	-
PROKKA_ERR688601_530168_SZAXPI021721-27_bin.41.faa_ADJJHKAG_03528	1bdbc3304d433e50aafa0102c87bc5d8	339	Gene3D	G3DSA:3.40.50.11110	-	198	323	1.7E-8	T	12-02-2026	-	-	-	-
PROKKA_ERR688601_530168_SZAXPI021721-27_bin.41.faa_ADJJHKAG_03528	1bdbc3304d433e50aafa0102c87bc5d8	339	Pfam	PF07922	Glycosyltransferase family 52	104	316	1.0E-20	T	12-02-2026	IPR012477	Glycosyltransferase family 52	-	-
PROKKA_ERR688650_531766_SZAXPI021716-17_bin.35.faa_LGGKADOF_00283	19d8fe11bcd9a36a51e7ede7724bcad8	361	Coils	Coil	Coil	219	246	-	T	12-02-2026	-	-	-	-
PROKKA_ERR688650_531766_SZAXPI021716-17_bin.35.faa_LGGKADOF_00283	19d8fe11bcd9a36a51e7ede7724bcad8	361	Pfam	PF07922	Glycosyltransferase family 52	102	326	3.2E-9	T	12-02-2026	IPR012477	Glycosyltransferase family 52	-	-
PROKKA_ERR688506_31009_SZAXPI022053-133_bin.16.faa_IECDKHAA_00111	599fdeb426c483b92ed1e716da8b4566	365	Coils	Coil	Coil	221	245	-	T	12-02-2026	-	-	-	-
PROKKA_ERR688506_31009_SZAXPI022053-133_bin.16.faa_IECDKHAA_00111	599fdeb426c483b92ed1e716da8b4566	365	Pfam	PF07388	Alpha-2,8-polysialyltransferase (POLYST)	10	244	0.051	T	12-02-2026	IPR010866	Alpha-2,8-polysialyltransferase	-	-
PROKKA_ERR688629_530705_SZAXPI021936-102_bin.32.faa_PHPHKCHD_01681	599fdeb426c483b92ed1e716da8b4566	365	Coils	Coil	Coil	221	245	-	T	12-02-2026	-	-	-	-
PROKKA_ERR688629_530705_SZAXPI021936-102_bin.32.faa_PHPHKCHD_01681	599fdeb426c483b92ed1e716da8b4566	365	Pfam	PF07388	Alpha-2,8-polysialyltransferase (POLYST)	10	244	0.051	T	12-02-2026	IPR010866	Alpha-2,8-polysialyltransferase	-	-
PROKKA_ERR688649_531469_SZAXPI021639-45_bin.68.faa_CMKMJJJD_02070	7f48b3558052fb7c2dc433feb33abd12	361	Pfam	PF07922	Glycosyltransferase family 52	101	326	3.5E-9	T	12-02-2026	IPR012477	Glycosyltransferase family 52	-	-
PROKKA_ERR688649_531469_SZAXPI021639-45_bin.68.faa_CMKMJJJD_02070	7f48b3558052fb7c2dc433feb33abd12	361	Coils	Coil	Coil	219	246	-	T	12-02-2026	-	-	-	-
PROKKA_ERR688610_530295_SZAXPI022047-102_bin.71.faa_EMOCHIEC_00415	d340084b4d3431a6a032f0eaec1ac6c1	531	Pfam	PF07388	Alpha-2,8-polysialyltransferase (POLYST)	23	261	0.0016	T	12-02-2026	IPR010866	Alpha-2,8-polysialyltransferase	-	-
PROKKA_ERR688610_530295_SZAXPI022047-102_bin.71.faa_EMOCHIEC_00415	d340084b4d3431a6a032f0eaec1ac6c1	531	Coils	Coil	Coil	496	523	-	T	12-02-2026	-	-	-	-
PROKKA_ERR710430_532826_RSZAXPI000653-20_bin.10.faa_EJOFPLBK_02070	61fcef4944f8de8d04f6d7fa94f36543	337	Gene3D	G3DSA:3.40.50.11110	-	188	334	5.1E-8	T	12-02-2026	-	-	-	-
PROKKA_ERR710430_532826_RSZAXPI000653-20_bin.10.faa_EJOFPLBK_02070	61fcef4944f8de8d04f6d7fa94f36543	337	Pfam	PF07922	Glycosyltransferase family 52	61	303	8.9E-36	T	12-02-2026	IPR012477	Glycosyltransferase family 52	-	-
PROKKA_ERR688630_530743_SZAXPI021933-93_bin.36.faa_PANMPFIH_02073	ff712db18cd2eb4c0e8295ba57450c89	367	Gene3D	G3DSA:3.40.50.11110	-	219	343	3.5E-6	T	12-02-2026	-	-	-	-
PROKKA_ERR688630_530743_SZAXPI021933-93_bin.36.faa_PANMPFIH_02073	ff712db18cd2eb4c0e8295ba57450c89	367	Pfam	PF07922	Glycosyltransferase family 52	105	319	1.7E-10	T	12-02-2026	IPR012477	Glycosyltransferase family 52	-	-
PROKKA_ERR688634_530890_SZAXPI021648-95_bin.30.faa_BBGOKHDL_04425	beb60f621eda261813a4a048cca1da12	331	Pfam	PF07922	Glycosyltransferase family 52	26	301	4.9E-16	T	12-02-2026	IPR012477	Glycosyltransferase family 52	-	-
PROKKA_ERR688634_530890_SZAXPI021648-95_bin.30.faa_BBGOKHDL_04425	beb60f621eda261813a4a048cca1da12	331	Gene3D	G3DSA:3.40.50.11110	-	184	310	2.0E-10	T	12-02-2026	-	-	-	-
PROKKA_ERR688576_31875_SZAXPI021654-123_bin.13.faa_PHLAMELG_02546	bab255990e18830dfb76f857ab967f79	378	Gene3D	G3DSA:3.40.50.11110	-	214	350	1.9E-9	T	12-02-2026	-	-	-	-
PROKKA_ERR688576_31875_SZAXPI021654-123_bin.13.faa_PHLAMELG_02546	bab255990e18830dfb76f857ab967f79	378	Coils	Coil	Coil	250	270	-	T	12-02-2026	-	-	-	-
PROKKA_ERR688576_31875_SZAXPI021654-123_bin.13.faa_PHLAMELG_02546	bab255990e18830dfb76f857ab967f79	378	Pfam	PF07388	Alpha-2,8-polysialyltransferase (POLYST)	133	340	7.5E-17	T	12-02-2026	IPR010866	Alpha-2,8-polysialyltransferase	-	-
PROKKA_ERR688528_31300_SZAXPI022049-109_bin.8.faa_KFMENHKA_00831	bab255990e18830dfb76f857ab967f79	378	Gene3D	G3DSA:3.40.50.11110	-	214	350	1.9E-9	T	12-02-2026	-	-	-	-
PROKKA_ERR688528_31300_SZAXPI022049-109_bin.8.faa_KFMENHKA_00831	bab255990e18830dfb76f857ab967f79	378	Coils	Coil	Coil	250	270	-	T	12-02-2026	-	-	-	-
PROKKA_ERR688528_31300_SZAXPI022049-109_bin.8.faa_KFMENHKA_00831	bab255990e18830dfb76f857ab967f79	378	Pfam	PF07388	Alpha-2,8-polysialyltransferase (POLYST)	133	340	7.5E-17	T	12-02-2026	IPR010866	Alpha-2,8-polysialyltransferase	-	-
PROKKA_ERR710428_532796_RSZAXPI000651-18_bin.12.faa_EAGLPGKE_01070	bab255990e18830dfb76f857ab967f79	378	Gene3D	G3DSA:3.40.50.11110	-	214	350	1.9E-9	T	12-02-2026	-	-	-	-
PROKKA_ERR710428_532796_RSZAXPI000651-18_bin.12.faa_EAGLPGKE_01070	bab255990e18830dfb76f857ab967f79	378	Coils	Coil	Coil	250	270	-	T	12-02-2026	-	-	-	-
PROKKA_ERR710428_532796_RSZAXPI000651-18_bin.12.faa_EAGLPGKE_01070	bab255990e18830dfb76f857ab967f79	378	Pfam	PF07388	Alpha-2,8-polysialyltransferase (POLYST)	133	340	7.5E-17	T	12-02-2026	IPR010866	Alpha-2,8-polysialyltransferase	-	-
PROKKA_ERR688538_31424_SZAXPI021925-43_bin.43.faa_JHCNKAFN_00704	a408b894be3d3c05c4e56688d3e37b4e	289	Pfam	PF07388	Alpha-2,8-polysialyltransferase (POLYST)	12	252	2.5E-16	T	12-02-2026	IPR010866	Alpha-2,8-polysialyltransferase	-	-
PROKKA_ERR688538_31424_SZAXPI021925-43_bin.43.faa_JHCNKAFN_00704	a408b894be3d3c05c4e56688d3e37b4e	289	Gene3D	G3DSA:3.40.50.11110	-	135	262	3.3E-7	T	12-02-2026	-	-	-	-
PROKKA_ERR688578_31877_SZAXPI021633-26_bin.54.faa_LGPFBNAF_00938	11d3c92e1dee20ce214f360812b75073	361	Pfam	PF07922	Glycosyltransferase family 52	101	326	3.1E-9	T	12-02-2026	IPR012477	Glycosyltransferase family 52	-	-
PROKKA_ERR688578_31877_SZAXPI021633-26_bin.54.faa_LGPFBNAF_00938	11d3c92e1dee20ce214f360812b75073	361	Coils	Coil	Coil	219	246	-	T	12-02-2026	-	-	-	-
PROKKA_ERR688640_531281_SZAXPI021665-25_bin.26.faa_LJBBOIJN_00463	eee55e978f481812bb40462eab58bd50	366	Pfam	PF07388	Alpha-2,8-polysialyltransferase (POLYST)	3	318	9.2E-5	T	12-02-2026	IPR010866	Alpha-2,8-polysialyltransferase	-	-
PROKKA_ERR688651_531775_SZAXPI021637-37_bin.44.faa_OOFNEECP_00182	02abc82999803e5f0c2984b79724c333	346	Gene3D	G3DSA:3.40.50.11110	-	189	331	5.5E-10	T	12-02-2026	-	-	-	-
PROKKA_ERR688651_531775_SZAXPI021637-37_bin.44.faa_OOFNEECP_00182	02abc82999803e5f0c2984b79724c333	346	Pfam	PF07388	Alpha-2,8-polysialyltransferase (POLYST)	115	313	2.2E-13	T	12-02-2026	IPR010866	Alpha-2,8-polysialyltransferase	-	-
PROKKA_ERR688535_31379_SZAXPI022061-17_bin.8.faa_MGFHMBIJ_00822	02abc82999803e5f0c2984b79724c333	346	Gene3D	G3DSA:3.40.50.11110	-	189	331	5.5E-10	T	12-02-2026	-	-	-	-
PROKKA_ERR688535_31379_SZAXPI022061-17_bin.8.faa_MGFHMBIJ_00822	02abc82999803e5f0c2984b79724c333	346	Pfam	PF07388	Alpha-2,8-polysialyltransferase (POLYST)	115	313	2.2E-13	T	12-02-2026	IPR010866	Alpha-2,8-polysialyltransferase	-	-
PROKKA_ERR688539_31428_SZAXPI021957-33_bin.39.faa_BGLMDADO_00511	8d0d8e6ee5a49b9895220343e7a04c96	346	Gene3D	G3DSA:3.40.50.11110	-	199	325	1.2E-9	T	12-02-2026	-	-	-	-
PROKKA_ERR688539_31428_SZAXPI021957-33_bin.39.faa_BGLMDADO_00511	8d0d8e6ee5a49b9895220343e7a04c96	346	Pfam	PF07922	Glycosyltransferase family 52	41	313	3.2E-15	T	12-02-2026	IPR012477	Glycosyltransferase family 52	-	-
PROKKA_ERR688605_530215_SZAXPI022070-39_bin.14.faa_BHKFEIGL_00267	12fd040ee9b143460a01adc1151bddd7	297	Pfam	PF07922	Glycosyltransferase family 52	74	272	2.3E-18	T	12-02-2026	IPR012477	Glycosyltransferase family 52	-	-
PROKKA_ERR688605_530215_SZAXPI022070-39_bin.14.faa_BHKFEIGL_00267	12fd040ee9b143460a01adc1151bddd7	297	Gene3D	G3DSA:3.40.50.11110	-	162	295	1.4E-11	T	12-02-2026	-	-	-	-
PROKKA_ERR688576_31875_SZAXPI021654-123_bin.48.faa_HCBGMGBF_01577	46b4f60f43f6696bed8fcaa47022741f	361	Pfam	PF07922	Glycosyltransferase family 52	102	326	5.1E-9	T	12-02-2026	IPR012477	Glycosyltransferase family 52	-	-
PROKKA_ERR688576_31875_SZAXPI021654-123_bin.48.faa_HCBGMGBF_01577	46b4f60f43f6696bed8fcaa47022741f	361	Coils	Coil	Coil	219	246	-	T	12-02-2026	-	-	-	-
PROKKA_ERR688585_530026_SZAXPI021930-88_bin.33.faa_LIHNADKA_01579	8da6f24a2e87fd326beed7bf4fd4cba7	324	Gene3D	G3DSA:3.40.50.11110	-	189	322	8.0E-12	T	12-02-2026	-	-	-	-
PROKKA_ERR688585_530026_SZAXPI021930-88_bin.33.faa_LIHNADKA_01579	8da6f24a2e87fd326beed7bf4fd4cba7	324	Pfam	PF07922	Glycosyltransferase family 52	101	295	2.0E-18	T	12-02-2026	IPR012477	Glycosyltransferase family 52	-	-
PROKKA_ERR688524_31275_SZAXPI021941-129_bin.37.faa_PHAKNBOK_00219	8da6f24a2e87fd326beed7bf4fd4cba7	324	Gene3D	G3DSA:3.40.50.11110	-	189	322	8.0E-12	T	12-02-2026	-	-	-	-
PROKKA_ERR688524_31275_SZAXPI021941-129_bin.37.faa_PHAKNBOK_00219	8da6f24a2e87fd326beed7bf4fd4cba7	324	Pfam	PF07922	Glycosyltransferase family 52	101	295	2.0E-18	T	12-02-2026	IPR012477	Glycosyltransferase family 52	-	-
PROKKA_ERR688635_531128_SZAXPI021689-166_bin.3.faa_LFEPHBFH_01484	8c1d13656affa260047df8cb811abd06	356	Pfam	PF07388	Alpha-2,8-polysialyltransferase (POLYST)	115	308	0.0036	T	12-02-2026	IPR010866	Alpha-2,8-polysialyltransferase	-	-
PROKKA_ERR688589_530041_SZAXPI021954-25_bin.14.faa_KBLHJBIC_00127	39c66670d73332bd788adfeed4641d10	324	Gene3D	G3DSA:3.40.50.11110	-	189	322	1.7E-11	T	12-02-2026	-	-	-	-
PROKKA_ERR688589_530041_SZAXPI021954-25_bin.14.faa_KBLHJBIC_00127	39c66670d73332bd788adfeed4641d10	324	Pfam	PF07922	Glycosyltransferase family 52	101	298	2.2E-18	T	12-02-2026	IPR012477	Glycosyltransferase family 52	-	-
PROKKA_ERR688625_530558_SZAXPI021931-89_bin.20.faa_IOJKACFL_01679	144078e04b5c8e6ad36e287efcd392e9	361	Coils	Coil	Coil	226	246	-	T	12-02-2026	-	-	-	-
PROKKA_ERR688625_530558_SZAXPI021931-89_bin.20.faa_IOJKACFL_01679	144078e04b5c8e6ad36e287efcd392e9	361	Gene3D	G3DSA:3.40.50.11110	-	218	329	1.8E-5	T	12-02-2026	-	-	-	-
PROKKA_ERR688625_530558_SZAXPI021931-89_bin.20.faa_IOJKACFL_01679	144078e04b5c8e6ad36e287efcd392e9	361	Pfam	PF07922	Glycosyltransferase family 52	114	313	5.0E-10	T	12-02-2026	IPR012477	Glycosyltransferase family 52	-	-
PROKKA_ERR688527_31285_SZAXPI021656-133_bin.77.faa_ICJMLEEF_02110	bd9db4cb42007d697aca9527bf4595d1	369	Pfam	PF07388	Alpha-2,8-polysialyltransferase (POLYST)	64	258	0.14	T	12-02-2026	IPR010866	Alpha-2,8-polysialyltransferase	-	-
PROKKA_ERR688553_31549_SZAXPI021663-23_bin.9.faa_PHCKECBJ_00672	5e0784b2ac202012b8c11dddd197733b	396	Pfam	PF07388	Alpha-2,8-polysialyltransferase (POLYST)	50	359	4.8E-15	T	12-02-2026	IPR010866	Alpha-2,8-polysialyltransferase	-	-
PROKKA_ERR710426_532749_RSZAXPI000649-16_bin.34.faa_GNJFMLNP_02359	5cfefa5c1a58e06d6d6ba202d9393d4a	387	Pfam	PF07388	Alpha-2,8-polysialyltransferase (POLYST)	7	325	3.3E-7	T	12-02-2026	IPR010866	Alpha-2,8-polysialyltransferase	-	-
PROKKA_ERR688562_31714_SZAXPI021964-62_bin.1.faa_HCOMNBJC_00334	0890106e6dc961ca0f3bd04213a02234	366	Pfam	PF07388	Alpha-2,8-polysialyltransferase (POLYST)	3	293	8.0E-6	T	12-02-2026	IPR010866	Alpha-2,8-polysialyltransferase	-	-
PROKKA_ERR688635_531128_SZAXPI021689-166_bin.12.faa_IDMCDGPH_01653	359918a8a678de3e879e06e0541d0630	367	Pfam	PF07922	Glycosyltransferase family 52	109	319	1.4E-9	T	12-02-2026	IPR012477	Glycosyltransferase family 52	-	-
PROKKA_ERR688635_531128_SZAXPI021689-166_bin.12.faa_IDMCDGPH_01653	359918a8a678de3e879e06e0541d0630	367	Gene3D	G3DSA:3.40.50.11110	-	219	343	3.8E-6	T	12-02-2026	-	-	-	-
PROKKA_ERR688604_530185_SZAXPI021722-32_bin.74.faa_EBNNDEMC_00423	7e4200d7bf4add83d10cbda163d716f1	339	Gene3D	G3DSA:3.40.50.11110	-	198	323	2.8E-9	T	12-02-2026	-	-	-	-
PROKKA_ERR688604_530185_SZAXPI021722-32_bin.74.faa_EBNNDEMC_00423	7e4200d7bf4add83d10cbda163d716f1	339	Pfam	PF07922	Glycosyltransferase family 52	104	317	4.2E-21	T	12-02-2026	IPR012477	Glycosyltransferase family 52	-	-
PROKKA_ERR688531_31337_SZAXPI021672-108_bin.6.faa_LMIKIDDO_00151	a7dcdc64b2df43d0a2b4d25711b0f878	357	Pfam	PF07922	Glycosyltransferase family 52	104	309	3.0E-7	T	12-02-2026	IPR012477	Glycosyltransferase family 52	-	-
PROKKA_ERR688611_530297_SZAXPI021928-84_bin.39.faa_HCOLGOIA_01013	6bd612b2b882e2b40e73c082bfb59db1	295	Pfam	PF07922	Glycosyltransferase family 52	63	283	1.8E-11	T	12-02-2026	IPR012477	Glycosyltransferase family 52	-	-
PROKKA_ERR688629_530705_SZAXPI021936-102_bin.43.faa_NJLMHLAN_02919	7b502d709d50f95dccefeb8c1b3a2fa7	361	Coils	Coil	Coil	219	246	-	T	12-02-2026	-	-	-	-
PROKKA_ERR688629_530705_SZAXPI021936-102_bin.43.faa_NJLMHLAN_02919	7b502d709d50f95dccefeb8c1b3a2fa7	361	Pfam	PF07922	Glycosyltransferase family 52	102	326	1.2E-9	T	12-02-2026	IPR012477	Glycosyltransferase family 52	-	-
PROKKA_ERR688575_31874_SZAXPI021632-21_bin.16.faa_GEOIMGGH_15687	1fd8661f290b2f1ff13bfaffb36e18a6	336	Gene3D	G3DSA:3.40.50.11110	-	189	312	9.2E-11	T	12-02-2026	-	-	-	-
PROKKA_ERR688575_31874_SZAXPI021632-21_bin.16.faa_GEOIMGGH_15687	1fd8661f290b2f1ff13bfaffb36e18a6	336	Pfam	PF07922	Glycosyltransferase family 52	31	307	2.5E-15	T	12-02-2026	IPR012477	Glycosyltransferase family 52	-	-
PROKKA_ERR688610_530295_SZAXPI022047-102_bin.1.faa_KIGMJHCF_02204	77438310687c01f013eb1be5dfcb1948	361	Coils	Coil	Coil	226	246	-	T	12-02-2026	-	-	-	-
PROKKA_ERR688610_530295_SZAXPI022047-102_bin.1.faa_KIGMJHCF_02204	77438310687c01f013eb1be5dfcb1948	361	Pfam	PF07922	Glycosyltransferase family 52	115	313	6.2E-10	T	12-02-2026	IPR012477	Glycosyltransferase family 52	-	-
PROKKA_ERR688610_530295_SZAXPI022047-102_bin.1.faa_KIGMJHCF_02204	77438310687c01f013eb1be5dfcb1948	361	Gene3D	G3DSA:3.40.50.11110	-	218	329	3.9E-5	T	12-02-2026	-	-	-	-
PROKKA_ERR688506_31009_SZAXPI022053-133_bin.57.faa_KPGNGDME_00238	bd8f19b9904c5b19a92e6e394c7d4fe0	324	Gene3D	G3DSA:3.40.50.11110	-	189	322	6.1E-11	T	12-02-2026	-	-	-	-
PROKKA_ERR688506_31009_SZAXPI022053-133_bin.57.faa_KPGNGDME_00238	bd8f19b9904c5b19a92e6e394c7d4fe0	324	Pfam	PF07922	Glycosyltransferase family 52	101	298	1.9E-17	T	12-02-2026	IPR012477	Glycosyltransferase family 52	-	-
PROKKA_ERR688631_530756_SZAXPI022085-39_bin.27.faa_CGPHHMGD_01022	1ffd29bca587f49f9d73d98a94a34aed	362	Pfam	PF07388	Alpha-2,8-polysialyltransferase (POLYST)	9	283	3.5E-6	T	12-02-2026	IPR010866	Alpha-2,8-polysialyltransferase	-	-
PROKKA_ERR688558_31685_SZAXPI021691-140_bin.50.faa_NJPLLLOK_02308	9ab7488796e2c569ecab8f2b02b3290e	367	Pfam	PF07388	Alpha-2,8-polysialyltransferase (POLYST)	4	317	1.9E-11	T	12-02-2026	IPR010866	Alpha-2,8-polysialyltransferase	-	-
PROKKA_ERR688634_530890_SZAXPI021648-95_bin.6.faa_MBBOKLHA_00957	9ab7488796e2c569ecab8f2b02b3290e	367	Pfam	PF07388	Alpha-2,8-polysialyltransferase (POLYST)	4	317	1.9E-11	T	12-02-2026	IPR010866	Alpha-2,8-polysialyltransferase	-	-
PROKKA_ERR688508_31030_SZAXPI021937-109_bin.33.faa_MOPHBJNA_00480	7b52bb15cbe3a867715d954d704c2380	314	Gene3D	G3DSA:3.40.50.11110	-	205	301	5.3E-7	T	12-02-2026	-	-	-	-
PROKKA_ERR688508_31030_SZAXPI021937-109_bin.33.faa_MOPHBJNA_00480	7b52bb15cbe3a867715d954d704c2380	314	Pfam	PF07922	Glycosyltransferase family 52	69	297	2.3E-20	T	12-02-2026	IPR012477	Glycosyltransferase family 52	-	-
PROKKA_ERR688611_530297_SZAXPI021928-84_bin.52.faa_ABALCGAG_00012	5c7592f7120daf5534da088c954cfc78	324	Gene3D	G3DSA:3.40.50.11110	-	192	322	1.5E-11	T	12-02-2026	-	-	-	-
PROKKA_ERR688611_530297_SZAXPI021928-84_bin.52.faa_ABALCGAG_00012	5c7592f7120daf5534da088c954cfc78	324	Pfam	PF07922	Glycosyltransferase family 52	101	295	3.3E-18	T	12-02-2026	IPR012477	Glycosyltransferase family 52	-	-
PROKKA_ERR688644_531382_SZAXPI021646-93_bin.20.faa_CGFIEJOM_00974	5c7592f7120daf5534da088c954cfc78	324	Gene3D	G3DSA:3.40.50.11110	-	192	322	1.5E-11	T	12-02-2026	-	-	-	-
PROKKA_ERR688644_531382_SZAXPI021646-93_bin.20.faa_CGFIEJOM_00974	5c7592f7120daf5534da088c954cfc78	324	Pfam	PF07922	Glycosyltransferase family 52	101	295	3.3E-18	T	12-02-2026	IPR012477	Glycosyltransferase family 52	-	-
PROKKA_ERR688609_530262_SZAXPI021943-136_bin.14.faa_APPOOBLA_00411	c83c365d5cd4be3bccaa3d843237ade6	361	Coils	Coil	Coil	226	246	-	T	12-02-2026	-	-	-	-
PROKKA_ERR688609_530262_SZAXPI021943-136_bin.14.faa_APPOOBLA_00411	c83c365d5cd4be3bccaa3d843237ade6	361	Gene3D	G3DSA:3.40.50.11110	-	218	329	1.8E-5	T	12-02-2026	-	-	-	-
PROKKA_ERR688609_530262_SZAXPI021943-136_bin.14.faa_APPOOBLA_00411	c83c365d5cd4be3bccaa3d843237ade6	361	Pfam	PF07922	Glycosyltransferase family 52	116	313	1.1E-9	T	12-02-2026	IPR012477	Glycosyltransferase family 52	-	-
