PROKKA_ERR479019_bin.29.faa_GOMOACDP_01670	-	339	lst_final_auto	-	373	2.1e-23	82.1	6.3	1	1	3.8e-27	2.7e-23	81.7	6.3	48	340	15	328	4	338	0.71	hypothetical	protein
PROKKA_ERR479294_bin.15.faa_JEFOIMJM_00009	-	361	lst_final_auto	-	373	1.3e-30	103.9	3.6	1	1	1.6e-33	1.4e-30	103.7	3.6	45	308	1	324	1	358	0.74	hypothetical	protein
PROKKA_ERR479294_bin.15.faa_JEFOIMJM_01764	-	361	lst_final_auto	-	373	6.3e-29	98.3	4.8	1	1	8.4e-32	7.5e-29	98.0	4.8	45	311	1	327	1	355	0.74	hypothetical	protein
PROKKA_ERR479049_bin.27.faa_PLGEJJMN_00828	-	361	lst_final_auto	-	373	3.1e-29	98.3	4.9	1	1	4.2e-32	3.7e-29	98.1	4.9	45	314	1	327	1	358	0.73	hypothetical	protein
PROKKA_ERR478981_bin.21.faa_PROKKA_ERR478981_bin.21.faa_FBELJFPA_01547	-	128	lst_final_auto	-	373	0.0042	13.5	0.0	1	1	2.3e-06	0.0045	13.4	0.0	8	101	10	108	3	127	0.64	hypothetical	protein
PROKKA_ERR479075_bin.34.faa_DMGMADME_00767	-	362	lst_final_auto	-	373	4.6e-15	52.6	25.7	1	1	3.4e-18	5.6e-15	52.3	25.7	49	348	1	346	1	358	0.66	hypothetical	protein
PROKKA_ERR479144_bin.2.faa_KPEBHMIM_01808	-	329	lst_final_auto	-	373	4.9e-24	83.2	3.1	1	1	1.7e-27	6.1e-24	82.9	3.1	46	344	5	322	1	328	0.73	hypothetical	protein
PROKKA_ERR479023_bin.8.faa_GOHAJDHF_00032	-	248	lst_final_auto	-	373	8.3e-22	73.2	0.1	1	1	2.1e-24	1.1e-21	72.7	0.1	138	344	14	241	9	247	0.75	hypothetical	protein
PROKKA_ERR479020_bin.17.faa_FBNOLNIK_02644	-	339	lst_final_auto	-	373	1.1e-23	82.1	6.3	1	1	3.8e-27	1.4e-23	81.7	6.3	48	340	15	328	4	338	0.71	hypothetical	protein
PROKKA_ERR479170_bin.4.faa_KBKFBLCC_00342	-	361	lst_final_auto	-	373	3.2e-33	112.7	7.1	1	1	2.4e-36	5.3e-33	112.0	7.1	47	332	3	341	1	360	0.73	hypothetical	protein
PROKKA_ERR479001_bin.16.faa_JBPHJCLF_00452	-	314	lst_final_auto	-	373	6.8e-12	42.5	0.0	1	1	4.1e-15	8.8e-12	42.1	0.0	51	331	3	303	1	313	0.72	hypothetical	protein
PROKKA_ERR479404_bin.2.faa_KCJEHCON_00990	-	128	lst_final_auto	-	373	0.0076	13.5	0.0	1	1	2.3e-06	0.0081	13.4	0.0	8	101	10	108	3	127	0.64	hypothetical	protein
PROKKA_ERR479254_bin.46.faa_CLPMAFOJ_02167	-	371	lst_final_auto	-	373	8.9e-12	42.2	2.1	1	1	5.5e-15	1.3e-11	41.7	2.1	48	344	5	348	1	367	0.59	hypothetical	protein
PROKKA_ERR479077_bin.45.faa_JFFFOCNL_01391	-	371	lst_final_auto	-	373	8.3e-12	42.2	2.1	1	1	5.5e-15	1.2e-11	41.7	2.1	48	344	5	348	1	367	0.59	hypothetical	protein
PROKKA_ERR479083_bin.26.faa_APIBKEPB_00742	-	334	lst_final_auto	-	373	3.3e-13	46.7	0.0	1	1	2.3e-16	4.4e-13	46.2	0.0	50	331	3	323	1	332	0.71	hypothetical	protein
PROKKA_ERR478995_bin.13.faa_OJFKMAMJ_03640	-	309	lst_final_auto	-	373	9.5e-16	56.6	18.5	1	1	2.1e-19	1.2e-15	56.3	18.5	74	333	31	288	13	307	0.68	hypothetical	protein
PROKKA_ERR479072_bin.17.faa_IKHNNDKK_00447	-	361	lst_final_auto	-	373	1.8e-30	103.0	3.9	1	1	1.5e-33	2.2e-30	102.8	3.9	45	308	1	324	1	358	0.74	hypothetical	protein
PROKKA_ERR479295_bin.15.faa_OADNNMOM_00708	-	128	lst_final_auto	-	373	0.0061	13.4	0.0	1	1	2.3e-06	0.0066	13.3	0.0	8	101	10	108	3	127	0.64	hypothetical	protein
PROKKA_ERR479064_bin.41.faa_KLHEDGNM_01912	-	128	lst_final_auto	-	373	0.0051	13.5	0.0	1	1	2.3e-06	0.0055	13.4	0.0	8	101	10	108	3	127	0.64	hypothetical	protein
PROKKA_ERR479143_bin.7.faa_ABLOMOLL_01200	-	329	lst_final_auto	-	373	4.7e-24	83.2	3.1	1	1	1.7e-27	5.8e-24	82.9	3.1	46	344	5	322	1	328	0.73	hypothetical	protein
PROKKA_ERR479063_bin.26.faa_MGAHLFLM_01892	-	361	lst_final_auto	-	373	2e-30	103.4	4.1	1	1	1.2e-33	2.3e-30	103.2	4.1	45	308	1	324	1	358	0.74	hypothetical	protein
PROKKA_ERR479211_bin.14.faa_AECCEJEP_02121	-	128	lst_final_auto	-	373	0.0046	13.5	0.0	1	1	2.3e-06	0.0049	13.4	0.0	8	101	10	108	3	127	0.64	hypothetical	protein
PROKKA_ERR479195_bin.28.faa_CHJALCIK_00560	-	329	lst_final_auto	-	373	4.7e-24	83.2	3.1	1	1	1.7e-27	5.9e-24	82.9	3.1	46	344	5	322	1	328	0.73	hypothetical	protein
PROKKA_ERR479195_bin.20.faa_JIOPJGGE_00340	-	314	lst_final_auto	-	373	3.5e-12	43.3	0.0	1	1	2.3e-15	4.3e-12	43.0	0.0	51	331	3	303	1	313	0.72	hypothetical	protein
PROKKA_ERR479102_bin.6.faa_OFODIONM_01694	-	128	lst_final_auto	-	373	0.004	13.5	0.0	1	1	2.3e-06	0.0043	13.4	0.0	8	101	10	108	3	127	0.64	hypothetical	protein
PROKKA_ERR479076_bin.44.faa_MBNDIJCM_00453	-	151	lst_final_auto	-	373	6.6e-09	32.4	6.2	1	1	8.6e-12	7.7e-09	32.2	6.2	233	349	7	136	2	148	0.80	hypothetical	protein
PROKKA_ERR479076_bin.44.faa_MBNDIJCM_00452	-	227	lst_final_auto	-	373	1.6e-05	21.3	11.9	1	1	2.2e-08	2e-05	21.0	11.8	49	192	1	152	1	214	0.66	hypothetical	protein
PROKKA_ERR479042_bin.12.faa_GGPNACCN_01869	-	318	lst_final_auto	-	373	3.5e-25	86.1	2.1	1	1	2e-28	4e-25	85.9	2.1	87	308	26	281	4	315	0.75	hypothetical	protein
PROKKA_ERR479077_bin.32.faa_ONGOMFKL_00847	-	128	lst_final_auto	-	373	0.006	13.5	0.0	1	1	2.3e-06	0.0065	13.4	0.0	8	101	10	108	3	127	0.64	hypothetical	protein
PROKKA_ERR479189_bin.5.faa_LHJOGPDH_00134	-	339	lst_final_auto	-	373	1e-23	82.1	6.3	1	1	3.8e-27	1.3e-23	81.7	6.3	48	340	15	328	4	338	0.71	hypothetical	protein
PROKKA_ERR479272_bin.1.faa_GCEOFOAH_02465	-	339	lst_final_auto	-	373	1.1e-23	82.1	6.3	1	1	3.8e-27	1.4e-23	81.7	6.3	48	340	15	328	4	338	0.71	hypothetical	protein
PROKKA_ERR479068_bin.21.faa_AGPDLJPO_01050	-	322	lst_final_auto	-	373	4.9e-15	51.9	0.0	1	1	7.9e-18	8.9e-15	51.1	0.0	46	331	2	313	1	321	0.70	hypothetical	protein
PROKKA_ERR479403_bin.8.faa_KJGAIIMH_01933	-	128	lst_final_auto	-	373	0.0068	13.5	0.0	1	1	2.3e-06	0.0073	13.4	0.0	8	101	10	108	3	127	0.64	hypothetical	protein
PROKKA_ERR479247_bin.3.faa_HBKEGIGD_01195	-	324	lst_final_auto	-	373	4.3e-21	72.1	8.3	1	1	7.6e-24	5e-21	71.9	8.3	52	329	5	299	1	318	0.65	hypothetical	protein
PROKKA_ERR479247_bin.3.faa_HBKEGIGD_00814	-	221	lst_final_auto	-	373	0.018	10.8	0.5	1	1	4e-05	0.026	10.3	0.5	6	66	4	74	1	98	0.80	hypothetical	protein
PROKKA_ERR479132_bin.4.faa_APPGMHDI_00571	-	323	lst_final_auto	-	373	3.2e-20	69.6	9.5	1	1	2.1e-23	3.7e-20	69.4	9.5	52	329	5	298	1	320	0.71	hypothetical	protein
PROKKA_ERR479416_bin.21.faa_EBJMBIDH_01559	-	324	lst_final_auto	-	373	1.3e-15	54.8	0.0	1	1	1.9e-18	2.1e-15	54.1	0.0	46	331	2	314	1	323	0.72	hypothetical	protein
PROKKA_ERR479416_bin.21.faa_EBJMBIDH_01488	-	224	lst_final_auto	-	373	0.022	11.2	0.0	1	1	2.2e-05	0.023	11.1	0.0	36	78	42	96	12	153	0.78	Immunity	protein	SdpI
PROKKA_ERR479073_bin.18.faa_MBMHPHFI_01332	-	132	lst_final_auto	-	373	1.2e-05	21.4	0.0	1	1	8.3e-09	1.2e-05	21.4	0.0	231	332	20	122	1	131	0.77	hypothetical	protein
PROKKA_ERR479247_bin.4.faa_DBABKFLN_00886	-	128	lst_final_auto	-	373	0.0022	13.3	0.0	1	1	2.6e-06	0.0023	13.2	0.0	8	101	10	108	3	127	0.64	hypothetical	protein
PROKKA_ERR479151_bin.6.faa_GPDHKCHM_05651	-	128	lst_final_auto	-	373	0.014	13.5	0.0	1	1	2.3e-06	0.015	13.4	0.0	8	101	10	108	3	127	0.64	hypothetical	protein
PROKKA_ERR478967_bin.15.faa_BLACFBEF_00939	-	361	lst_final_auto	-	373	7e-29	98.2	5.2	1	1	4.6e-32	8.2e-29	97.9	5.2	45	314	1	327	1	358	0.74	hypothetical	protein
PROKKA_ERR479161_bin.51.faa_AGOHGDFH_00640	-	314	lst_final_auto	-	373	2.9e-12	42.9	0.0	1	1	3.1e-15	3.7e-12	42.5	0.0	51	331	3	303	1	313	0.72	hypothetical	protein
PROKKA_ERR479400_bin.7.faa_ELHFDIGN_00740	-	314	lst_final_auto	-	373	7.6e-13	44.1	0.0	1	1	1.2e-15	9.2e-13	43.8	0.0	51	331	3	303	1	313	0.71	hypothetical	protein
PROKKA_ERR479133_bin.6.faa_PEBJCFOP_01653	-	323	lst_final_auto	-	373	3.2e-20	69.6	9.5	1	1	2.1e-23	3.7e-20	69.4	9.5	52	329	5	298	1	320	0.71	hypothetical	protein
PROKKA_ERR478989_bin.6.faa_FKCMJNPE_05394	-	146	lst_final_auto	-	373	8e-18	63.4	1.1	1	1	1.6e-21	8.9e-18	63.2	1.1	216	340	6	135	1	145	0.81	hypothetical	protein
PROKKA_ERR479040_bin.10.faa_ICOGPACP_02439	-	324	lst_final_auto	-	373	0.013	12.4	2.1	1	1	6.1e-06	0.018	12.0	2.1	6	225	54	297	49	323	0.59	hypothetical	protein
PROKKA_ERR478988_bin.11.faa_JNKKKCBD_01273	-	339	lst_final_auto	-	373	1.5e-23	82.1	6.3	1	1	3.8e-27	2e-23	81.7	6.3	48	340	15	328	4	338	0.71	hypothetical	protein
PROKKA_ERR479159_bin.11.faa_LACPJLDD_00874	-	361	lst_final_auto	-	373	8.5e-29	98.6	5.2	1	1	3.3e-32	1e-28	98.4	5.2	45	314	1	327	1	358	0.73	hypothetical	protein
PROKKA_ERR479248_bin.13.faa_CCNMGPAM_00840	-	128	lst_final_auto	-	373	0.0038	13.3	0.0	1	1	2.6e-06	0.0041	13.2	0.0	8	101	10	108	3	127	0.64	hypothetical	protein
PROKKA_ERR479272_bin.17.faa_ODOCPCDD_00469	-	128	lst_final_auto	-	373	0.0039	13.5	0.0	1	1	2.3e-06	0.0042	13.4	0.0	8	101	10	108	3	127	0.64	hypothetical	protein
PROKKA_ERR479075_bin.31.faa_NBKCBKHJ_00148	-	451	lst_final_auto	-	373	0.00027	14.1	6.8	1	1	4.9e-05	0.0095	9.0	6.8	49	188	82	295	23	342	0.63	Replicative	DNA	helicase
PROKKA_ERR479075_bin.4.faa_CBOOKJMC_01445	-	361	lst_final_auto	-	373	8.8e-29	97.9	5.3	1	1	5.6e-32	1e-28	97.7	5.3	45	311	1	327	1	358	0.74	hypothetical	protein
PROKKA_ERR479218_bin.16.faa_OJIABAJP_01991	-	128	lst_final_auto	-	373	0.0046	13.5	0.0	1	1	2.3e-06	0.0049	13.4	0.0	8	101	10	108	3	127	0.64	hypothetical	protein
PROKKA_ERR479296_bin.7.faa_CFJBMEFF_01233	-	361	lst_final_auto	-	373	6e-29	98.3	4.9	1	1	4.2e-32	7.1e-29	98.1	4.9	45	314	1	327	1	358	0.73	hypothetical	protein
PROKKA_ERR479400_bin.6.faa_NACPDBGP_01720	-	128	lst_final_auto	-	373	0.0064	13.3	0.0	1	1	2.6e-06	0.0069	13.2	0.0	8	101	10	108	3	127	0.64	hypothetical	protein
PROKKA_ERR479286_bin.9.faa_OMJBDNKP_00384	-	222	lst_final_auto	-	373	9.3e-06	21.9	0.0	1	1	5.8e-09	9.3e-06	21.9	0.0	206	332	85	212	1	221	0.70	hypothetical	protein
PROKKA_ERR479140_bin.9.faa_DEDOAGKI_01769	-	336	lst_final_auto	-	373	2.9e-28	96.6	7.3	1	1	1.5e-31	3.9e-28	96.2	7.3	77	347	26	324	11	335	0.75	hypothetical	protein
PROKKA_ERR479217_bin.17.faa_HLJMBPDM_00224	-	128	lst_final_auto	-	373	0.0057	13.5	0.0	1	1	2.3e-06	0.0062	13.4	0.0	8	101	10	108	3	127	0.64	hypothetical	protein
PROKKA_ERR479074_bin.18.faa_NOIKEDNF_00307	-	361	lst_final_auto	-	373	1.6e-30	103.0	3.9	1	1	1.5e-33	1.9e-30	102.8	3.9	45	308	1	324	1	358	0.74	hypothetical	protein
PROKKA_ERR479273_bin.8.faa_NGMMJGGF_00193	-	361	lst_final_auto	-	373	1.4e-29	98.1	5.4	1	1	4.8e-32	1.7e-29	97.9	5.4	45	314	1	327	1	358	0.73	hypothetical	protein
PROKKA_ERR478986_bin.11.faa_MLLPPNAF_02584	-	339	lst_final_auto	-	373	1.4e-23	82.1	6.3	1	1	3.8e-27	1.8e-23	81.7	6.3	48	340	15	328	4	338	0.71	hypothetical	protein
PROKKA_ERR479213_bin.15.faa_GPEMJCOG_00869	-	128	lst_final_auto	-	373	0.005	13.5	0.0	1	1	2.3e-06	0.0053	13.4	0.0	8	101	10	108	3	127	0.64	hypothetical	protein
PROKKA_ERR479186_bin.8.faa_JGOGMMKE_00417	-	132	lst_final_auto	-	373	2.5e-11	40.1	0.1	1	1	1.7e-14	2.5e-11	40.1	0.1	216	308	2	95	1	130	0.81	hypothetical	protein
PROKKA_ERR479132_bin.1.faa_CABHEHFM_03288	-	309	lst_final_auto	-	373	6.1e-16	56.6	18.5	1	1	2.1e-19	7.9e-16	56.3	18.5	74	333	31	288	13	307	0.68	hypothetical	protein
PROKKA_ERR478970_bin.2.faa_JNNENEPL_03479	-	128	lst_final_auto	-	373	0.015	13.5	0.0	1	1	2.3e-06	0.016	13.4	0.0	8	101	10	108	3	127	0.64	hypothetical	protein
PROKKA_ERR479130_bin.13.faa_FILPLAFL_01342	-	324	lst_final_auto	-	373	0.0072	12.4	2.1	1	1	6.1e-06	0.0097	12.0	2.1	6	225	54	297	49	323	0.59	hypothetical	protein
PROKKA_ERR478959_bin.11.faa_PROKKA_ERR478959_bin.11.faa_HGBLDOOD_01274	-	314	lst_final_auto	-	373	3.9e-12	43.3	0.0	1	1	2.3e-15	4.8e-12	43.0	0.0	51	331	3	303	1	313	0.72	hypothetical	protein
PROKKA_ERR479141_bin.12.faa_HKEFFGAC_01697	-	361	lst_final_auto	-	373	2.8e-30	103.0	3.9	1	1	1.5e-33	3.3e-30	102.8	3.9	45	308	1	324	1	358	0.74	hypothetical	protein
PROKKA_ERR479254_bin.4.faa_MPPMMEMJ_00065	-	314	lst_final_auto	-	373	5.5e-12	42.5	0.0	1	1	4.1e-15	7.2e-12	42.1	0.0	51	331	3	303	1	313	0.72	hypothetical	protein
PROKKA_ERR479073_bin.15.faa_ALJAJDGI_00098	-	343	lst_final_auto	-	373	4.1e-26	88.7	2.0	1	1	3.4e-29	4.9e-26	88.5	2.0	86	308	50	306	11	340	0.72	hypothetical	protein
PROKKA_ERR479155_bin.14.faa_KBPNPFNG_00163	-	138	lst_final_auto	-	373	2.2e-13	47.1	4.4	1	1	1.4e-16	2.4e-13	46.9	4.4	218	329	5	113	1	134	0.81	hypothetical	protein
PROKKA_ERR479135_bin.1.faa_JCNIODHK_00336	-	323	lst_final_auto	-	373	3.2e-20	69.6	9.5	1	1	2.1e-23	3.7e-20	69.4	9.5	52	329	5	298	1	320	0.71	hypothetical	protein
PROKKA_ERR479280_bin.2.faa_NIBICEKH_03202	-	329	lst_final_auto	-	373	5.3e-24	83.2	3.1	1	1	1.7e-27	6.7e-24	82.9	3.1	46	344	5	322	1	328	0.73	hypothetical	protein
PROKKA_ERR479021_bin.3.faa_JFAFCBEK_00762	-	339	lst_final_auto	-	373	1.3e-23	82.1	6.3	1	1	3.8e-27	1.6e-23	81.7	6.3	48	340	15	328	4	338	0.71	hypothetical	protein
PROKKA_ERR479280_bin.19.faa_FFMHOCLE_01479	-	128	lst_final_auto	-	373	0.0031	13.5	0.0	1	1	2.3e-06	0.0034	13.4	0.0	8	101	10	108	3	127	0.64	hypothetical	protein
PROKKA_ERR479199_bin.13.faa_HDIJLOBJ_00620	-	324	lst_final_auto	-	373	0.0084	12.4	2.1	1	1	6.1e-06	0.011	12.0	2.1	6	225	54	297	49	323	0.59	hypothetical	protein
PROKKA_ERR479011_bin.13.faa_IGICDICN_00124	-	189	lst_final_auto	-	373	0.0034	12.0	3.6	1	1	7.6e-06	0.0043	11.6	3.6	77	158	29	118	13	119	0.73	hypothetical	protein
PROKKA_ERR479077_bin.52.faa_DONOJLME_00703	-	369	lst_final_auto	-	373	9e-11	39.0	9.3	1	1	5.2e-14	1.2e-10	38.5	9.3	51	321	3	306	1	359	0.61	hypothetical	protein
PROKKA_ERR479005_bin.14.faa_MFBDLAJD_00250	-	361	lst_final_auto	-	373	2.5e-30	103.0	3.9	1	1	1.5e-33	3e-30	102.8	3.9	45	308	1	324	1	358	0.74	hypothetical	protein
PROKKA_ERR479166_bin.14.faa_AGDKENIP_01785	-	314	lst_final_auto	-	373	6.1e-12	42.5	0.0	1	1	4.1e-15	7.8e-12	42.1	0.0	51	331	3	303	1	313	0.72	hypothetical	protein
PROKKA_ERR479002_bin.18.faa_PROKKA_ERR479002_bin.18.faa_BBDDKIKN_00608	-	128	lst_final_auto	-	373	0.0095	13.5	0.0	1	1	2.3e-06	0.01	13.4	0.0	8	101	10	108	3	127	0.64	hypothetical	protein
PROKKA_ERR479184_bin.10.faa_NDLEGPJN_00846	-	361	lst_final_auto	-	373	1e-30	103.8	3.2	1	1	8.6e-34	1.2e-30	103.6	3.2	45	308	1	324	1	358	0.74	hypothetical	protein
PROKKA_ERR479161_bin.41.faa_IGMOHHCG_00297	-	128	lst_final_auto	-	373	0.0054	13.5	0.0	1	1	2.3e-06	0.0058	13.4	0.0	8	101	10	108	3	127	0.64	hypothetical	protein
PROKKA_ERR479243_bin.8.faa_MEGGINGH_03491	-	356	lst_final_auto	-	373	1.2e-32	112.0	1.5	1	1	3.1e-36	1.5e-32	111.6	1.5	50	318	3	328	1	355	0.72	hypothetical	protein
PROKKA_ERR479064_bin.53.faa_HAGBICIB_01039	-	339	lst_final_auto	-	373	1.7e-23	82.1	6.3	1	1	3.8e-27	2.1e-23	81.7	6.3	48	340	15	328	4	338	0.71	hypothetical	protein
PROKKA_ERR479002_bin.8.faa_LCABGBGD_00237	-	314	lst_final_auto	-	373	4e-12	43.3	0.0	1	1	2.3e-15	4.9e-12	43.0	0.0	51	331	3	303	1	313	0.72	hypothetical	protein
PROKKA_ERR479138_bin.16.faa_DMLPFLBC_00563	-	314	lst_final_auto	-	373	7.1e-12	42.0	0.0	1	1	5.6e-15	8.8e-12	41.7	0.0	51	331	3	303	1	313	0.70	hypothetical	protein
PROKKA_ERR479149_bin.16.faa_OBOABHCJ_00080	-	322	lst_final_auto	-	373	1.6e-15	53.2	0.0	1	1	3e-18	2.8e-15	52.4	0.0	46	331	2	313	1	321	0.70	hypothetical	protein
PROKKA_ERR479169_bin.24.faa_FGCKDGJD_00920	-	361	lst_final_auto	-	373	3.6e-29	98.3	4.9	1	1	4.2e-32	4.3e-29	98.1	4.9	45	314	1	327	1	358	0.73	hypothetical	protein
PROKKA_ERR479145_bin.5.faa_CHGIHLBA_00404	-	329	lst_final_auto	-	373	5e-24	83.2	3.1	1	1	1.7e-27	6.3e-24	82.9	3.1	46	344	5	322	1	328	0.73	hypothetical	protein
PROKKA_ERR479065_bin.36.faa_OALLKAME_00743	-	333	lst_final_auto	-	373	1e-08	31.4	10.9	1	1	9.6e-12	1.4e-08	31.0	10.9	44	350	7	330	1	333	0.60	hypothetical	protein
PROKKA_ERR479124_bin.20.faa_GNDLPOOG_00158	-	361	lst_final_auto	-	373	1.9e-31	103.8	4.0	1	1	8.7e-34	2.2e-31	103.6	4.0	45	308	1	324	1	358	0.74	hypothetical	protein
PROKKA_ERR479246_bin.19.faa_CIBNHGOL_00228	-	324	lst_final_auto	-	373	4.3e-21	72.1	8.3	1	1	7.6e-24	5e-21	71.9	8.3	52	329	5	299	1	318	0.65	hypothetical	protein
PROKKA_ERR479246_bin.19.faa_CIBNHGOL_00159	-	221	lst_final_auto	-	373	0.018	10.8	0.5	1	1	4e-05	0.026	10.3	0.5	6	66	4	74	1	98	0.80	hypothetical	protein
PROKKA_ERR479134_bin.11.faa_CFBIADMF_01204	-	323	lst_final_auto	-	373	3.2e-20	69.6	9.5	1	1	2.1e-23	3.7e-20	69.4	9.5	52	329	5	298	1	320	0.71	hypothetical	protein
PROKKA_ERR479106_bin.3.faa_OIKDCODN_01934	-	361	lst_final_auto	-	373	7.3e-29	98.3	4.9	1	1	4.2e-32	8.6e-29	98.1	4.9	45	314	1	327	1	358	0.73	hypothetical	protein
PROKKA_ERR479001_bin.7.faa_AANLOMIN_00039	-	128	lst_final_auto	-	373	0.0063	13.5	0.0	1	1	2.3e-06	0.0068	13.4	0.0	8	101	10	108	3	127	0.64	hypothetical	protein
PROKKA_ERR479038_bin.13.faa_OAKKCFDN_00839	-	361	lst_final_auto	-	373	6.9e-29	98.3	4.9	1	1	4.2e-32	8.2e-29	98.1	4.9	45	314	1	327	1	358	0.73	hypothetical	protein
PROKKA_ERR479084_bin.17.faa_DOBHJHIB_00833	-	330	lst_final_auto	-	373	2.2e-15	53.4	0.0	1	1	1.9e-18	2.8e-15	53.1	0.0	51	321	4	312	1	325	0.75	hypothetical	protein
PROKKA_ERR479402_bin.3.faa_KOJPDDHN_02561	-	128	lst_final_auto	-	373	0.0055	13.5	0.0	1	1	2.3e-06	0.0059	13.4	0.0	8	101	10	108	3	127	0.64	hypothetical	protein
PROKKA_ERR479090_bin.23.faa_LOHLGNPJ_01859	-	361	lst_final_auto	-	373	7.4e-31	105.0	2.9	1	1	7.5e-34	8.5e-31	104.8	2.9	45	308	1	324	1	358	0.74	hypothetical	protein
PROKKA_ERR479090_bin.23.faa_LOHLGNPJ_00874	-	361	lst_final_auto	-	373	2.7e-30	103.2	3.0	1	1	2.8e-33	3.1e-30	102.9	3.0	45	314	1	327	1	359	0.74	hypothetical	protein
PROKKA_ERR479141_bin.7.faa_NDGMGPKK_00165	-	336	lst_final_auto	-	373	1.3e-28	96.6	7.3	1	1	1.5e-31	1.7e-28	96.2	7.3	77	347	26	324	11	335	0.75	hypothetical	protein
PROKKA_ERR479136_bin.25.faa_GPEMLBHP_01070	-	346	lst_final_auto	-	373	6.7e-24	82.0	2.7	1	1	3.7e-27	8e-24	81.8	2.7	78	314	24	312	2	343	0.71	hypothetical	protein
PROKKA_ERR478983_bin.10.faa_CIHMJDJN_02594	-	128	lst_final_auto	-	373	0.0085	13.5	0.0	1	1	2.3e-06	0.0091	13.4	0.0	8	101	10	108	3	127	0.64	hypothetical	protein
PROKKA_ERR478971_bin.9.faa_PROKKA_ERR478971_bin.9.faa_MIAJEGEN_04538	-	361	lst_final_auto	-	373	5e-29	100.5	3.9	1	1	1.9e-32	6.2e-29	100.2	3.9	45	308	1	324	1	358	0.72	hypothetical	protein
PROKKA_ERR478971_bin.9.faa_PROKKA_ERR478971_bin.9.faa_MIAJEGEN_02525	-	128	lst_final_auto	-	373	0.014	13.5	0.0	1	1	4.6e-06	0.015	13.4	0.0	8	101	10	108	3	127	0.64	hypothetical	protein
PROKKA_ERR479065_bin.7.faa_HNODNDPB_00289	-	361	lst_final_auto	-	373	2.7e-30	103.0	3.9	1	1	1.5e-33	3.2e-30	102.8	3.9	45	308	1	324	1	358	0.74	hypothetical	protein
PROKKA_ERR479212_bin.20.faa_NCOGGLBL_00648	-	128	lst_final_auto	-	373	0.0036	13.5	0.0	1	1	2.3e-06	0.0039	13.4	0.0	8	101	10	108	3	127	0.64	hypothetical	protein
PROKKA_ERR479157_bin.7.faa_MFOOKIIO_02521	-	361	lst_final_auto	-	373	8.3e-29	98.6	5.2	1	1	3.3e-32	9.8e-29	98.4	5.2	45	314	1	327	1	358	0.73	hypothetical	protein
PROKKA_ERR479213_bin.3.faa_BONNPGPB_00321	-	322	lst_final_auto	-	373	3.2e-15	51.7	0.0	1	1	9.1e-18	5.8e-15	50.9	0.0	46	331	2	313	1	321	0.70	hypothetical	protein
PROKKA_ERR479066_bin.11.faa_JICHCOEI_01346	-	361	lst_final_auto	-	373	2.1e-30	103.0	3.9	1	1	1.5e-33	2.4e-30	102.8	3.9	45	308	1	324	1	358	0.74	hypothetical	protein
PROKKA_ERR479011_bin.16.faa_APLHECCL_02056	-	314	lst_final_auto	-	373	3.6e-12	43.4	0.0	1	1	2.1e-15	4.4e-12	43.1	0.0	51	331	3	303	1	313	0.72	hypothetical	protein
PROKKA_ERR479075_bin.28.faa_BLNCLIPA_00197	-	336	lst_final_auto	-	373	2.2e-28	97.2	7.6	1	1	1e-31	2.9e-28	96.8	7.6	77	347	26	324	11	335	0.75	hypothetical	protein
PROKKA_ERR479286_bin.8.faa_NIFKOKJG_01119	-	361	lst_final_auto	-	373	1.6e-30	104.0	2.7	1	1	7.5e-34	1.8e-30	103.8	2.7	45	308	1	324	1	358	0.74	hypothetical	protein
PROKKA_ERR479152_bin.11.faa_IBHNIPKB_05848	-	128	lst_final_auto	-	373	0.015	13.5	0.0	1	1	2.3e-06	0.016	13.4	0.0	8	101	10	108	3	127	0.64	hypothetical	protein
PROKKA_ERR479098_bin.19.faa_PNNICPGG_00258	-	128	lst_final_auto	-	373	0.0074	13.5	0.0	1	1	2.3e-06	0.0079	13.4	0.0	8	101	10	108	3	127	0.64	hypothetical	protein
PROKKA_ERR479044_bin.19.faa_BOOEKAHL_02443	-	371	lst_final_auto	-	373	6.3e-09	33.3	12.6	1	1	2.3e-12	7.4e-09	33.1	12.6	50	349	2	367	1	371	0.58	hypothetical	protein
PROKKA_ERR478972_bin.11.faa_PROKKA_ERR478972_bin.11.faa_IPKHJFPM_01257	-	361	lst_final_auto	-	373	1e-29	100.5	3.9	1	1	9.6e-33	1.3e-29	100.2	3.9	45	308	1	324	1	358	0.72	hypothetical	protein
PROKKA_ERR478973_bin.12.faa_PROKKA_ERR478973_bin.12.faa_HGFAOFDJ_03260	-	361	lst_final_auto	-	373	4.9e-29	100.5	3.9	1	1	1.9e-32	6e-29	100.2	3.9	45	308	1	324	1	358	0.72	hypothetical	protein
PROKKA_ERR478973_bin.12.faa_PROKKA_ERR478973_bin.12.faa_HGFAOFDJ_06287	-	128	lst_final_auto	-	373	0.013	13.5	0.0	1	1	4.6e-06	0.014	13.4	0.0	8	101	10	108	3	127	0.64	hypothetical	protein
PROKKA_ERR478980_bin.11.faa_KCHJEFDK_01408	-	128	lst_final_auto	-	373	0.004	13.5	0.0	1	1	2.3e-06	0.0043	13.4	0.0	8	101	10	108	3	127	0.64	hypothetical	protein
PROKKA_ERR479156_bin.4.faa_IOIPMFAP_01137	-	138	lst_final_auto	-	373	2.3e-13	47.1	4.4	1	1	1.4e-16	2.4e-13	46.9	4.4	218	329	5	113	1	134	0.81	hypothetical	protein
PROKKA_ERR479076_bin.5.faa_PKLDFKNI_00235	-	361	lst_final_auto	-	373	3.9e-33	109.4	6.7	1	1	2.5e-35	6.5e-33	108.7	6.7	47	332	3	341	1	360	0.73	hypothetical	protein
PROKKA_ERR479039_bin.5.faa_JOCLKPJI_01438	-	324	lst_final_auto	-	373	0.013	12.4	2.1	1	1	6.1e-06	0.017	12.0	2.1	6	225	54	297	49	323	0.59	hypothetical	protein
PROKKA_ERR479140_bin.11.faa_CGBNIDIC_01467	-	361	lst_final_auto	-	373	2.7e-30	103.0	3.9	1	1	1.5e-33	3.2e-30	102.8	3.9	45	308	1	324	1	358	0.74	hypothetical	protein
PROKKA_ERR479107_bin.12.faa_IKEOIMHK_02107	-	358	lst_final_auto	-	373	8.9e-29	98.2	6.9	1	1	4.4e-32	1e-28	98.0	6.9	45	310	1	323	1	356	0.74	hypothetical	protein
PROKKA_ERR478964_bin.21.faa_HJOJPMGA_01199	-	361	lst_final_auto	-	373	3e-30	103.2	3.0	1	1	1.4e-33	3.5e-30	102.9	3.0	45	314	1	327	1	359	0.74	hypothetical	protein
PROKKA_ERR479193_bin.13.faa_ACBCDLOH_01618	-	361	lst_final_auto	-	373	2.2e-31	107.0	3.8	1	1	9.3e-35	2.5e-31	106.8	3.8	45	314	1	327	1	359	0.74	hypothetical	protein
PROKKA_ERR479245_bin.7.faa_PECLJAIC_00473	-	324	lst_final_auto	-	373	4e-21	72.1	8.3	1	1	7.6e-24	4.7e-21	71.9	8.3	52	329	5	299	1	318	0.65	hypothetical	protein
PROKKA_ERR479245_bin.7.faa_PECLJAIC_00100	-	221	lst_final_auto	-	373	0.017	10.8	0.5	1	1	4e-05	0.024	10.3	0.5	6	66	4	74	1	98	0.80	hypothetical	protein
PROKKA_ERR479407_bin.9.faa_EHBCJKON_00519	-	314	lst_final_auto	-	373	5.7e-12	42.6	0.0	1	1	3.9e-15	7.4e-12	42.2	0.0	51	331	3	303	1	313	0.72	hypothetical	protein
PROKKA_ERR479097_bin.12.faa_EDCOEHLM_02639	-	128	lst_final_auto	-	373	0.0065	13.5	0.0	1	1	2.3e-06	0.007	13.4	0.0	8	101	10	108	3	127	0.64	hypothetical	protein
PROKKA_ERR479198_bin.1.faa_FCDFADJH_01030	-	314	lst_final_auto	-	373	3.2e-12	43.3	0.0	1	1	2.3e-15	4e-12	43.0	0.0	51	331	3	303	1	313	0.72	hypothetical	protein
PROKKA_ERR479250_bin.9.faa_GHNINHKI_02530	-	128	lst_final_auto	-	373	0.0098	13.3	0.0	1	1	2.6e-06	0.01	13.2	0.0	8	101	10	108	3	127	0.64	hypothetical	protein
PROKKA_ERR479170_bin.16.faa_ODNAAHPG_00099	-	128	lst_final_auto	-	373	0.0054	13.5	0.0	1	1	2.3e-06	0.0058	13.4	0.0	8	101	10	108	3	127	0.64	hypothetical	protein
PROKKA_ERR479052_bin.25.faa_AAKPDJDE_00671	-	361	lst_final_auto	-	373	3.8e-29	97.9	5.3	1	1	5.6e-32	4.4e-29	97.7	5.3	45	311	1	327	1	358	0.74	hypothetical	protein
PROKKA_ERR479181_bin.23.faa_DMKHAECA_03274	-	361	lst_final_auto	-	373	3e-30	103.8	2.3	1	1	1.7e-33	3.4e-30	103.6	2.3	45	308	1	324	1	358	0.73	hypothetical	protein
PROKKA_ERR479181_bin.23.faa_DMKHAECA_02582	-	361	lst_final_auto	-	373	1.4e-28	98.3	4.9	1	1	8.3e-32	1.7e-28	98.1	4.9	45	314	1	327	1	358	0.73	hypothetical	protein
PROKKA_ERR479131_bin.10.faa_JMHNIKIB_00819	-	324	lst_final_auto	-	373	0.0085	12.4	2.1	1	1	6.1e-06	0.011	12.0	2.1	6	225	54	297	49	323	0.59	hypothetical	protein
PROKKA_ERR479077_bin.6.faa_APACENED_01368	-	324	lst_final_auto	-	373	2.6e-13	46.6	0.0	1	1	3.5e-16	5e-13	45.6	0.0	46	331	2	315	1	322	0.67	hypothetical	protein
PROKKA_ERR479011_bin.24.faa_AMFHPHGA_00019	-	111	lst_final_auto	-	373	6.8e-12	39.7	0.2	1	1	2.6e-14	7.8e-12	39.5	0.2	240	336	2	100	1	110	0.78	hypothetical	protein
PROKKA_ERR478981_bin.8.faa_ACMJKHLI_00857	-	314	lst_final_auto	-	373	1.6e-12	43.9	0.0	1	1	1.4e-15	2e-12	43.6	0.0	51	331	3	303	1	313	0.72	hypothetical	protein
PROKKA_ERR479102_bin.16.faa_CEFOKIPC_00044	-	271	lst_final_auto	-	373	9.3e-11	37.2	0.0	1	1	2.6e-13	1.9e-10	36.2	0.0	124	331	37	262	16	270	0.72	hypothetical	protein
PROKKA_ERR479413_bin.9.faa_LGIGKCMB_00216	-	128	lst_final_auto	-	373	0.0031	13.5	0.0	1	1	2.3e-06	0.0033	13.4	0.0	8	101	10	108	3	127	0.64	hypothetical	protein
PROKKA_ERR479195_bin.14.faa_KACMLABO_01742	-	128	lst_final_auto	-	373	0.0069	13.5	0.0	1	1	2.3e-06	0.0074	13.4	0.0	8	101	10	108	3	127	0.64	hypothetical	protein
PROKKA_ERR479282_bin.27.faa_KONPMKFD_00075	-	329	lst_final_auto	-	373	4.6e-25	83.2	3.1	1	1	1.7e-27	5.7e-25	82.9	3.1	46	344	5	322	1	328	0.73	hypothetical	protein
PROKKA_ERR479070_bin.26.faa_MBDLFEFN_00525	-	322	lst_final_auto	-	373	5.9e-15	51.9	0.0	1	1	7.9e-18	1.1e-14	51.1	0.0	46	331	2	313	1	321	0.70	hypothetical	protein
PROKKA_ERR479003_bin.16.faa_OGEFFDOD_00223	-	128	lst_final_auto	-	373	0.0054	13.5	0.0	1	1	2.3e-06	0.0058	13.4	0.0	8	101	10	108	3	127	0.64	hypothetical	protein
PROKKA_ERR478964_bin.23.faa_PROKKA_ERR478964_bin.23.faa_CJJJINIL_00862	-	361	lst_final_auto	-	373	5.1e-29	98.6	5.3	1	1	3.3e-32	6e-29	98.4	5.3	45	314	1	327	1	358	0.74	hypothetical	protein
PROKKA_ERR479065_bin.15.faa_MONCDIGJ_00868	-	138	lst_final_auto	-	373	2.3e-15	53.4	2.2	1	1	1.6e-18	2.4e-15	53.3	2.2	218	329	5	113	1	133	0.83	hypothetical	protein
PROKKA_ERR479047_bin.19.faa_JOJFBPHP_00778	-	128	lst_final_auto	-	373	0.0021	13.5	0.0	1	1	2.3e-06	0.0022	13.4	0.0	8	101	10	108	3	127	0.64	hypothetical	protein
PROKKA_ERR479171_bin.8.faa_KDILBICE_01826	-	128	lst_final_auto	-	373	0.0051	13.5	0.0	1	1	2.3e-06	0.0055	13.4	0.0	8	101	10	108	3	127	0.64	hypothetical	protein
PROKKA_ERR479065_bin.21.faa_IOOLDFHJ_02042	-	358	lst_final_auto	-	373	4.3e-28	96.0	6.8	1	1	2.1e-31	5.1e-28	95.7	6.8	45	310	1	323	1	356	0.72	hypothetical	protein
PROKKA_ERR479101_bin.20.faa_NBLJCKMK_03855	-	128	lst_final_auto	-	373	0.012	13.5	0.0	1	1	2.3e-06	0.013	13.4	0.0	8	101	10	108	3	127	0.64	hypothetical	protein
PROKKA_ERR479076_bin.22.faa_HKEEHIGJ_00808	-	361	lst_final_auto	-	373	8.2e-29	97.9	5.3	1	1	5.6e-32	9.7e-29	97.7	5.3	45	311	1	327	1	358	0.74	hypothetical	protein
PROKKA_ERR479005_bin.11.faa_BILNCMNM_01898	-	128	lst_final_auto	-	373	0.0053	13.5	0.0	1	1	2.3e-06	0.0057	13.4	0.0	8	101	10	108	3	127	0.64	hypothetical	protein
PROKKA_ERR479414_bin.7.faa_HCINMLGI_01105	-	361	lst_final_auto	-	373	1.8e-31	107.0	3.8	1	1	9.3e-35	2.1e-31	106.8	3.8	45	314	1	327	1	359	0.74	hypothetical	protein
PROKKA_ERR478964_bin.2.faa_IJHKDNJP_07304	-	128	lst_final_auto	-	373	0.017	13.5	0.0	1	1	2.3e-06	0.018	13.4	0.0	8	101	10	108	3	127	0.64	hypothetical	protein
PROKKA_ERR479288_bin.13.faa_NCMMANII_01359	-	314	lst_final_auto	-	373	5.2e-12	42.5	0.0	1	1	4.1e-15	6.8e-12	42.1	0.0	51	331	3	303	1	313	0.72	hypothetical	protein
PROKKA_ERR479289_bin.13.faa_BKMHKPHH_01346	-	361	lst_final_auto	-	373	1.5e-30	104.0	2.7	1	1	7.5e-34	1.8e-30	103.8	2.7	45	308	1	324	1	358	0.74	hypothetical	protein
PROKKA_ERR479102_bin.32.faa_KIDOGDEB_00111	-	324	lst_final_auto	-	373	4.7e-13	46.3	0.0	1	1	4.4e-16	9.2e-13	45.3	0.0	46	331	2	315	1	322	0.67	hypothetical	protein
PROKKA_ERR479110_bin.11.faa_GLOOEJFO_01129	-	358	lst_final_auto	-	373	8.7e-29	98.2	6.9	1	1	4.4e-32	1e-28	98.0	6.9	45	310	1	323	1	356	0.74	hypothetical	protein
PROKKA_ERR479134_bin.5.faa_JPPDLABK_02094	-	309	lst_final_auto	-	373	6.5e-16	56.6	18.5	1	1	2.1e-19	8.4e-16	56.3	18.5	74	333	31	288	13	307	0.68	hypothetical	protein
PROKKA_ERR478981_bin.11.faa_DLDDOBNF_00512	-	361	lst_final_auto	-	373	1.9e-29	99.3	5.2	1	1	2e-32	2.2e-29	99.1	5.2	45	314	1	327	1	358	0.74	hypothetical	protein
PROKKA_ERR478965_bin.13.faa_EAOLCAHB_00759	-	361	lst_final_auto	-	373	3e-30	103.2	3.0	1	1	1.4e-33	3.5e-30	102.9	3.0	45	314	1	327	1	359	0.74	hypothetical	protein
PROKKA_ERR479128_bin.14.faa_CFOGCHLO_00847	-	324	lst_final_auto	-	373	0.0083	12.4	2.1	1	1	6.1e-06	0.011	12.0	2.1	6	225	54	297	49	323	0.59	hypothetical	protein
PROKKA_ERR479101_bin.21.faa_JAFHEPBD_01499	-	324	lst_final_auto	-	373	4.7e-13	46.3	0.0	1	1	4.4e-16	9.2e-13	45.3	0.0	46	331	2	315	1	322	0.67	hypothetical	protein
PROKKA_ERR478970_bin.8.faa_PCBONNMH_00599	-	361	lst_final_auto	-	373	9.3e-30	100.5	3.9	1	1	9.6e-33	1.1e-29	100.2	3.9	45	308	1	324	1	358	0.72	hypothetical	protein
PROKKA_ERR479011_bin.3.faa_IKIKKIPH_00628	-	346	lst_final_auto	-	373	2e-26	88.8	2.0	1	1	3.1e-29	2.3e-26	88.6	2.0	86	308	53	309	8	343	0.72	hypothetical	protein
PROKKA_ERR478993_bin.20.faa_BCEEBGEI_01176	-	403	lst_final_auto	-	373	1.2e-10	38.1	25.9	1	1	1.4e-13	2.4e-10	37.1	25.7	49	332	1	361	1	389	0.67	hypothetical	protein
PROKKA_ERR479036_bin.19.faa_KIGLPBHI_02429	-	128	lst_final_auto	-	373	0.0058	13.5	0.0	1	1	2.3e-06	0.0062	13.4	0.0	8	101	10	108	3	127	0.64	hypothetical	protein
PROKKA_ERR479064_bin.1.faa_GDDJLFHG_02200	-	361	lst_final_auto	-	373	8.2e-30	101.6	3.6	1	1	4.1e-33	9.4e-30	101.4	3.6	45	308	1	324	1	358	0.74	hypothetical	protein
PROKKA_ERR479105_bin.17.faa_IOPOIPDB_00802	-	361	lst_final_auto	-	373	8.1e-29	98.3	4.9	1	1	4.2e-32	9.6e-29	98.1	4.9	45	314	1	327	1	358	0.73	hypothetical	protein
PROKKA_ERR479069_bin.25.faa_FOJGIHMM_00993	-	322	lst_final_auto	-	373	5.4e-15	51.9	0.0	1	1	7.9e-18	9.7e-15	51.1	0.0	46	331	2	313	1	321	0.70	hypothetical	protein
PROKKA_ERR479154_bin.15.faa_FBLPMDKA_01047	-	138	lst_final_auto	-	373	2.2e-13	47.1	4.4	1	1	1.4e-16	2.3e-13	46.9	4.4	218	329	5	113	1	134	0.81	hypothetical	protein
PROKKA_ERR479206_bin.32.faa_HIELPFNK_01895	-	361	lst_final_auto	-	373	7e-29	98.6	5.2	1	1	3.3e-32	8.3e-29	98.4	5.2	45	314	1	327	1	358	0.73	hypothetical	protein
PROKKA_ERR479076_bin.11.faa_CECALDMO_00048	-	336	lst_final_auto	-	373	1.3e-28	97.2	7.6	1	1	1e-31	1.7e-28	96.8	7.6	77	347	26	324	11	335	0.75	hypothetical	protein
PROKKA_ERR479172_bin.17.faa_CBIJLJNN_00854	-	190	lst_final_auto	-	373	5.2e-12	41.7	0.2	1	1	5.6e-15	5.3e-12	41.7	0.2	216	314	49	156	4	188	0.77	hypothetical	protein
PROKKA_ERR478983_bin.9.faa_NJNBKDEH_00963	-	314	lst_final_auto	-	373	4.8e-12	42.3	0.0	1	1	4.4e-15	6e-12	42.0	0.0	51	331	3	303	1	313	0.71	hypothetical	protein
PROKKA_ERR479270_bin.29.faa_MJJCDMCE_02382	-	339	lst_final_auto	-	373	1.1e-23	82.1	6.3	1	1	3.8e-27	1.4e-23	81.7	6.3	48	340	15	328	4	338	0.71	hypothetical	protein
PROKKA_ERR479174_bin.9.faa_PMHEBLHI_06679	-	258	lst_final_auto	-	373	7e-05	21.4	17.0	1	1	9.8e-09	8.5e-05	21.2	17.0	46	273	5	241	1	251	0.60	hypothetical	protein
PROKKA_ERR479109_bin.3.faa_LDGKMJLM_01168	-	358	lst_final_auto	-	373	8e-29	98.2	6.9	1	1	4.4e-32	9.5e-29	98.0	6.9	45	310	1	323	1	356	0.74	hypothetical	protein
PROKKA_ERR479248_bin.27.faa_EBDMEDLE_00151	-	324	lst_final_auto	-	373	4.3e-21	72.1	8.3	1	1	7.6e-24	5e-21	71.9	8.3	52	329	5	299	1	318	0.65	hypothetical	protein
PROKKA_ERR479248_bin.27.faa_EBDMEDLE_00069	-	221	lst_final_auto	-	373	0.018	10.8	0.5	1	1	4e-05	0.026	10.3	0.5	6	66	4	74	1	98	0.80	hypothetical	protein
PROKKA_ERR479075_bin.30.faa_PAHHLONG_00660	-	324	lst_final_auto	-	373	9.3e-28	94.2	28.9	1	1	7.2e-31	1e-27	94.0	28.9	52	347	4	319	1	324	0.71	hypothetical	protein
PROKKA_ERR479161_bin.20.faa_ANNBNCNC_01786	-	361	lst_final_auto	-	373	9.4e-29	98.3	4.9	1	1	4.2e-32	1.1e-28	98.1	4.9	45	314	1	327	1	358	0.73	hypothetical	protein
PROKKA_ERR479135_bin.2.faa_IELKNPEA_00440	-	309	lst_final_auto	-	373	6.1e-16	56.6	18.5	1	1	2.1e-19	7.9e-16	56.3	18.5	74	333	31	288	13	307	0.68	hypothetical	protein
PROKKA_ERR479298_bin.11.faa_KFEPHICI_01799	-	128	lst_final_auto	-	373	0.0045	13.5	0.0	1	1	2.3e-06	0.0048	13.4	0.0	8	101	10	108	3	127	0.64	hypothetical	protein
PROKKA_ERR479187_bin.11.faa_KCCPNGOK_00407	-	339	lst_final_auto	-	373	2.5e-24	82.1	6.3	1	1	3.8e-27	3.2e-24	81.7	6.3	48	340	15	328	4	338	0.71	hypothetical	protein
PROKKA_ERR479173_bin.6.faa_PEEBCOCD_06190	-	325	lst_final_auto	-	373	1.2e-20	73.8	1.7	1	1	3.2e-24	1.8e-20	73.1	1.7	143	330	98	302	38	322	0.74	hypothetical	protein
PROKKA_ERR479173_bin.6.faa_PEEBCOCD_02308	-	258	lst_final_auto	-	373	9.2e-05	21.4	17.0	1	1	2e-08	0.00011	21.2	17.0	46	273	5	241	1	251	0.60	hypothetical	protein
PROKKA_ERR479072_bin.24.faa_AIBPFHKA_00333	-	314	lst_final_auto	-	373	3.4e-12	42.8	0.0	1	1	3.4e-15	4.4e-12	42.4	0.0	51	331	3	303	1	313	0.71	hypothetical	protein
PROKKA_ERR479142_bin.9.faa_KNBJDLMO_02989	-	329	lst_final_auto	-	373	4.9e-24	83.2	3.1	1	1	1.7e-27	6.1e-24	82.9	3.1	46	344	5	322	1	328	0.73	hypothetical	protein
PROKKA_ERR479033_bin.21.faa_FJEALDIG_02288	-	128	lst_final_auto	-	373	0.0057	13.5	0.0	1	1	2.3e-06	0.0061	13.4	0.0	8	101	10	108	3	127	0.64	hypothetical	protein
PROKKA_ERR479037_bin.20.faa_EGKMFEJF_01262	-	361	lst_final_auto	-	373	7.8e-29	98.3	4.9	1	1	4.2e-32	9.2e-29	98.1	4.9	45	314	1	327	1	358	0.73	hypothetical	protein
PROKKA_ERR479071_bin.5.faa_DOBMPPIO_00527	-	314	lst_final_auto	-	373	3.4e-12	42.8	0.0	1	1	3.4e-15	4.4e-12	42.4	0.0	51	331	3	303	1	313	0.71	hypothetical	protein
PROKKA_ERR479289_bin.20.faa_CAMLCKJE_00575	-	314	lst_final_auto	-	373	1.1e-11	41.4	0.0	1	1	8.7e-15	1.4e-11	41.1	0.0	51	331	3	303	1	313	0.72	hypothetical	protein
PROKKA_ERR479078_bin.26.faa_KOIEPMBK_00433	-	309	lst_final_auto	-	373	5.4e-16	56.9	18.5	1	1	1.7e-19	7e-16	56.5	18.5	74	333	31	288	13	307	0.68	hypothetical	protein
PROKKA_ERR479226_bin.6.faa_MADDMDCE_00014	-	138	lst_final_auto	-	373	2e-15	53.7	1.9	1	1	1.3e-18	2.1e-15	53.7	1.9	218	329	5	113	1	134	0.82	hypothetical	protein
PROKKA_ERR479209_bin.16.faa_ECOCIFAB_01320	-	361	lst_final_auto	-	373	3.3e-30	103.2	3.0	1	1	1.4e-33	3.8e-30	102.9	3.0	45	314	1	327	1	359	0.74	hypothetical	protein
PROKKA_ERR479169_bin.19.faa_GGAAOFNE_01077	-	128	lst_final_auto	-	373	0.0058	13.5	0.0	1	1	2.3e-06	0.0062	13.4	0.0	8	101	10	108	3	127	0.64	hypothetical	protein
PROKKA_ERR479197_bin.12.faa_AKNHOBJM_01808	-	314	lst_final_auto	-	373	3.4e-12	43.3	0.0	1	1	2.3e-15	4.2e-12	43.0	0.0	51	331	3	303	1	313	0.72	hypothetical	protein
PROKKA_ERR479041_bin.5.faa_KMLGJMLK_00333	-	361	lst_final_auto	-	373	2.7e-31	105.4	2.9	1	1	2.8e-34	3.1e-31	105.2	2.9	45	308	1	324	1	358	0.74	hypothetical	protein
PROKKA_ERR479418_bin.41.faa_JHGLOHGA_01499	-	128	lst_final_auto	-	373	0.0054	13.5	0.0	1	1	2.3e-06	0.0058	13.4	0.0	8	101	10	108	3	127	0.64	hypothetical	protein
PROKKA_ERR479072_bin.5.faa_BBJGLHAA_00591	-	361	lst_final_auto	-	373	1.9e-33	112.5	7.4	1	1	2.7e-36	3.1e-33	111.9	7.4	47	332	3	341	1	360	0.73	hypothetical	protein
PROKKA_ERR479254_bin.83.faa_KDOMILPJ_00677	-	361	lst_final_auto	-	373	1.1e-33	112.6	7.3	1	1	2.5e-36	1.8e-33	111.9	7.3	47	332	3	341	1	360	0.73	hypothetical	protein
PROKKA_ERR479021_bin.11.faa_CLIJEDMJ_00687	-	324	lst_final_auto	-	373	4.1e-20	69.3	10.8	1	1	5.4e-23	4.8e-20	69.1	10.8	52	331	5	301	1	320	0.66	hypothetical	protein
PROKKA_ERR479021_bin.11.faa_CLIJEDMJ_01728	-	221	lst_final_auto	-	373	0.024	10.8	0.5	1	1	4e-05	0.036	10.3	0.5	6	66	4	74	1	98	0.80	hypothetical	protein
PROKKA_ERR478966_bin.16.faa_MJDFNHOC_04285	-	128	lst_final_auto	-	373	0.013	13.5	0.0	1	1	2.3e-06	0.014	13.4	0.0	8	101	10	108	3	127	0.64	hypothetical	protein
PROKKA_ERR478966_bin.19.faa_PROKKA_ERR478966_bin.19.faa_IHOGOPPG_01087	-	361	lst_final_auto	-	373	3.1e-30	103.2	3.0	1	1	1.4e-33	3.6e-30	102.9	3.0	45	314	1	327	1	359	0.74	hypothetical	protein
PROKKA_ERR479271_bin.28.faa_JKNOCEHD_01044	-	128	lst_final_auto	-	373	0.0042	13.5	0.0	1	1	2.3e-06	0.0045	13.4	0.0	8	101	10	108	3	127	0.64	hypothetical	protein
PROKKA_ERR479043_bin.16.faa_KJEGIGAE_00935	-	371	lst_final_auto	-	373	6.5e-09	33.3	12.6	1	1	2.3e-12	7.6e-09	33.1	12.6	50	349	2	367	1	371	0.58	hypothetical	protein
PROKKA_ERR479004_bin.3.faa_DOAABHFA_01558	-	128	lst_final_auto	-	373	0.0048	13.5	0.0	1	1	2.3e-06	0.0052	13.4	0.0	8	101	10	108	3	127	0.64	hypothetical	protein
PROKKA_ERR479063_bin.8.faa_KGCKOBNJ_01732	-	128	lst_final_auto	-	373	0.0054	13.5	0.0	1	1	2.3e-06	0.0058	13.4	0.0	8	101	10	108	3	127	0.64	hypothetical	protein
PROKKA_ERR479160_bin.6.faa_AFDLEBKH_02986	-	361	lst_final_auto	-	373	9.2e-29	98.6	5.2	1	1	3.3e-32	1.1e-28	98.4	5.2	45	314	1	327	1	358	0.73	hypothetical	protein
PROKKA_ERR479158_bin.14.faa_MJCPPJNO_02152	-	361	lst_final_auto	-	373	9.1e-29	98.6	5.2	1	1	3.3e-32	1.1e-28	98.4	5.2	45	314	1	327	1	358	0.73	hypothetical	protein
PROKKA_ERR479299_bin.14.faa_PCOCJJCK_00813	-	128	lst_final_auto	-	373	0.0042	13.5	0.0	1	1	2.3e-06	0.0045	13.4	0.0	8	101	10	108	3	127	0.64	hypothetical	protein
PROKKA_ERR479138_bin.24.faa_LCLDOIPG_01874	-	361	lst_final_auto	-	373	1.7e-30	104.0	2.7	1	1	7.5e-34	2e-30	103.8	2.7	45	308	1	324	1	358	0.74	hypothetical	protein
PROKKA_ERR479298_bin.28.faa_LIOIDLGO_00384	-	361	lst_final_auto	-	373	1e-28	98.3	4.9	1	1	4.2e-32	1.2e-28	98.1	4.9	45	314	1	327	1	358	0.73	hypothetical	protein
PROKKA_ERR479223_bin.25.faa_LMFOABJO_00949	-	128	lst_final_auto	-	373	0.0065	13.5	0.0	1	1	2.3e-06	0.0069	13.4	0.0	8	101	10	108	3	127	0.64	hypothetical	protein
PROKKA_ERR479298_bin.1.faa_KCMAGIOA_03680	-	107	lst_final_auto	-	373	8.2e-06	23.5	4.7	1	1	2.1e-09	9e-06	23.3	4.7	251	333	4	86	1	105	0.76	hypothetical	protein
PROKKA_ERR478965_bin.18.faa_AMNPGIJH_00644	-	361	lst_final_auto	-	373	6.7e-29	98.2	5.4	1	1	4.6e-32	7.9e-29	97.9	5.4	45	314	1	327	1	358	0.74	hypothetical	protein
PROKKA_ERR479280_bin.15.faa_ODMLNFLN_00896	-	314	lst_final_auto	-	373	3.5e-12	42.8	0.0	1	1	3.3e-15	4.4e-12	42.5	0.0	51	331	3	303	1	313	0.72	hypothetical	protein
PROKKA_ERR479008_bin.12.faa_PROKKA_ERR479008_bin.12.faa_CFLJBFMN_00451	-	128	lst_final_auto	-	373	0.0013	13.5	0.0	1	1	2.3e-06	0.0014	13.4	0.0	8	101	10	108	3	127	0.64	hypothetical	protein
PROKKA_ERR479090_bin.24.faa_MDFGNIDJ_00691	-	314	lst_final_auto	-	373	2.8e-12	43.5	0.0	1	1	1.9e-15	3.5e-12	43.2	0.0	51	331	3	303	1	313	0.71	hypothetical	protein
PROKKA_ERR479101_bin.29.faa_ODNCEPOG_04771	-	324	lst_final_auto	-	373	0.023	12.4	2.1	1	1	6.1e-06	0.031	12.0	2.1	6	225	54	297	49	323	0.59	hypothetical	protein
PROKKA_ERR479270_bin.22.faa_MFMDFFLD_01587	-	128	lst_final_auto	-	373	0.0047	13.5	0.0	1	1	2.3e-06	0.005	13.4	0.0	8	101	10	108	3	127	0.64	hypothetical	protein
PROKKA_ERR479254_bin.84.faa_AAIOAEMA_04161	-	339	lst_final_auto	-	373	2.9e-23	82.1	6.3	1	1	7.6e-27	3.6e-23	81.7	6.3	48	340	15	328	4	338	0.71	hypothetical	protein
PROKKA_ERR479254_bin.84.faa_AAIOAEMA_04987	-	309	lst_final_auto	-	373	1.3e-15	56.9	18.5	1	1	3.5e-19	1.7e-15	56.5	18.5	74	333	31	288	13	307	0.68	hypothetical	protein
PROKKA_ERR478976_bin.3.faa_EJCAONBP_01234	-	128	lst_final_auto	-	373	0.0027	13.5	0.0	1	1	2.3e-06	0.0029	13.4	0.0	8	101	10	108	3	127	0.64	hypothetical	protein
PROKKA_ERR479104_bin.11.faa_OOBENPIM_00890	-	314	lst_final_auto	-	373	5.6e-12	42.0	0.0	1	1	5.8e-15	7.2e-12	41.7	0.0	51	331	3	303	1	313	0.71	hypothetical	protein
PROKKA_ERR479035_bin.12.faa_JOMAKBOC_01791	-	128	lst_final_auto	-	373	0.0059	13.5	0.0	1	1	2.3e-06	0.0064	13.4	0.0	8	101	10	108	3	127	0.64	hypothetical	protein
PROKKA_ERR479066_bin.2.faa_OBLJIPAE_00467	-	138	lst_final_auto	-	373	2.3e-15	53.4	2.2	1	1	1.6e-18	2.5e-15	53.3	2.2	218	329	5	113	1	133	0.83	hypothetical	protein
PROKKA_ERR479210_bin.4.faa_FEJDMPFJ_00932	-	361	lst_final_auto	-	373	3.2e-30	103.2	3.0	1	1	1.4e-33	3.7e-30	102.9	3.0	45	314	1	327	1	359	0.74	hypothetical	protein
PROKKA_ERR479169_bin.1.faa_IIADJADC_00368	-	361	lst_final_auto	-	373	2.9e-33	112.7	7.1	1	1	2.4e-36	4.8e-33	112.0	7.1	47	332	3	341	1	360	0.73	hypothetical	protein
PROKKA_ERR478960_bin.27.faa_PROKKA_ERR478960_bin.27.faa_CPJAHJNI_01322	-	314	lst_final_auto	-	373	9.5e-12	42.0	0.0	1	1	6e-15	1.2e-11	41.6	0.0	51	331	3	303	1	313	0.72	hypothetical	protein
PROKKA_ERR479137_bin.7.faa_LBMLLFKJ_00953	-	361	lst_final_auto	-	373	6.9e-29	98.3	4.9	1	1	4.2e-32	8.1e-29	98.1	4.9	45	314	1	327	1	358	0.73	hypothetical	protein
PROKKA_ERR479245_bin.4.faa_ABNGPOAG_00238	-	128	lst_final_auto	-	373	0.0021	13.3	0.0	1	1	2.6e-06	0.0023	13.2	0.0	8	101	10	108	3	127	0.64	hypothetical	protein
PROKKA_ERR479244_bin.12.faa_PEBKIDNM_01834	-	311	lst_final_auto	-	373	7.2e-27	91.7	8.0	1	1	4e-30	7.9e-27	91.5	8.0	112	332	51	293	1	310	0.71	hypothetical	protein
PROKKA_ERR479063_bin.13.faa_CJMNCHPF_01052	-	314	lst_final_auto	-	373	2.3e-12	43.2	0.0	1	1	2.5e-15	2.9e-12	42.8	0.0	51	331	3	303	1	313	0.72	hypothetical	protein
PROKKA_ERR479053_bin.1.faa_PPBJHMHN_01144	-	339	lst_final_auto	-	373	8.1e-24	82.1	6.3	1	1	3.8e-27	1e-23	81.7	6.3	48	340	15	328	4	338	0.71	hypothetical	protein
PROKKA_ERR479406_bin.17.faa_BPKKFKEE_01217	-	314	lst_final_auto	-	373	5.7e-12	42.6	0.0	1	1	3.9e-15	7.4e-12	42.2	0.0	51	331	3	303	1	313	0.72	hypothetical	protein
PROKKA_ERR479051_bin.8.faa_CBDAFKHH_00182	-	361	lst_final_auto	-	373	3.6e-29	98.3	4.9	1	1	4.2e-32	4.2e-29	98.1	4.9	45	314	1	327	1	358	0.73	hypothetical	protein
PROKKA_ERR479171_bin.13.faa_HEMDOLJJ_01133	-	361	lst_final_auto	-	373	3.2e-33	112.7	7.1	1	1	2.4e-36	5.2e-33	112.0	7.1	47	332	3	341	1	360	0.73	hypothetical	protein
PROKKA_ERR478992_bin.18.faa_PJGOPGGD_00565	-	403	lst_final_auto	-	373	9.6e-11	38.1	25.9	1	1	1.4e-13	1.9e-10	37.1	25.7	49	332	1	361	1	389	0.67	hypothetical	protein
PROKKA_ERR479205_bin.12.faa_OFPOAHNC_00377	-	89	lst_final_auto	-	373	1e-05	22.1	0.1	1	1	5.2e-09	1e-05	22.1	0.1	267	314	7	55	1	89	0.80	hypothetical	protein
PROKKA_ERR478983_bin.6.faa_GNHPGAGM_00950	-	361	lst_final_auto	-	373	2e-29	99.3	5.2	1	1	2e-32	2.4e-29	99.1	5.2	45	314	1	327	1	358	0.74	hypothetical	protein
PROKKA_ERR479139_bin.17.faa_LKMCEEPB_02886	-	309	lst_final_auto	-	373	1.8e-20	71.2	15.0	1	1	7.5e-24	2.3e-20	70.9	15.0	93	332	51	287	13	307	0.68	hypothetical	protein
PROKKA_ERR479064_bin.27.faa_MBEFLKCB_01344	-	314	lst_final_auto	-	373	2.2e-12	43.9	0.0	1	1	1.4e-15	2.6e-12	43.6	0.0	51	331	3	303	1	313	0.72	hypothetical	protein
PROKKA_ERR479283_bin.15.faa_JFLANIMB_03115	-	329	lst_final_auto	-	373	5.2e-24	83.2	3.1	1	1	1.7e-27	6.5e-24	82.9	3.1	46	344	5	322	1	328	0.73	hypothetical	protein
PROKKA_ERR479194_bin.5.faa_HBBEPNAO_02046	-	361	lst_final_auto	-	373	2e-31	107.0	3.8	1	1	9.3e-35	2.3e-31	106.8	3.8	45	314	1	327	1	359	0.74	hypothetical	protein
PROKKA_ERR479139_bin.21.faa_MHJPBDBB_00906	-	222	lst_final_auto	-	373	5.9e-06	22.5	0.0	1	1	3.8e-09	6.1e-06	22.5	0.0	211	332	87	212	1	221	0.64	hypothetical	protein
PROKKA_ERR479149_bin.13.faa_BJIBGPAL_01375	-	346	lst_final_auto	-	373	4.5e-24	82.0	2.7	1	1	3.7e-27	5.5e-24	81.8	2.7	78	314	24	312	2	343	0.71	hypothetical	protein
PROKKA_ERR479075_bin.26.faa_CIAHIDLN_01763	-	309	lst_final_auto	-	373	6.1e-16	56.6	18.5	1	1	2.1e-19	7.9e-16	56.3	18.5	74	333	31	288	13	307	0.68	hypothetical	protein
PROKKA_ERR479054_bin.5.faa_GAINDDBH_00114	-	339	lst_final_auto	-	373	6.3e-24	82.1	6.3	1	1	3.8e-27	8e-24	81.7	6.3	48	340	15	328	4	338	0.71	hypothetical	protein
PROKKA_ERR479284_bin.12.faa_EJLGMJID_00276	-	361	lst_final_auto	-	373	1.1e-30	103.0	3.9	1	1	1.5e-33	1.3e-30	102.8	3.9	45	308	1	324	1	358	0.74	hypothetical	protein
PROKKA_ERR479121_bin.27.faa_LLCELNEF_00142	-	361	lst_final_auto	-	373	2.5e-33	112.7	7.1	1	1	2.4e-36	4.1e-33	112.0	7.1	47	332	3	341	1	360	0.73	hypothetical	protein
PROKKA_ERR479413_bin.17.faa_DCPICOCF_01263	-	361	lst_final_auto	-	373	1.7e-31	107.0	3.8	1	1	9.3e-35	2e-31	106.8	3.8	45	314	1	327	1	359	0.74	hypothetical	protein
PROKKA_ERR479200_bin.5.faa_EKCJCMHN_00846	-	99	lst_final_auto	-	373	0.00084	15.9	0.0	1	1	4.2e-07	0.00091	15.8	0.0	262	346	2	85	1	97	0.73	hypothetical	protein
PROKKA_ERR479281_bin.19.faa_AHMCHMAF_01040	-	314	lst_final_auto	-	373	5.3e-12	42.0	0.0	1	1	5.9e-15	7e-12	41.6	0.0	51	331	3	303	1	313	0.71	hypothetical	protein
PROKKA_ERR479172_bin.21.faa_BHALIACK_01967	-	128	lst_final_auto	-	373	0.016	13.5	0.0	1	1	2.3e-06	0.017	13.4	0.0	8	101	10	108	3	127	0.64	hypothetical	protein
PROKKA_ERR479182_bin.34.faa_GJNDFKHB_00272	-	322	lst_final_auto	-	373	7.5e-16	54.2	0.0	1	1	1.7e-18	1.4e-15	53.3	0.0	46	331	2	313	1	321	0.70	hypothetical	protein
PROKKA_ERR479000_bin.8.faa_HHDNINOG_01540	-	314	lst_final_auto	-	373	2.9e-12	43.3	0.0	1	1	2.3e-15	3.6e-12	43.0	0.0	51	331	3	303	1	313	0.72	hypothetical	protein
PROKKA_ERR479000_bin.19.faa_PROKKA_ERR479000_bin.19.faa_AEAOPMLF_00210	-	128	lst_final_auto	-	373	0.0023	13.5	0.0	1	1	2.3e-06	0.0025	13.4	0.0	8	101	10	108	3	127	0.64	hypothetical	protein
PROKKA_ERR478980_bin.30.faa_CBKDMJJL_00241	-	361	lst_final_auto	-	373	1.6e-29	99.3	5.2	1	1	2e-32	1.9e-29	99.1	5.2	45	314	1	327	1	358	0.74	hypothetical	protein
PROKKA_ERR479297_bin.13.faa_FKMAIABE_01307	-	361	lst_final_auto	-	373	9.4e-31	104.2	3.1	1	1	1.3e-33	1.1e-30	104.1	3.1	45	308	1	324	1	358	0.74	hypothetical	protein
PROKKA_ERR479297_bin.13.faa_FKMAIABE_00836	-	361	lst_final_auto	-	373	6e-29	98.3	4.9	1	1	8.3e-32	7.1e-29	98.1	4.9	45	314	1	327	1	358	0.73	hypothetical	protein
PROKKA_ERR479203_bin.7.faa_MPILMMAM_01151	-	361	lst_final_auto	-	373	6.7e-29	98.6	5.2	1	1	3.3e-32	7.9e-29	98.4	5.2	45	314	1	327	1	358	0.73	hypothetical	protein
PROKKA_ERR479078_bin.51.faa_AMPOKCDE_00406	-	324	lst_final_auto	-	373	9.7e-14	47.9	0.0	1	1	1.6e-16	2.1e-13	46.8	0.0	46	331	2	315	1	322	0.64	hypothetical	protein
PROKKA_ERR479287_bin.5.faa_GGAHGPBM_00393	-	314	lst_final_auto	-	373	1.1e-11	41.4	0.0	1	1	8.7e-15	1.4e-11	41.1	0.0	51	331	3	303	1	313	0.72	hypothetical	protein
PROKKA_ERR479103_bin.1.faa_KPNBIHKK_00262	-	314	lst_final_auto	-	373	7.8e-12	41.4	0.0	1	1	8.7e-15	1e-11	41.1	0.0	51	331	3	303	1	313	0.72	hypothetical	protein
PROKKA_ERR478985_bin.4.faa_PKLAMJHL_00066	-	138	lst_final_auto	-	373	3.7e-15	52.9	3.0	1	1	2.4e-18	3.9e-15	52.8	3.0	218	329	5	113	1	134	0.82	hypothetical	protein
PROKKA_ERR479069_bin.13.faa_CAMLNJOB_03476	-	128	lst_final_auto	-	373	0.027	13.5	0.0	1	1	2.3e-06	0.029	13.4	0.0	8	101	10	108	3	127	0.64	hypothetical	protein
PROKKA_ERR479067_bin.10.faa_BFBBKMDF_00872	-	322	lst_final_auto	-	373	6.5e-15	51.9	0.0	1	1	7.9e-18	1.2e-14	51.1	0.0	46	331	2	313	1	321	0.70	hypothetical	protein
PROKKA_ERR479281_bin.14.faa_IJEOABAM_02086	-	329	lst_final_auto	-	373	5e-24	83.2	3.1	1	1	1.7e-27	6.3e-24	82.9	3.1	46	344	5	322	1	328	0.73	hypothetical	protein
PROKKA_ERR479136_bin.15.faa_OOKFEAFH_00049	-	314	lst_final_auto	-	373	7.4e-12	41.4	0.0	1	1	8.7e-15	9.6e-12	41.1	0.0	51	331	3	303	1	313	0.72	hypothetical	protein
PROKKA_ERR479287_bin.14.faa_NDHIJLOM_00851	-	361	lst_final_auto	-	373	1.3e-30	104.0	2.7	1	1	7.5e-34	1.5e-30	103.8	2.7	45	308	1	324	1	358	0.74	hypothetical	protein
PROKKA_ERR479066_bin.24.faa_GPPDKAGB_01160	-	358	lst_final_auto	-	373	4.3e-28	96.0	6.8	1	1	2.1e-31	5.1e-28	95.7	6.8	45	310	1	323	1	356	0.72	hypothetical	protein
PROKKA_ERR479273_bin.25.faa_EHALHILL_00514	-	128	lst_final_auto	-	373	0.0039	13.5	0.0	1	1	2.3e-06	0.0042	13.4	0.0	8	101	10	108	3	127	0.64	hypothetical	protein
PROKKA_ERR479003_bin.18.faa_BHABLBGK_01833	-	314	lst_final_auto	-	373	4e-12	43.3	0.0	1	1	2.3e-15	4.9e-12	43.0	0.0	51	331	3	303	1	313	0.72	hypothetical	protein
PROKKA_ERR479078_bin.21.faa_INLEIJIH_00558	-	371	lst_final_auto	-	373	8e-12	42.2	2.1	1	1	5.5e-15	1.1e-11	41.7	2.1	48	344	5	348	1	367	0.59	hypothetical	protein
PROKKA_ERR478966_bin.20.faa_MJDCDMGL_01150	-	361	lst_final_auto	-	373	6.1e-29	98.2	5.4	1	1	4.6e-32	7.2e-29	97.9	5.4	45	314	1	327	1	358	0.74	hypothetical	protein
PROKKA_ERR479249_bin.2.faa_COFDGHBI_00503	-	128	lst_final_auto	-	373	0.0034	13.3	0.0	1	1	2.6e-06	0.0037	13.2	0.0	8	101	10	108	3	127	0.64	hypothetical	protein
PROKKA_ERR479136_bin.22.faa_JGCGNLHJ_00231	-	339	lst_final_auto	-	373	9.9e-24	82.1	6.3	1	1	3.8e-27	1.2e-23	81.7	6.3	48	340	15	328	4	338	0.71	hypothetical	protein
PROKKA_ERR479102_bin.13.faa_AMPLNAPF_00537	-	324	lst_final_auto	-	373	0.01	12.4	2.1	1	1	6.1e-06	0.013	12.0	2.1	6	225	54	297	49	323	0.59	hypothetical	protein
PROKKA_ERR479408_bin.7.faa_JBJDGNNM_00271	-	314	lst_final_auto	-	373	5.9e-12	42.6	0.0	1	1	3.9e-15	7.6e-12	42.2	0.0	51	331	3	303	1	313	0.72	hypothetical	protein
PROKKA_ERR479010_bin.1.faa_KANCAJJH_00620	-	314	lst_final_auto	-	373	8.3e-12	42.2	0.0	1	1	4.8e-15	1e-11	41.9	0.0	51	331	3	303	1	313	0.72	hypothetical	protein
PROKKA_ERR479414_bin.9.faa_ILDABHDM_00666	-	128	lst_final_auto	-	373	0.0028	13.5	0.0	1	1	2.3e-06	0.003	13.4	0.0	8	101	10	108	3	127	0.64	hypothetical	protein
PROKKA_ERR479083_bin.18.faa_LDNLIEJH_01912	-	86	lst_final_auto	-	373	4.6e-05	21.1	0.0	1	1	1e-08	4.6e-05	21.1	0.0	268	337	3	75	1	86	0.71	hypothetical	protein
PROKKA_ERR479415_bin.11.faa_NIBKKPPN_01717	-	324	lst_final_auto	-	373	1.2e-15	54.8	0.0	1	1	1.9e-18	2e-15	54.1	0.0	46	331	2	314	1	323	0.72	hypothetical	protein
PROKKA_ERR479415_bin.11.faa_NIBKKPPN_01965	-	224	lst_final_auto	-	373	0.021	11.2	0.0	1	1	2.2e-05	0.023	11.1	0.0	36	78	42	96	12	153	0.78	Immunity	protein	SdpI
PROKKA_ERR478990_bin.12.faa_CAFGLCDF_00173	-	403	lst_final_auto	-	373	1.3e-10	38.1	25.9	1	1	1.4e-13	2.6e-10	37.1	25.7	49	332	1	361	1	389	0.67	hypothetical	protein
PROKKA_ERR479161_bin.19.faa_MPHKPBIN_00175	-	322	lst_final_auto	-	373	9.3e-15	51.7	0.0	1	1	9.1e-18	1.7e-14	50.9	0.0	46	331	2	313	1	321	0.70	hypothetical	protein
PROKKA_ERR479415_bin.2.faa_DJAKOMDA_08419	-	198	lst_final_auto	-	373	0.016	13.7	0.2	1	1	2e-06	0.019	13.5	0.2	120	249	4	148	1	172	0.69	hypothetical	protein
PROKKA_ERR479271_bin.3.faa_BMPNDDBB_02225	-	339	lst_final_auto	-	373	1.1e-23	82.1	6.3	1	1	3.8e-27	1.4e-23	81.7	6.3	48	340	15	328	4	338	0.71	hypothetical	protein
PROKKA_ERR479273_bin.28.faa_MKAGEAMO_00246	-	339	lst_final_auto	-	373	1.1e-23	82.1	6.3	1	1	3.8e-27	1.4e-23	81.7	6.3	48	340	15	328	4	338	0.71	hypothetical	protein
PROKKA_ERR479417_bin.26.faa_JFJOJJHI_01778	-	128	lst_final_auto	-	373	0.0046	13.5	0.0	1	1	2.3e-06	0.0049	13.4	0.0	8	101	10	108	3	127	0.64	hypothetical	protein
PROKKA_ERR479071_bin.24.faa_KIKJLEAO_01055	-	361	lst_final_auto	-	373	2e-33	112.5	7.4	1	1	2.7e-36	3.3e-33	111.9	7.4	47	332	3	341	1	360	0.73	hypothetical	protein
PROKKA_ERR479165_bin.5.faa_OABKELFG_01262	-	314	lst_final_auto	-	373	6.3e-12	42.5	0.0	1	1	4.1e-15	8.1e-12	42.1	0.0	51	331	3	303	1	313	0.72	hypothetical	protein
PROKKA_ERR479076_bin.43.faa_AANMHCFO_01318	-	309	lst_final_auto	-	373	2.6e-16	56.6	18.5	1	1	2.1e-19	3.3e-16	56.3	18.5	74	333	31	288	13	307	0.68	hypothetical	protein
PROKKA_ERR479246_bin.25.faa_NNDACPCO_00626	-	128	lst_final_auto	-	373	0.003	13.3	0.0	1	1	2.6e-06	0.0032	13.2	0.0	8	101	10	108	3	127	0.64	hypothetical	protein
PROKKA_ERR479150_bin.16.faa_EBGPDKAO_06107	-	128	lst_final_auto	-	373	0.016	13.5	0.0	1	1	2.3e-06	0.017	13.4	0.0	8	101	10	108	3	127	0.64	hypothetical	protein
PROKKA_ERR479019_bin.15.faa_LMGJLGAP_00418	-	324	lst_final_auto	-	373	4.1e-20	69.3	10.8	1	1	5.4e-23	4.8e-20	69.1	10.8	52	331	5	301	1	320	0.66	hypothetical	protein
PROKKA_ERR479019_bin.15.faa_LMGJLGAP_00020	-	221	lst_final_auto	-	373	0.024	10.8	0.5	1	1	4e-05	0.035	10.3	0.5	6	66	4	74	1	98	0.80	hypothetical	protein
PROKKA_ERR479182_bin.8.faa_JMEJEJGC_02502	-	361	lst_final_auto	-	373	2.9e-30	103.8	2.3	1	1	1.7e-33	3.4e-30	103.6	2.3	45	308	1	324	1	358	0.73	hypothetical	protein
PROKKA_ERR479182_bin.8.faa_JMEJEJGC_01108	-	361	lst_final_auto	-	373	1.4e-28	98.3	4.9	1	1	8.3e-32	1.7e-28	98.1	4.9	45	314	1	327	1	358	0.73	hypothetical	protein
PROKKA_ERR479133_bin.7.faa_LMBLOOIL_01851	-	309	lst_final_auto	-	373	5.8e-16	56.6	18.5	1	1	2.1e-19	7.4e-16	56.3	18.5	74	333	31	288	13	307	0.68	hypothetical	protein
PROKKA_ERR479097_bin.17.faa_DBDBOGDB_00419	-	361	lst_final_auto	-	373	1.4e-30	102.6	4.4	1	1	2e-33	1.7e-30	102.4	4.4	45	308	1	324	1	358	0.74	hypothetical	protein
PROKKA_ERR479285_bin.17.faa_HHHDKOPH_00155	-	361	lst_final_auto	-	373	4.6e-30	101.3	4.2	1	1	5.1e-33	5.4e-30	101.1	4.2	45	308	1	324	1	358	0.73	hypothetical	protein
PROKKA_ERR479288_bin.6.faa_KPMNKKPD_01142	-	361	lst_final_auto	-	373	1.4e-30	104.0	2.7	1	1	7.5e-34	1.6e-30	103.8	2.7	45	308	1	324	1	358	0.74	hypothetical	protein
PROKKA_ERR479104_bin.19.faa_ONFAOBBB_00181	-	138	lst_final_auto	-	373	6.3e-15	51.3	1.9	1	1	7.1e-18	6.6e-15	51.2	1.9	218	329	5	113	1	133	0.82	hypothetical	protein
PROKKA_ERR478980_bin.19.faa_PROKKA_ERR478980_bin.19.faa_ADBBDFJE_00144	-	314	lst_final_auto	-	373	1.7e-12	43.9	0.0	1	1	1.4e-15	2.1e-12	43.6	0.0	51	331	3	303	1	313	0.72	hypothetical	protein
PROKKA_ERR479416_bin.18.faa_CPKABJMH_01243	-	198	lst_final_auto	-	373	0.0039	13.7	0.2	1	1	2e-06	0.0045	13.5	0.2	120	249	4	148	1	172	0.69	hypothetical	protein
PROKKA_ERR479020_bin.19.faa_GLOMALFD_00297	-	324	lst_final_auto	-	373	4e-20	69.3	10.8	1	1	5.4e-23	4.8e-20	69.1	10.8	52	331	5	301	1	320	0.66	hypothetical	protein
PROKKA_ERR479020_bin.19.faa_GLOMALFD_01467	-	221	lst_final_auto	-	373	0.024	10.8	0.5	1	1	4e-05	0.035	10.3	0.5	6	66	4	74	1	98	0.80	hypothetical	protein
PROKKA_ERR479297_bin.17.faa_GOJMFNBP_00117	-	128	lst_final_auto	-	373	0.0061	13.4	0.0	1	1	2.3e-06	0.0066	13.3	0.0	8	101	10	108	3	127	0.64	hypothetical	protein
PROKKA_ERR479282_bin.25.faa_ANBFDGHJ_00654	-	128	lst_final_auto	-	373	0.0029	13.5	0.0	1	1	2.3e-06	0.0031	13.4	0.0	8	101	10	108	3	127	0.64	hypothetical	protein
PROKKA_ERR479194_bin.7.faa_POGPDINN_00008	-	314	lst_final_auto	-	373	1.9e-12	42.9	0.0	1	1	3.1e-15	2.5e-12	42.5	0.0	51	331	3	303	1	313	0.72	hypothetical	protein
PROKKA_ERR479196_bin.16.faa_IEAEFIFJ_00268	-	128	lst_final_auto	-	373	0.0059	13.5	0.0	1	1	2.3e-06	0.0064	13.4	0.0	8	101	10	108	3	127	0.64	hypothetical	protein
PROKKA_ERR479200_bin.2.faa_ADFEJKEN_00394	-	324	lst_final_auto	-	373	0.019	12.4	2.1	1	1	6.1e-06	0.026	12.0	2.1	6	225	54	297	49	323	0.59	hypothetical	protein
PROKKA_ERR479254_bin.2.faa_EGBJBAMF_01435	-	128	lst_final_auto	-	373	0.0058	13.5	0.0	1	1	2.3e-06	0.0062	13.4	0.0	8	101	10	108	3	127	0.64	hypothetical	protein
PROKKA_ERR478984_bin.9.faa_ODGKJLEI_01096	-	138	lst_final_auto	-	373	3.7e-15	52.9	3.0	1	1	2.4e-18	3.9e-15	52.8	3.0	218	329	5	113	1	134	0.82	hypothetical	protein
PROKKA_ERR479071_bin.22.faa_DOIKCJOK_01327	-	361	lst_final_auto	-	373	8.5e-30	103.0	3.9	1	1	1.5e-33	9.9e-30	102.8	3.9	45	308	1	324	1	358	0.74	hypothetical	protein
PROKKA_ERR479138_bin.20.faa_CNMHLCON_01341	-	309	lst_final_auto	-	373	1.9e-20	71.2	15.0	1	1	7.5e-24	2.3e-20	70.9	15.0	93	332	51	287	13	307	0.68	hypothetical	protein
PROKKA_ERR479077_bin.49.faa_GEHPGIIK_02686	-	309	lst_final_auto	-	373	5.3e-16	56.9	18.5	1	1	1.7e-19	6.8e-16	56.5	18.5	74	333	31	288	13	307	0.68	hypothetical	protein
PROKKA_ERR478991_bin.16.faa_LPPDIDBG_01083	-	403	lst_final_auto	-	373	1.5e-10	38.1	25.9	1	1	1.4e-13	2.9e-10	37.1	25.7	49	332	1	361	1	389	0.67	hypothetical	protein
PROKKA_ERR479018_bin.17.faa_HOKOEMDM_01127	-	324	lst_final_auto	-	373	4e-20	69.3	10.8	1	1	5.4e-23	4.8e-20	69.1	10.8	52	331	5	301	1	320	0.66	hypothetical	protein
PROKKA_ERR479018_bin.17.faa_HOKOEMDM_01607	-	221	lst_final_auto	-	373	0.024	10.8	0.5	1	1	4e-05	0.035	10.3	0.5	6	66	4	74	1	98	0.80	hypothetical	protein
PROKKA_ERR479153_bin.18.faa_DNLMJIDF_05527	-	128	lst_final_auto	-	373	0.014	13.5	0.0	1	1	2.3e-06	0.015	13.4	0.0	8	101	10	108	3	127	0.64	hypothetical	protein
PROKKA_ERR479103_bin.5.faa_GEAPINPP_00894	-	361	lst_final_auto	-	373	6.1e-29	97.9	5.3	1	1	5.6e-32	7.2e-29	97.7	5.3	45	311	1	327	1	358	0.74	hypothetical	protein
PROKKA_ERR479215_bin.20.faa_HGKHAIGG_00580	-	128	lst_final_auto	-	373	0.0058	13.5	0.0	1	1	2.3e-06	0.0062	13.4	0.0	8	101	10	108	3	127	0.64	hypothetical	protein
PROKKA_ERR479204_bin.12.faa_IAFBJAIL_02153	-	361	lst_final_auto	-	373	6.2e-29	98.6	5.2	1	1	3.3e-32	7.4e-29	98.4	5.2	45	314	1	327	1	358	0.73	hypothetical	protein
PROKKA_ERR479063_bin.21.faa_OFPLGMDD_02361	-	339	lst_final_auto	-	373	9e-24	82.1	6.3	1	1	3.8e-27	1.1e-23	81.7	6.3	48	340	15	328	4	338	0.71	hypothetical	protein
PROKKA_ERR479129_bin.11.faa_FBHHJIKE_00800	-	324	lst_final_auto	-	373	0.0064	12.4	2.1	1	1	6.1e-06	0.0086	12.0	2.1	6	225	54	297	49	323	0.59	hypothetical	protein
PROKKA_ERR479034_bin.7.faa_FPMIGCAP_02316	-	128	lst_final_auto	-	373	0.0058	13.5	0.0	1	1	2.3e-06	0.0062	13.4	0.0	8	101	10	108	3	127	0.64	hypothetical	protein
PROKKA_ERR478967_bin.19.faa_PBCJMIOD_00565	-	361	lst_final_auto	-	373	2.8e-30	103.2	3.0	1	1	1.4e-33	3.2e-30	102.9	3.0	45	314	1	327	1	359	0.74	hypothetical	protein
PROKKA_ERR479198_bin.25.faa_EPKGACJM_01749	-	128	lst_final_auto	-	373	0.004	13.5	0.0	1	1	2.3e-06	0.0043	13.4	0.0	8	101	10	108	3	127	0.64	hypothetical	protein
PROKKA_ERR479298_bin.7.faa_FMIGOMBE_05493	-	329	lst_final_auto	-	373	1e-23	83.2	3.1	1	1	1.7e-27	1.3e-23	82.9	3.1	46	344	5	322	1	328	0.73	hypothetical	protein
PROKKA_ERR479181_bin.17.faa_AICCALHA_00425	-	322	lst_final_auto	-	373	7e-16	53.8	0.0	1	1	2.1e-18	1.2e-15	52.9	0.0	46	331	2	313	1	321	0.71	hypothetical	protein
PROKKA_ERR479078_bin.33.faa_OMCFFEMH_00293	-	128	lst_final_auto	-	373	0.0069	13.5	0.0	1	1	2.3e-06	0.0074	13.4	0.0	8	101	10	108	3	127	0.64	hypothetical	protein
PROKKA_ERR479294_bin.9.faa_GECFLKOG_01003	-	128	lst_final_auto	-	373	0.0065	13.4	0.0	1	1	2.3e-06	0.007	13.3	0.0	8	101	10	108	3	127	0.64	hypothetical	protein
PROKKA_ERR479139_bin.15.faa_OPKEBHJN_02239	-	361	lst_final_auto	-	373	1.7e-30	104.0	2.7	1	1	7.5e-34	2e-30	103.8	2.7	45	308	1	324	1	358	0.74	hypothetical	protein
PROKKA_ERR478961_bin.25.faa_PROKKA_ERR478961_bin.25.faa_AKLPGNJE_00836	-	314	lst_final_auto	-	373	1.4e-11	41.4	0.0	1	1	8.7e-15	1.8e-11	41.1	0.0	51	331	3	303	1	313	0.72	hypothetical	protein
PROKKA_ERR479243_bin.1.faa_MOILGDCD_01161	-	311	lst_final_auto	-	373	7.1e-27	91.7	8.0	1	1	4e-30	7.9e-27	91.5	8.0	112	332	51	293	1	310	0.71	hypothetical	protein
PROKKA_ERR479197_bin.18.faa_LJGLJEIK_02342	-	128	lst_final_auto	-	373	0.0051	13.5	0.0	1	1	2.3e-06	0.0055	13.4	0.0	8	101	10	108	3	127	0.64	hypothetical	protein
PROKKA_ERR479211_bin.2.faa_AJLLKPBM_00345	-	361	lst_final_auto	-	373	3.1e-30	103.2	3.0	1	1	1.4e-33	3.6e-30	102.9	3.0	45	314	1	327	1	359	0.74	hypothetical	protein
PROKKA_ERR479084_bin.35.faa_PEEEBDFO_00565	-	334	lst_final_auto	-	373	3.4e-13	46.7	0.0	1	1	2.3e-16	4.6e-13	46.2	0.0	50	331	3	323	1	332	0.71	hypothetical	protein
PROKKA_ERR479296_bin.14.faa_JJKHBGGC_02146	-	128	lst_final_auto	-	373	0.0064	13.4	0.0	1	1	2.3e-06	0.0069	13.3	0.0	8	101	10	108	3	127	0.64	hypothetical	protein
PROKKA_ERR479006_bin.13.faa_FFNDHONM_00763	-	128	lst_final_auto	-	373	0.0029	13.5	0.0	1	1	2.3e-06	0.0032	13.4	0.0	8	101	10	108	3	127	0.64	hypothetical	protein
PROKKA_ERR479405_bin.18.faa_ECNKFIDI_01759	-	314	lst_final_auto	-	373	5.8e-12	42.6	0.0	1	1	3.9e-15	7.5e-12	42.2	0.0	51	331	3	303	1	313	0.72	hypothetical	protein
PROKKA_ERR479177_bin.5.faa_CIHMMPNF_00108	-	128	lst_final_auto	-	373	0.0021	13.5	0.0	1	1	2.3e-06	0.0023	13.4	0.0	8	101	10	108	3	127	0.64	hypothetical	protein
PROKKA_ERR479171_bin.19.faa_JCMLOFKO_00476	-	361	lst_final_auto	-	373	3.6e-29	98.3	4.9	1	1	4.2e-32	4.2e-29	98.1	4.9	45	314	1	327	1	358	0.73	hypothetical	protein
PROKKA_ERR479172_bin.8.faa_AEAAAAEP_00439	-	361	lst_final_auto	-	373	3.2e-33	112.7	7.1	1	1	2.4e-36	5.3e-33	112.0	7.1	47	332	3	341	1	360	0.73	hypothetical	protein
PROKKA_ERR479149_bin.32.faa_BPNBEFPH_01040	-	314	lst_final_auto	-	373	3e-12	43.2	0.0	1	1	2.4e-15	3.8e-12	42.9	0.0	51	331	3	303	1	313	0.72	hypothetical	protein
PROKKA_ERR479123_bin.16.faa_AHEAFOHO_00437	-	128	lst_final_auto	-	373	0.0017	13.5	0.0	1	1	2.3e-06	0.0018	13.4	0.0	8	101	10	108	3	127	0.64	hypothetical	protein
PROKKA_ERR479076_bin.39.faa_AKDNLALL_00402	-	324	lst_final_auto	-	373	5e-28	94.2	28.9	1	1	7.2e-31	5.5e-28	94.0	28.9	52	347	4	319	1	324	0.71	hypothetical	protein
PROKKA_ERR479225_bin.12.faa_BCCIKMPF_01245	-	138	lst_final_auto	-	373	2.1e-15	53.7	1.9	1	1	1.3e-18	2.2e-15	53.7	1.9	218	329	5	113	1	134	0.82	hypothetical	protein
PROKKA_ERR479022_bin.7.faa_AAGGGHFP_02677	-	329	lst_final_auto	-	373	7.3e-24	83.2	3.1	1	1	1.7e-27	9.2e-24	82.9	3.1	46	344	5	322	1	328	0.73	hypothetical	protein
PROKKA_ERR479241_bin.10.faa_EMLPHFBG_02524	-	91	lst_final_auto	-	373	1.5e-06	26.7	1.3	1	1	2e-10	1.5e-06	26.7	1.3	255	321	2	74	1	90	0.73	hypothetical	protein
PROKKA_ERR479216_bin.9.faa_EPKKNDGH_02272	-	128	lst_final_auto	-	373	0.0053	13.5	0.0	1	1	2.3e-06	0.0057	13.4	0.0	8	101	10	108	3	127	0.64	hypothetical	protein
PROKKA_ERR479224_bin.3.faa_GBCENECH_00496	-	128	lst_final_auto	-	373	0.0059	13.5	0.0	1	1	2.3e-06	0.0063	13.4	0.0	8	101	10	108	3	127	0.64	hypothetical	protein
PROKKA_ERR479212_bin.15.faa_LGBMLJPH_00793	-	361	lst_final_auto	-	373	3e-30	103.2	3.0	1	1	1.4e-33	3.5e-30	102.9	3.0	45	314	1	327	1	359	0.74	hypothetical	protein
